[
    {
        "type": "message",
        "user": "U4CC4KN1E",
        "text": "Ok, so I got some css implementing and messing around with it. Are you currently working on any of the menus in particular jasmine?",
        "ts": "1489918837.289514"
    },
    {
        "type": "message",
        "user": "U4DPU1SNB",
        "text": "I'm doing login page. Just finished actually about to push.",
        "ts": "1489918947.293181"
    },
    {
        "type": "message",
        "user": "U4DPU1SNB",
        "text": "Fin. Under branch css-login. I hope it looks ok on different resolutions. Looked good on my little laptop.",
        "ts": "1489919304.305570"
    },
    {
        "type": "message",
        "user": "U4DPU1SNB",
        "text": "I wanted to use bootstrap so that it'd be responsive but javafx has different css properties.",
        "ts": "1489919380.308312"
    },
    {
        "type": "message",
        "user": "U4CC4KN1E",
        "text": "looking nice",
        "ts": "1489922509.418666"
    },
    {
        "type": "message",
        "user": "U4CC4KN1E",
        "text": "found a small bug",
        "ts": "1489922514.418797"
    },
    {
        "type": "message",
        "user": "U4CC4KN1E",
        "text": "<https:\/\/gyazo.com\/057b4823c7f95a8118d7175f9e881329>",
        "attachments": [
            {
                "service_name": "Gyazo",
                "service_url": "https:\/\/gyazo.com",
                "fallback": "Gyazo Photo: ",
                "image_url": "https:\/\/bot.gyazo.com\/057b4823c7f95a8118d7175f9e881329.png",
                "image_width": 258,
                "image_height": 237,
                "from_url": "https:\/\/gyazo.com\/057b4823c7f95a8118d7175f9e881329",
                "image_bytes": 4517,
                "title_link": "https:\/\/gyazo.com\/057b4823c7f95a8118d7175f9e881329",
                "service_icon": "https:\/\/gyazo.com\/favicon.ico",
                "id": 1
            }
        ],
        "ts": "1489922515.418851"
    },
    {
        "type": "message",
        "user": "U4CC4KN1E",
        "text": "see if i can get it working",
        "ts": "1489922524.419136"
    },
    {
        "type": "message",
        "user": "U4A27FREU",
        "text": "That's from earlier super simple input validation I did earlier just follow the event handler for the button and you'll fine it feel free to remove the message we can replace it with something better it was only meant to serve as a placeholder anyway",
        "ts": "1489923746.462072"
    },
    {
        "type": "message",
        "user": "U4A27FREU",
        "text": "Find*",
        "ts": "1489923770.463046"
    },
    {
        "type": "message",
        "user": "U4CD3EY4R",
        "text": "Hey guys, just kinda concerned that I haven’t really a lot to do. I know that there isn’t a lot to do, but I’m feeling as though it appears I’m doing nothing, due to a seeming lack of contribution.\nPerhaps when we’ve completed the current sprint, we could arrange to show it to Homy even before Friday so that we could consider working on something else as well during the sprint? We already have wireframes for the post-login view, as well as user story + acceptance criteria.",
        "ts": "1489975734.353244"
    },
    {
        "type": "message",
        "user": "U4CD3EY4R",
        "text": "In the meantime, I can make some changes to entry validation error messages though and the like.",
        "ts": "1489975877.363392"
    },
    {
        "type": "message",
        "user": "U4CC4KN1E",
        "text": "I agree, seems like we're quite a it through our time for the assignment and we're waiting to start working on it.",
        "ts": "1489975926.366801"
    },
    {
        "type": "message",
        "user": "U4A27FREU",
        "text": "Add availability that will would be.\nyou can also run and document the tests for login",
        "ts": "1489975951.368831"
    },
    {
        "type": "message",
        "user": "U4CC4KN1E",
        "text": "I think if you'd like to do something, make sure all the stuff; user story, wireframe and test cases are prepared for presenting",
        "ts": "1489975972.370219"
    },
    {
        "type": "message",
        "user": "U4A27FREU",
        "text": "CSS changes in response to invalid input also needs to be done",
        "ts": "1489976003.372320"
    },
    {
        "type": "message",
        "user": "U4CC4KN1E",
        "text": "Also Let's email homy today, see if we can meet with him tomorrow",
        "ts": "1489976021.373552"
    },
    {
        "type": "message",
        "user": "U4A27FREU",
        "text": "If you want to you can put together whatever hasn't been done yet to be ready for the next sprint wireframes test cases etc",
        "ts": "1489976169.384266"
    },
    {
        "type": "message",
        "user": "U4A27FREU",
        "text": "Also if anyone runs the login tests they can write a bug report and fix the issues that come up",
        "ts": "1489976547.411571"
    },
    {
        "type": "message",
        "user": "U4CD3EY4R",
        "text": "Ok, cool. There’s an active pull request btw for the branch called HEAD into master which was\/is Jasmine’s test cases. I can just pull that branch in its current state and work from there?",
        "ts": "1489976552.411928"
    },
    {
        "type": "message",
        "user": "U4A27FREU",
        "text": "I put the unit tests in the master branch there are also 2 CSS based branches and I believe head is a commit or so behind ",
        "ts": "1489976686.421527"
    },
    {
        "type": "message",
        "user": "U4CD3EY4R",
        "text": "Alright I’ll take a look",
        "ts": "1489976749.426169"
    },
    {
        "type": "message",
        "user": "U4DPU1SNB",
        "text": "yeah ignore head. i didn't mean to name it that either sorry.",
        "ts": "1489977407.476437"
    },
    {
        "type": "message",
        "user": "U4CD3EY4R",
        "text": "Nah all good ill just delete the pull request",
        "ts": "1489977439.478832"
    },
    {
        "type": "message",
        "user": "U4DPU1SNB",
        "text": "i think week by week we'll take turns. don't worry too much.",
        "ts": "1489977442.479075"
    }
]