[
    {
        "type": "message",
        "user": "U4DPU1SNB",
        "text": "View booking times will show all future bookings for the next month?",
        "ts": "1491210746.038706"
    },
    {
        "type": "message",
        "user": "U4DPU1SNB",
        "text": "Or week?",
        "ts": "1491210757.040970"
    },
    {
        "type": "message",
        "user": "U4CC4KN1E",
        "text": "my impression was that it was a selection of buttons for days of the week that could be scrolled forward or backward",
        "ts": "1491210819.054912"
    },
    {
        "type": "message",
        "user": "U4DPU1SNB",
        "text": "what do you mean scrolled forward and backward?",
        "ts": "1491211158.132019"
    },
    {
        "type": "message",
        "user": "U4CC4KN1E",
        "text": "Trying to fix my internet rn so I can't draw it. But I think it was 7 buttons with a space underneath displaying the bookings for the day selected. And on either side of the 7 buttons was something to go forward or backwards a week at a time ",
        "ts": "1491211573.225540"
    },
    {
        "type": "message",
        "user": "U4DPU1SNB",
        "text": "I was thinking something more like what they have on Health Engine. Would that be too hard to do?",
        "ts": "1491211698.255240"
    },
    {
        "type": "message",
        "subtype": "file_share",
        "text": "<@U4DPU1SNB|jasmine> uploaded a file: <https:\/\/septsem12017.slack.com\/files\/jasmine\/F4U510YTG\/pasted_image_at_2017_04_03_07_28_pm.png|Pasted image at 2017-04-03, 7:28 PM>",
        "file": {
            "id": "F4U510YTG",
            "created": 1491211727,
            "timestamp": 1491211727,
            "name": "Pasted image at 2017_04_03 07_28 PM.png",
            "title": "Pasted image at 2017-04-03, 7:28 PM",
            "mimetype": "image\/png",
            "filetype": "png",
            "pretty_type": "PNG",
            "user": "U4DPU1SNB",
            "editable": false,
            "size": 33261,
            "mode": "hosted",
            "is_external": false,
            "external_type": "",
            "is_public": true,
            "public_url_shared": false,
            "display_as_bot": false,
            "username": "",
            "url_private": "https:\/\/files.slack.com\/files-pri\/T4AQZCLH2-F4U510YTG\/pasted_image_at_2017_04_03_07_28_pm.png?t=xoxe-146849428580-167340414807-167330330182-491fd98854",
            "url_private_download": "https:\/\/files.slack.com\/files-pri\/T4AQZCLH2-F4U510YTG\/download\/pasted_image_at_2017_04_03_07_28_pm.png?t=xoxe-146849428580-167340414807-167330330182-491fd98854",
            "thumb_64": "https:\/\/files.slack.com\/files-tmb\/T4AQZCLH2-F4U510YTG-a8c5cbb209\/pasted_image_at_2017_04_03_07_28_pm_64.png?t=xoxe-146849428580-167340414807-167330330182-491fd98854",
            "thumb_80": "https:\/\/files.slack.com\/files-tmb\/T4AQZCLH2-F4U510YTG-a8c5cbb209\/pasted_image_at_2017_04_03_07_28_pm_80.png?t=xoxe-146849428580-167340414807-167330330182-491fd98854",
            "thumb_360": "https:\/\/files.slack.com\/files-tmb\/T4AQZCLH2-F4U510YTG-a8c5cbb209\/pasted_image_at_2017_04_03_07_28_pm_360.png?t=xoxe-146849428580-167340414807-167330330182-491fd98854",
            "thumb_360_w": 360,
            "thumb_360_h": 327,
            "thumb_480": "https:\/\/files.slack.com\/files-tmb\/T4AQZCLH2-F4U510YTG-a8c5cbb209\/pasted_image_at_2017_04_03_07_28_pm_480.png?t=xoxe-146849428580-167340414807-167330330182-491fd98854",
            "thumb_480_w": 480,
            "thumb_480_h": 436,
            "thumb_160": "https:\/\/files.slack.com\/files-tmb\/T4AQZCLH2-F4U510YTG-a8c5cbb209\/pasted_image_at_2017_04_03_07_28_pm_160.png?t=xoxe-146849428580-167340414807-167330330182-491fd98854",
            "image_exif_rotation": 1,
            "original_w": 527,
            "original_h": 479,
            "permalink": "https:\/\/septsem12017.slack.com\/files\/jasmine\/F4U510YTG\/pasted_image_at_2017_04_03_07_28_pm.png",
            "permalink_public": "https:\/\/slack-files.com\/T4AQZCLH2-F4U510YTG-39338385b2",
            "channels": [
                "C4BDL1N5U"
            ],
            "groups": [],
            "ims": [],
            "comments_count": 0
        },
        "user": "U4DPU1SNB",
        "upload": true,
        "display_as_bot": false,
        "username": "jasmine",
        "bot_id": null,
        "ts": "1491211729.262395"
    },
    {
        "type": "message",
        "user": "U4DPU1SNB",
        "text": "so obviously that would keep going down past Wednesday and into future weeks.",
        "ts": "1491212061.338767"
    },
    {
        "type": "message",
        "user": "U4CC4KN1E",
        "text": "would those be buttons?",
        "ts": "1491212102.347834"
    },
    {
        "type": "message",
        "user": "U4DPU1SNB",
        "text": "yeah",
        "ts": "1491212107.349032"
    },
    {
        "type": "message",
        "user": "U4CC4KN1E",
        "text": "to like display the details of the boking",
        "ts": "1491212112.350113"
    },
    {
        "type": "message",
        "user": "U4DPU1SNB",
        "text": "or they can be links",
        "ts": "1491212114.350435"
    },
    {
        "type": "message",
        "user": "U4CC4KN1E",
        "text": "yeah should be fine",
        "ts": "1491212117.351395"
    },
    {
        "type": "message",
        "user": "U4DPU1SNB",
        "text": "yeah i guess they would select a time first, then select the type of booking. but that's in part b.",
        "ts": "1491212168.362444"
    }
]