[
    {
        "type": "message",
        "user": "U4DPU1SNB",
        "text": "Hey so I'm trying to add stylesheet to the login view file but not sure about relative path. This doesn't work: `scene.getStylesheets().add(\"\/septsem12017\/css\/styles.css\");`",
        "ts": "1489894368.553719"
    },
    {
        "type": "message",
        "user": "U4A27FREU",
        "text": "You won't have to have \"septsem12017\" in the path, I couldn't tell you the exact path just yet as I don't currently have access to a computer. Sheets are by convention stored in a folder in the views folder (you probably already know this just making sure I'm thinking the same thing) so theoretically if you are calling it in the view it should just be \"css\/styles.css\" (assuming a folder called css in the views folder and a CSS file called styles inside that) ",
        "ts": "1489894794.567056"
    },
    {
        "type": "message",
        "user": "U4DPU1SNB",
        "text": "Oh ok. Someone else made a css file outside of the view folder so I just assumed that's where you guys wanted it to be. I'll make a new one. The other one's blank anyway.",
        "ts": "1489894970.572530"
    },
    {
        "type": "message",
        "user": "U4A27FREU",
        "text": "I may very well be wrong just what I've seen people a lot smarter than myself do. ",
        "ts": "1489895047.574779"
    },
    {
        "type": "message",
        "user": "U4CD3EY4R",
        "text": "Yea sorry I wasn't so sure where to place it, so make changes to correct the project as needed. :slightly_smiling_face: It was because I imported into eclipse with the incorrect root folder by mistake. Just abide by the convention so that its easier.",
        "ts": "1489895110.576650"
    }
]