[
    {
        "user": "U4DPU1SNB",
        "text": "<@U4DPU1SNB|jasmine> has joined the channel",
        "type": "message",
        "subtype": "channel_join",
        "ts": "1488507214.217762"
    },
    {
        "user": "U4CC4KN1E",
        "text": "<@U4CC4KN1E|declan> has joined the channel",
        "type": "message",
        "subtype": "channel_join",
        "ts": "1488507242.218609"
    },
    {
        "type": "message",
        "user": "U4CC4KN1E",
        "text": "testing",
        "ts": "1488507298.220158"
    },
    {
        "user": "U4CD3EY4R",
        "text": "<@U4CD3EY4R|roblw> has joined the channel",
        "type": "message",
        "subtype": "channel_join",
        "ts": "1488508258.247792"
    },
    {
        "type": "message",
        "user": "U4CD3EY4R",
        "text": "Hey guys. On Trello, if you click on a card, theres a button in the comment box called 'Add card’. Just to answer that question we were having earlier.",
        "ts": "1488516214.453531"
    },
    {
        "type": "message",
        "user": "U4CC4KN1E",
        "text": "Ah awesome",
        "ts": "1488516513.459021"
    },
    {
        "type": "message",
        "user": "U4A27FREU",
        "text": "Thanks for looking into that. It will be extremely helpful to be able to do that.",
        "ts": "1488517018.468903"
    }
]