[
    {
        "type": "message",
        "user": "U4DPU1SNB",
        "text": "what's the business account login again?",
        "ts": "1490858168.561859"
    },
    {
        "type": "message",
        "user": "U4CC4KN1E",
        "text": "bus001, abc124",
        "ts": "1490858204.567841"
    },
    {
        "type": "message",
        "user": "U4A27FREU",
        "text": "Bus001 abc123",
        "ts": "1490858213.569324"
    },
    {
        "type": "message",
        "user": "U4A27FREU",
        "text": "No capital my bad",
        "ts": "1490858244.574589"
    },
    {
        "type": "message",
        "user": "U4A27FREU",
        "text": "It's in seed.java",
        "ts": "1490858265.577936"
    },
    {
        "type": "message",
        "user": "U4DPU1SNB",
        "text": "when i click login nothing happens. should that work?",
        "ts": "1490858273.579265"
    },
    {
        "type": "message",
        "user": "U4DPU1SNB",
        "text": "master branch is up to date",
        "ts": "1490858306.584806"
    },
    {
        "type": "message",
        "user": "U4CD3EY4R",
        "text": "Works for me. Does it give an error?",
        "ts": "1490858376.596489"
    },
    {
        "type": "message",
        "user": "U4CD3EY4R",
        "text": "Haha I can’t click the logout button, but i think that’s just because it stacked under other things.",
        "ts": "1490858590.633121"
    },
    {
        "type": "message",
        "user": "U4DPU1SNB",
        "text": "I get \"java.lang.NullPointerException\"",
        "ts": "1490859215.746262"
    },
    {
        "type": "message",
        "user": "U4A27FREU",
        "text": "I thought I fixed all those. Which menu is that from?",
        "ts": "1490859298.761563"
    },
    {
        "type": "message",
        "user": "U4DPU1SNB",
        "text": "I don't know i think something must be missing from when I set it up? When I clone the repo is there anything I have to do?",
        "ts": "1490859610.819301"
    },
    {
        "type": "message",
        "user": "U4DPU1SNB",
        "text": "Like in relation to the db or something? Cause there's a ton if errors",
        "ts": "1490859660.829127"
    },
    {
        "type": "message",
        "user": "U4A27FREU",
        "text": "Check the line below it in the stack trace it will direct you to the line that is throwing it",
        "ts": "1490859758.847467"
    },
    {
        "type": "message",
        "user": "U4DPU1SNB",
        "text": "There's like 50+ lines throwing it lol",
        "ts": "1490859820.858619"
    },
    {
        "type": "message",
        "subtype": "file_share",
        "text": "<@U4DPU1SNB|jasmine> uploaded a file: <https:\/\/septsem12017.slack.com\/files\/jasmine\/F4S0E8LS1\/pasted_image_at_2017_03_30_06_44_pm.png|Pasted image at 2017-03-30, 6:44 PM>",
        "file": {
            "id": "F4S0E8LS1",
            "created": 1490859846,
            "timestamp": 1490859846,
            "name": "Pasted image at 2017_03_30 06_44 PM.png",
            "title": "Pasted image at 2017-03-30, 6:44 PM",
            "mimetype": "image\/png",
            "filetype": "png",
            "pretty_type": "PNG",
            "user": "U4DPU1SNB",
            "editable": false,
            "size": 167393,
            "mode": "hosted",
            "is_external": false,
            "external_type": "",
            "is_public": true,
            "public_url_shared": false,
            "display_as_bot": false,
            "username": "",
            "url_private": "https:\/\/files.slack.com\/files-pri\/T4AQZCLH2-F4S0E8LS1\/pasted_image_at_2017_03_30_06_44_pm.png?t=xoxe-146849428580-167340414807-167330330182-491fd98854",
            "url_private_download": "https:\/\/files.slack.com\/files-pri\/T4AQZCLH2-F4S0E8LS1\/download\/pasted_image_at_2017_03_30_06_44_pm.png?t=xoxe-146849428580-167340414807-167330330182-491fd98854",
            "thumb_64": "https:\/\/files.slack.com\/files-tmb\/T4AQZCLH2-F4S0E8LS1-de5f75193c\/pasted_image_at_2017_03_30_06_44_pm_64.png?t=xoxe-146849428580-167340414807-167330330182-491fd98854",
            "thumb_80": "https:\/\/files.slack.com\/files-tmb\/T4AQZCLH2-F4S0E8LS1-de5f75193c\/pasted_image_at_2017_03_30_06_44_pm_80.png?t=xoxe-146849428580-167340414807-167330330182-491fd98854",
            "thumb_360": "https:\/\/files.slack.com\/files-tmb\/T4AQZCLH2-F4S0E8LS1-de5f75193c\/pasted_image_at_2017_03_30_06_44_pm_360.png?t=xoxe-146849428580-167340414807-167330330182-491fd98854",
            "thumb_360_w": 360,
            "thumb_360_h": 210,
            "thumb_480": "https:\/\/files.slack.com\/files-tmb\/T4AQZCLH2-F4S0E8LS1-de5f75193c\/pasted_image_at_2017_03_30_06_44_pm_480.png?t=xoxe-146849428580-167340414807-167330330182-491fd98854",
            "thumb_480_w": 480,
            "thumb_480_h": 279,
            "thumb_160": "https:\/\/files.slack.com\/files-tmb\/T4AQZCLH2-F4S0E8LS1-de5f75193c\/pasted_image_at_2017_03_30_06_44_pm_160.png?t=xoxe-146849428580-167340414807-167330330182-491fd98854",
            "thumb_720": "https:\/\/files.slack.com\/files-tmb\/T4AQZCLH2-F4S0E8LS1-de5f75193c\/pasted_image_at_2017_03_30_06_44_pm_720.png?t=xoxe-146849428580-167340414807-167330330182-491fd98854",
            "thumb_720_w": 720,
            "thumb_720_h": 419,
            "thumb_960": "https:\/\/files.slack.com\/files-tmb\/T4AQZCLH2-F4S0E8LS1-de5f75193c\/pasted_image_at_2017_03_30_06_44_pm_960.png?t=xoxe-146849428580-167340414807-167330330182-491fd98854",
            "thumb_960_w": 960,
            "thumb_960_h": 559,
            "thumb_1024": "https:\/\/files.slack.com\/files-tmb\/T4AQZCLH2-F4S0E8LS1-de5f75193c\/pasted_image_at_2017_03_30_06_44_pm_1024.png?t=xoxe-146849428580-167340414807-167330330182-491fd98854",
            "thumb_1024_w": 1024,
            "thumb_1024_h": 596,
            "image_exif_rotation": 1,
            "original_w": 1278,
            "original_h": 744,
            "permalink": "https:\/\/septsem12017.slack.com\/files\/jasmine\/F4S0E8LS1\/pasted_image_at_2017_03_30_06_44_pm.png",
            "permalink_public": "https:\/\/slack-files.com\/T4AQZCLH2-F4S0E8LS1-e25daa09d5",
            "channels": [
                "C4BDL1N5U"
            ],
            "groups": [],
            "ims": [],
            "comments_count": 0
        },
        "user": "U4DPU1SNB",
        "upload": true,
        "display_as_bot": false,
        "username": "jasmine",
        "bot_id": null,
        "ts": "1490859849.864063"
    },
    {
        "type": "message",
        "user": "U4DPU1SNB",
        "text": "That's the top half",
        "ts": "1490859928.879669"
    },
    {
        "type": "message",
        "user": "U4DPU1SNB",
        "text": "javafx should be working cause jfxrt.jar is there.",
        "ts": "1490860009.894549"
    },
    {
        "type": "message",
        "user": "U4A27FREU",
        "text": "its throwing from the first preparedStatement of the seed file but i cant replicate it",
        "ts": "1490860046.901655"
    },
    {
        "type": "message",
        "user": "U4DPU1SNB",
        "text": "like the file to seed the db?",
        "ts": "1490860158.923068"
    },
    {
        "type": "message",
        "user": "U4A27FREU",
        "text": "which screen where you in when it happened",
        "ts": "1490860159.923293"
    },
    {
        "type": "message",
        "user": "U4DPU1SNB",
        "text": "The nullpointerexception appeared when i first ran the program. Then \"Exception in thread \"JavaFX Application Thread\" java.lang.NullPointerException\" appeared when I tried to login.",
        "ts": "1490860268.945258"
    },
    {
        "type": "message",
        "user": "U4DPU1SNB",
        "text": "I think it must related to SQLite",
        "ts": "1490860370.965687"
    },
    {
        "type": "message",
        "user": "U4A27FREU",
        "text": "the seeding has stuffed up somewhere id guess the database file got put in the wrong place or isnt referenced correctly for the program to find",
        "ts": "1490860425.976537"
    },
    {
        "type": "message",
        "user": "U4A27FREU",
        "text": "wait is sqlite-jdbc-3.16.1.jar in the classpath?",
        "ts": "1490860521.996260"
    },
    {
        "type": "message",
        "user": "U4DPU1SNB",
        "text": "It's under Bookingsite\/src",
        "ts": "1490860556.003292"
    },
    {
        "type": "message",
        "user": "U4A27FREU",
        "text": "but is it in \"Referenced Libraries\"?",
        "ts": "1490860602.013018"
    },
    {
        "type": "message",
        "user": "U4DPU1SNB",
        "text": "Now it is. Haha. Fixed, thanks",
        "ts": "1490860752.043364"
    },
    {
        "type": "message",
        "user": "U4A27FREU",
        "text": "Awesome",
        "ts": "1490860772.047600"
    },
    {
        "type": "message",
        "user": "U4DPU1SNB",
        "text": "<@U4CC4KN1E> Were you doing main menu layout?",
        "ts": "1490867037.479026"
    },
    {
        "type": "message",
        "user": "U4CC4KN1E",
        "text": "Yep, it's pushed now to layout branch",
        "ts": "1490867068.486391"
    },
    {
        "type": "message",
        "user": "U4CC4KN1E",
        "text": "Not 100% to the wireframe but useable and pretty close",
        "ts": "1490867097.492896"
    },
    {
        "type": "message",
        "user": "U4DPU1SNB",
        "text": "Ok cool. Anything not going to be finished we should tell Homy about?",
        "ts": "1490867467.576560"
    },
    {
        "type": "message",
        "user": "U4CC4KN1E",
        "text": "I still plan on doing edit availability validation but not sure to what extent it will be done",
        "ts": "1490867531.590394"
    },
    {
        "type": "message",
        "user": "U4DPU1SNB",
        "text": "I can't add employee.",
        "ts": "1490867730.634276"
    },
    {
        "type": "message",
        "user": "U4CC4KN1E",
        "text": "Also I'm pretty sure I pushed the layout for edit availability",
        "ts": "1490867741.636752"
    },
    {
        "type": "message",
        "user": "U4CC4KN1E",
        "text": "Really? it worked for me",
        "ts": "1490867752.639082"
    },
    {
        "type": "message",
        "user": "U4CC4KN1E",
        "text": "As in like filling It all and trying to see it in edit availability?",
        "ts": "1490867782.646207"
    },
    {
        "type": "message",
        "user": "U4DPU1SNB",
        "text": "yeah not why why. i didn't touch the \"add\" button. i just styled it a little.",
        "ts": "1490867783.646290"
    },
    {
        "type": "message",
        "user": "U4DPU1SNB",
        "text": "No like i can't click add. Nothing happens.",
        "ts": "1490867806.651647"
    },
    {
        "type": "message",
        "user": "U4CC4KN1E",
        "text": "Oh, I've had that happen with some of the button when styling.",
        "ts": "1490867835.658195"
    },
    {
        "type": "message",
        "user": "U4CC4KN1E",
        "text": "On the main menu it took a little while before logout was actually clickable",
        "ts": "1490867852.662345"
    },
    {
        "type": "message",
        "user": "U4DPU1SNB",
        "text": "Why?",
        "ts": "1490867868.665780"
    },
    {
        "type": "message",
        "user": "U4DPU1SNB",
        "text": "I have to wait?",
        "ts": "1490867878.668426"
    },
    {
        "type": "message",
        "user": "U4CC4KN1E",
        "text": "No I mean like trying different yhings",
        "ts": "1490867914.676640"
    },
    {
        "type": "message",
        "user": "U4CC4KN1E",
        "text": "I think the most important thing I've been doing is sorting all elements into either vbox's or hbox's and then add then to the stage as a singe item",
        "ts": "1490867958.686705"
    },
    {
        "type": "message",
        "user": "U4DPU1SNB",
        "text": "I did that. I can push the branch and maybe you can look at it.",
        "ts": "1490868044.707348"
    },
    {
        "type": "message",
        "user": "U4CC4KN1E",
        "text": "just finished cooking, but yeah i can look in a little bit",
        "ts": "1490868143.730365"
    },
    {
        "type": "message",
        "user": "U4DPU1SNB",
        "text": "Ok. No rush. <https:\/\/github.com\/s3529120\/septsem12017\/blob\/layout-add-employee\/Booking%20Site\/src\/View\/AddEmployeeView.java>",
        "attachments": [
            {
                "service_name": "GitHub",
                "title": "s3529120\/septsem12017",
                "title_link": "https:\/\/github.com\/s3529120\/septsem12017\/blob\/layout-add-employee\/Booking%20Site\/src\/View\/AddEmployeeView.java",
                "text": "Contribute to septsem12017 development by creating an account on GitHub.",
                "fallback": "GitHub: s3529120\/septsem12017",
                "from_url": "https:\/\/github.com\/s3529120\/septsem12017\/blob\/layout-add-employee\/Booking%20Site\/src\/View\/AddEmployeeView.java",
                "thumb_url": "https:\/\/avatars3.githubusercontent.com\/u\/13671972?v=3&s=400",
                "thumb_width": 250,
                "thumb_height": 250,
                "service_icon": "https:\/\/a.slack-edge.com\/bfaba\/img\/unfurl_icons\/github.png",
                "id": 1
            }
        ],
        "ts": "1490868189.740870"
    },
    {
        "type": "message",
        "user": "U4DPU1SNB",
        "text": "I don't think it's me actually. It's not working in master branch either.",
        "ts": "1490869380.989118"
    },
    {
        "type": "message",
        "user": "U4DPU1SNB",
        "text": "I pulled to double check I was up to date. Doesn't work. Or I'm adding but nothing's happening. Idk",
        "ts": "1490869434.999962"
    },
    {
        "type": "message",
        "user": "U4CC4KN1E",
        "text": "i just tested with the file you linked",
        "ts": "1490869622.037051"
    },
    {
        "type": "message",
        "user": "U4CC4KN1E",
        "text": "it works but doesn't display any promts or change the fields",
        "ts": "1490869644.041430"
    },
    {
        "type": "message",
        "user": "U4CC4KN1E",
        "text": "but if you then close it and go to edit availabilities",
        "ts": "1490869654.043437"
    },
    {
        "type": "message",
        "user": "U4CC4KN1E",
        "text": "you should be able to see it on the list",
        "ts": "1490869661.044831"
    },
    {
        "type": "message",
        "user": "U4CC4KN1E",
        "text": "is it doing that at least?",
        "ts": "1490869669.046315"
    },
    {
        "type": "message",
        "user": "U4DPU1SNB",
        "text": "ok. homy will probably want something showing it was added tho.",
        "ts": "1490869722.056836"
    },
    {
        "type": "message",
        "user": "U4CC4KN1E",
        "text": "fo sure, thats what entails in doing validation i guess",
        "ts": "1490869750.062157"
    },
    {
        "type": "message",
        "user": "U4CC4KN1E",
        "text": "large part of doing registration and login was making sure the prompts were right",
        "ts": "1490869767.065623"
    },
    {
        "type": "message",
        "user": "U4CC4KN1E",
        "text": "I'm doing the same kinda thing for edit availabilities now",
        "ts": "1490869785.068844"
    },
    {
        "type": "message",
        "user": "U4DPU1SNB",
        "text": "Ha I just realised it's my job to style input validation too",
        "ts": "1490870188.149532"
    },
    {
        "type": "message",
        "user": "U4A27FREU",
        "text": "At the moment I put in a thing that is supposed to change text field upon adding employee but it doesn't work as intended if that was replaced with the same thing that does the error message from the other functions that would be good can't remember who did that one though",
        "ts": "1490870194.150508"
    },
    {
        "type": "message",
        "user": "U4DPU1SNB",
        "text": "which function has this? i can just copy and paste then modify?",
        "ts": "1490870244.160245"
    },
    {
        "type": "message",
        "user": "U4CC4KN1E",
        "text": "the useRregistrationController has a function that adds prompts to the page based on what went wrong if thats what you mean",
        "ts": "1490870301.171222"
    },
    {
        "type": "message",
        "user": "U4A27FREU",
        "text": "That is what I meant I think the same thing should work for a confirmation ",
        "ts": "1490870384.187145"
    },
    {
        "type": "message",
        "user": "U4DPU1SNB",
        "text": "When I click \"Make a booking\" button in customer menu, it takes me to \"add employee\"",
        "ts": "1490871964.490737"
    },
    {
        "type": "message",
        "user": "U4A27FREU",
        "text": "Oops I copy pasted it over and forgot to take it out",
        "ts": "1490873360.745859"
    },
    {
        "type": "message",
        "user": "U4CC4KN1E",
        "text": "alright, validation on edit availabilities is done",
        "ts": "1490874443.944784"
    },
    {
        "type": "message",
        "user": "U4CC4KN1E",
        "text": "that branch i made is ready to be pulled into master",
        "ts": "1490874454.946870"
    },
    {
        "type": "message",
        "user": "U4CD3EY4R",
        "text": "Just having an issue with unit tests for addemployee, specifically the following,",
        "ts": "1490876134.293641"
    },
    {
        "type": "message",
        "subtype": "file_share",
        "text": "<@U4CD3EY4R|roblw> uploaded a file: <https:\/\/septsem12017.slack.com\/files\/roblw\/F4S3JD0F7\/testaddemployee__.java|testAddEmployee()>",
        "file": {
            "id": "F4S3JD0F7",
            "created": 1490876182,
            "timestamp": 1490876182,
            "name": "testAddEmployee__.java",
            "title": "testAddEmployee()",
            "mimetype": "text\/plain",
            "filetype": "java",
            "pretty_type": "Java",
            "user": "U4CD3EY4R",
            "editable": true,
            "size": 554,
            "mode": "snippet",
            "is_external": false,
            "external_type": "",
            "is_public": true,
            "public_url_shared": false,
            "display_as_bot": false,
            "username": "",
            "url_private": "https:\/\/files.slack.com\/files-pri\/T4AQZCLH2-F4S3JD0F7\/testaddemployee__.java?t=xoxe-146849428580-167340414807-167330330182-491fd98854",
            "url_private_download": "https:\/\/files.slack.com\/files-pri\/T4AQZCLH2-F4S3JD0F7\/download\/testaddemployee__.java?t=xoxe-146849428580-167340414807-167330330182-491fd98854",
            "permalink": "https:\/\/septsem12017.slack.com\/files\/roblw\/F4S3JD0F7\/testaddemployee__.java",
            "permalink_public": "https:\/\/slack-files.com\/T4AQZCLH2-F4S3JD0F7-49da5833b1",
            "edit_link": "https:\/\/septsem12017.slack.com\/files\/roblw\/F4S3JD0F7\/testaddemployee__.java\/edit",
            "preview": "\t@Test\r\n\tpublic void testAddEmp(){\r\n\t\tDatabaseModel dbmod = new DatabaseModel();\r\n\t\tDatabaseController dbcont = new DatabaseController(dbmod);\r\n\t\tString sql,name=\"\",num=\"\",email=\"\",add=\"\",city=\"\",state=\"\",postc=\"\";\r",
            "preview_highlight": "<div class=\"CodeMirror cm-s-default CodeMirrorServer\" oncopy=\"if(event.clipboardData){event.clipboardData.setData('text\/plain',window.getSelection().toString().replace(\/\\u200b\/g,''));event.preventDefault();event.stopPropagation();}\">\n<div class=\"CodeMirror-code\">\n<div><pre>\t<span class=\"cm-meta\">@Test<\/span><\/pre><\/div>\n<div><pre>\t<span class=\"cm-keyword\">public<\/span> <span class=\"cm-variable-3\">void<\/span> <span class=\"cm-def\">testAddEmp<\/span>(){<\/pre><\/div>\n<div><pre>\t\t<span class=\"cm-variable\">DatabaseModel<\/span> <span class=\"cm-variable\">dbmod<\/span> <span class=\"cm-operator\">=<\/span> <span class=\"cm-keyword\">new<\/span> <span class=\"cm-variable\">DatabaseModel<\/span>();<\/pre><\/div>\n<div><pre>\t\t<span class=\"cm-variable\">DatabaseController<\/span> <span class=\"cm-variable\">dbcont<\/span> <span class=\"cm-operator\">=<\/span> <span class=\"cm-keyword\">new<\/span> <span class=\"cm-variable\">DatabaseController<\/span>(<span class=\"cm-variable\">dbmod<\/span>);<\/pre><\/div>\n<div><pre>\t\t<span class=\"cm-variable-3\">String<\/span> <span class=\"cm-variable\">sql<\/span>,<span class=\"cm-variable\">name<\/span><span class=\"cm-operator\">=<\/span><span class=\"cm-string\">&quot;&quot;<\/span>,<span class=\"cm-variable\">num<\/span><span class=\"cm-operator\">=<\/span><span class=\"cm-string\">&quot;&quot;<\/span>,<span class=\"cm-variable\">email<\/span><span class=\"cm-operator\">=<\/span><span class=\"cm-string\">&quot;&quot;<\/span>,<span class=\"cm-variable\">add<\/span><span class=\"cm-operator\">=<\/span><span class=\"cm-string\">&quot;&quot;<\/span>,<span class=\"cm-variable\">city<\/span><span class=\"cm-operator\">=<\/span><span class=\"cm-string\">&quot;&quot;<\/span>,<span class=\"cm-variable\">state<\/span><span class=\"cm-operator\">=<\/span><span class=\"cm-string\">&quot;&quot;<\/span>,<span class=\"cm-variable\">postc<\/span><span class=\"cm-operator\">=<\/span><span class=\"cm-string\">&quot;&quot;<\/span>;<\/pre><\/div>\n<\/div>\n<\/div>\n",
            "lines": 15,
            "lines_more": 10,
            "preview_is_truncated": false,
            "channels": [
                "C4BDL1N5U"
            ],
            "groups": [],
            "ims": [],
            "comments_count": 0
        },
        "user": "U4CD3EY4R",
        "upload": true,
        "display_as_bot": false,
        "username": "roblw",
        "bot_id": null,
        "ts": "1490876183.303881"
    },
    {
        "type": "message",
        "user": "U4CD3EY4R",
        "text": "Seemingly, it throws an sql exception at the line where I call ```dbcont.prepareStatement(sql);\n\t\t\tres = dbcont.runSQLRes();```",
        "ts": "1490876225.312367"
    },
    {
        "type": "message",
        "user": "U4CD3EY4R",
        "text": "Whomever created the branches Layout and Layout-Add-Employee, can you just make sure that you’ve set git to track the local branches to the remote? I can’t seem to fetch\/pull them.",
        "ts": "1490876870.453212"
    },
    {
        "type": "message",
        "user": "U4DPU1SNB",
        "text": "I made layout-add-employee. I am tracking the remote repo. I recently merged that branch into master and pushed it to the repo.",
        "ts": "1490879969.278560"
    },
    {
        "type": "message",
        "user": "U4DPU1SNB",
        "text": "Added input validation and confirmation message. I wanted to also refresh the form so that the fields are empty upon successful submission but when I did cont.updateView() the confirmation message wouldn't show. Anyway hopefully that's good enough for now.",
        "ts": "1490880896.578516"
    },
    {
        "type": "message",
        "user": "U4CD3EY4R",
        "text": "Hmm for some reason i can’t fetch it. Weird.",
        "ts": "1490883043.350697"
    },
    {
        "type": "message",
        "user": "U4A27FREU",
        "text": "<@U4CD3EY4R> I'd guess the exception you mentioned is throw because you need to  open a database connection before attempting to prepare or run statements",
        "ts": "1490907756.183298"
    },
    {
        "type": "message",
        "user": "U4A27FREU",
        "text": "Which branches need to be merged before the tut? Also is there anything that we had to deliver that is still incomplete?",
        "ts": "1490912027.276690"
    }
]