[
    {
        "type": "message",
        "user": "U4CD3EY4R",
        "text": "Should be able to just seed one or two",
        "ts": "1491463644.207387"
    },
    {
        "type": "message",
        "user": "U4A27FREU",
        "text": "You'll need to add the employee before their respective availability ",
        "ts": "1491463651.208557"
    },
    {
        "type": "message",
        "user": "U4DPU1SNB",
        "text": "yeah working on it now",
        "ts": "1491463671.212096"
    },
    {
        "type": "message",
        "user": "U4CD3EY4R",
        "text": "I’m actually having a bit of confusion with the unit test for ViewRoster. Should i just be asserting that the object for an employee exists for a given availability?",
        "ts": "1491463719.220512"
    },
    {
        "type": "message",
        "user": "U4DPU1SNB",
        "text": "yea and what's the command to seed the db? i do it in console right?",
        "ts": "1491463823.239757"
    },
    {
        "type": "message",
        "user": "U4A27FREU",
        "text": "<@U4CD3EY4R> employee in database yes checking for a java object no",
        "ts": "1491463922.258790"
    },
    {
        "type": "message",
        "user": "U4A27FREU",
        "text": "<@U4DPU1SNB> it is called automatically on startup from the file seed.java",
        "ts": "1491463952.264369"
    },
    {
        "type": "message",
        "user": "U4CD3EY4R",
        "text": "by object i meant ```assertThat(Employee_in_db(has some avail), is(some avail I'm checking against))```",
        "ts": "1491463984.270512"
    },
    {
        "type": "message",
        "user": "U4A27FREU",
        "text": "sorry my bad yeah that is a good way to go about it",
        "ts": "1491464052.283291"
    },
    {
        "type": "message",
        "user": "U4DPU1SNB",
        "text": "it worked!!! :smile:",
        "ts": "1491464075.287827"
    },
    {
        "type": "message",
        "user": "U4A27FREU",
        "text": ":+1:",
        "ts": "1491464091.290697"
    },
    {
        "type": "message",
        "user": "U4CC4KN1E",
        "text": "Sorry guys, something came up but I'm starting now",
        "ts": "1491464516.369704"
    },
    {
        "type": "message",
        "user": "U4CC4KN1E",
        "text": "Which branch is the new edit roster in?",
        "ts": "1491464535.372981"
    },
    {
        "type": "message",
        "user": "U4CD3EY4R",
        "text": "should be master if im reading the git log correctly",
        "ts": "1491464891.441044"
    },
    {
        "type": "message",
        "user": "U4DPU1SNB",
        "text": "With availability, day would be like day of the week right? E.g. monday",
        "ts": "1491464992.460519"
    },
    {
        "type": "message",
        "user": "U4CD3EY4R",
        "text": "if you look at the availibilities controller you should be able see how Thom has done it",
        "ts": "1491465093.480475"
    },
    {
        "type": "message",
        "user": "U4CC4KN1E",
        "text": "So I'm still trying to install Javafx. Im getting an error in the installation saying \"no repository found for ...\" For every item on a massive list.",
        "ts": "1491465942.657696"
    },
    {
        "type": "message",
        "user": "U4CC4KN1E",
        "text": "Anyone know anything specific I can try, so far I've tried a couple of workarounds",
        "ts": "1491465968.663007"
    },
    {
        "type": "message",
        "user": "U4CC4KN1E",
        "text": "so far ive tried un-checking \"contact all update sites during install to find required software\"",
        "ts": "1491466039.678335"
    },
    {
        "type": "message",
        "user": "U4CC4KN1E",
        "text": "as well as refreshing all my update sites in the preferences",
        "ts": "1491466052.680821"
    },
    {
        "type": "message",
        "user": "U4DPU1SNB",
        "text": "you mean scene builder? i thought you already had javafx?",
        "ts": "1491466085.687769"
    },
    {
        "type": "message",
        "user": "U4CC4KN1E",
        "text": "javafx works, its just not installed and i needed it installed to designate scene builder as the tool to use in preferences",
        "ts": "1491466131.697246"
    },
    {
        "type": "message",
        "user": "U4DPU1SNB",
        "text": "not sure if this is what you need but when i installed javafx i followed along with this tutorial. <https:\/\/www.youtube.com\/watch?v=ejx3VxuIc8w>",
        "attachments": [
            {
                "service_name": "YouTube",
                "service_url": "https:\/\/www.youtube.com\/",
                "title": "JavaFx Tutorial For Beginners 2 - Download and install JavaFX for Eclipse",
                "title_link": "https:\/\/www.youtube.com\/watch?v=ejx3VxuIc8w",
                "author_name": "ProgrammingKnowledge",
                "author_link": "https:\/\/www.youtube.com\/user\/ProgrammingKnowledge",
                "thumb_url": "https:\/\/i.ytimg.com\/vi\/ejx3VxuIc8w\/hqdefault.jpg",
                "thumb_width": 480,
                "thumb_height": 360,
                "fallback": "YouTube Video: JavaFx Tutorial For Beginners 2 - Download and install JavaFX for Eclipse",
                "video_html": "<iframe width=\"400\" height=\"225\" src=\"https:\/\/www.youtube.com\/embed\/ejx3VxuIc8w?feature=oembed&autoplay=1&iv_load_policy=3\" frameborder=\"0\" allowfullscreen><\/iframe>",
                "video_html_width": 400,
                "video_html_height": 225,
                "from_url": "https:\/\/www.youtube.com\/watch?v=ejx3VxuIc8w",
                "service_icon": "https:\/\/a.slack-edge.com\/2089\/img\/unfurl_icons\/youtube.png",
                "id": 1
            }
        ],
        "ts": "1491466177.706540"
    },
    {
        "type": "message",
        "user": "U4CC4KN1E",
        "text": "ill give it a try",
        "ts": "1491466195.710056"
    },
    {
        "type": "message",
        "user": "U4CC4KN1E",
        "text": "maybe the one im loooking at in outdated",
        "ts": "1491466202.711495"
    },
    {
        "type": "message",
        "user": "U4A27FREU",
        "text": "the oracle site should have a link if you cant find it",
        "ts": "1491466294.731477"
    },
    {
        "type": "message",
        "user": "U4CC4KN1E",
        "text": "super weird it looks like the installation link from that video is installing fine",
        "ts": "1491466316.735959"
    },
    {
        "type": "message",
        "user": "U4CC4KN1E",
        "text": "<http:\/\/download.eclipse.org\/efxclipse\/updates-released\/1.2.0\/site\/>",
        "ts": "1491466318.736419"
    },
    {
        "type": "message",
        "user": "U4CC4KN1E",
        "text": "that one",
        "ts": "1491466320.736841"
    },
    {
        "type": "message",
        "user": "U4CC4KN1E",
        "text": "but this",
        "ts": "1491466322.737250"
    },
    {
        "type": "message",
        "user": "U4CC4KN1E",
        "text": "<http:\/\/download.eclipse.org\/efxclipse\/updates-released\/2.4.0\/site\/>",
        "edited": {
            "user": "U4CC4KN1E",
            "ts": "1491466346.000000"
        },
        "ts": "1491466328.738495"
    },
    {
        "type": "message",
        "user": "U4CC4KN1E",
        "text": "wasnt",
        "ts": "1491466331.739134"
    },
    {
        "type": "message",
        "user": "U4CC4KN1E",
        "text": "nope im wrong, got part way through but then got the same error",
        "ts": "1491466371.747542"
    },
    {
        "type": "message",
        "user": "U4A27FREU",
        "text": "your version of eclipse the most recent?",
        "ts": "1491466679.813299"
    },
    {
        "type": "message",
        "user": "U4CC4KN1E",
        "text": "mines saying 4.6.2",
        "ts": "1491466837.847260"
    },
    {
        "type": "message",
        "user": "U4CD3EY4R",
        "text": "Keep that on. If one site\/server is down that setting tell it to check others. In eclipse go “Help &gt; Install New Software &gt; Site to work with: e(fx)clipse - <http:\/\/download.eclipse.org\/efxclipse\/updates-released\/2.4.0\/site>“. 4.6.2 of eclipse Neon?",
        "ts": "1491466903.861515"
    },
    {
        "type": "message",
        "user": "U4CC4KN1E",
        "text": "yep, eclipse neon",
        "ts": "1491466986.879044"
    },
    {
        "type": "message",
        "user": "U4CD3EY4R",
        "text": "And what’s the error?",
        "ts": "1491467037.890089"
    },
    {
        "type": "message",
        "user": "U4CC4KN1E",
        "text": "it says",
        "ts": "1491467131.910279"
    },
    {
        "type": "message",
        "user": "U4CC4KN1E",
        "text": "'InstallingSoftware' has encountered a problem.\nAn error occured while collecting items to be installed",
        "ts": "1491467167.918027"
    },
    {
        "type": "message",
        "user": "U4CC4KN1E",
        "text": "with a more details button",
        "ts": "1491467172.919008"
    },
    {
        "type": "message",
        "user": "U4CC4KN1E",
        "text": "showing this",
        "ts": "1491467174.919596"
    },
    {
        "type": "message",
        "user": "U4CC4KN1E",
        "text": "<https:\/\/pastebin.com\/K1L8sY75>",
        "attachments": [
            {
                "service_name": "Pastebin",
                "title": "Eclipse installing javaFx error - Pastebin.com",
                "title_link": "https:\/\/pastebin.com\/K1L8sY75",
                "fallback": "Pastebin: Eclipse installing javaFx error - Pastebin.com",
                "image_url": "https:\/\/pastebin.com\/i\/facebook.png",
                "from_url": "https:\/\/pastebin.com\/K1L8sY75",
                "image_width": 250,
                "image_height": 250,
                "image_bytes": 19206,
                "service_icon": "https:\/\/pastebin.com\/favicon.ico",
                "id": 1
            }
        ],
        "ts": "1491467175.919705"
    },
    {
        "type": "message",
        "user": "U4CC4KN1E",
        "text": "ive installed a new eclipse neon",
        "ts": "1491467434.978333"
    },
    {
        "type": "message",
        "user": "U4CC4KN1E",
        "text": "and its looking likes its working so far",
        "ts": "1491467444.980708"
    },
    {
        "type": "message",
        "user": "U4DPU1SNB",
        "text": "Do we have a customer account?",
        "ts": "1491467520.998439"
    },
    {
        "type": "message",
        "user": "U4DPU1SNB",
        "text": "I thought we did customer menu I assumed we did? I guess I'll make one and add it to seed file?",
        "ts": "1491467574.010604"
    },
    {
        "type": "message",
        "user": "U4A27FREU",
        "text": "Just use register if you want or you can seed",
        "ts": "1491467615.020254"
    },
    {
        "type": "message",
        "user": "U4DPU1SNB",
        "text": "I can't register. :confused:",
        "ts": "1491467931.091445"
    },
    {
        "type": "message",
        "user": "U4A27FREU",
        "text": "What went wrong?",
        "ts": "1491467956.096775"
    },
    {
        "type": "message",
        "user": "U4DPU1SNB",
        "text": "I click register and nothing happens.",
        "ts": "1491467983.103175"
    },
    {
        "type": "message",
        "user": "U4DPU1SNB",
        "text": "Ah i just noticed im getting a sql exception. Probably just on my end.",
        "ts": "1491468022.112092"
    },
    {
        "type": "message",
        "user": "U4A27FREU",
        "text": "What's throwing it? I made a few changes to a lot of the tables I might have missed something",
        "ts": "1491468063.121810"
    },
    {
        "type": "message",
        "user": "U4DPU1SNB",
        "text": "`org.sqlite.SQLiteException: [SQLITE_ERROR] SQL error or missing database (5 values for 4 columns)`",
        "ts": "1491468326.182244"
    },
    {
        "type": "message",
        "user": "U4CD3EY4R",
        "text": "What line is throwing it?",
        "ts": "1491468356.189119"
    },
    {
        "type": "message",
        "user": "U4DPU1SNB",
        "text": "I'm guessing I did something wrong when I tried to seed. One sec I'll post the code",
        "ts": "1491468384.195507"
    },
    {
        "type": "message",
        "user": "U4DPU1SNB",
        "text": "`\/\/ Employee 1 Availability 1\n\t\t\tsql = \"INSERT INTO Availability(Day, StartTime, FinishTime, Email) \" + \"VALUES(?,?,?,?,?)\";\n\t\t\tdataCont.runSQLUpdate();\n\t\t\tdataCont.prepareStatement(sql);\n\t\t\tdataCont.getState().setString(1, \"MONDAY\");\n\t\t\tdataCont.getState().setString(2, \"10:00\");\n\t\t\tdataCont.getState().setString(3, \"18:00\");\n\t\t\tdataCont.getState().setString(4, \"<mailto:johndoe@example.com|johndoe@example.com>\");\n\t\t\tdataCont.runSQLUpdate();`",
        "ts": "1491468426.204958"
    },
    {
        "type": "message",
        "user": "U4A27FREU",
        "text": "One too many ?'s",
        "ts": "1491468452.211094"
    },
    {
        "type": "message",
        "user": "U4DPU1SNB",
        "text": "LOL",
        "ts": "1491468465.213786"
    },
    {
        "type": "message",
        "user": "U4A27FREU",
        "text": "I've done it about 20-30 times",
        "ts": "1491468653.257068"
    },
    {
        "type": "message",
        "user": "U4DPU1SNB",
        "text": "haha yea. at least it wasn't a semicolon",
        "ts": "1491468686.264535"
    },
    {
        "type": "message",
        "user": "U4DPU1SNB",
        "text": "does registration work for everyone else? i got rid of the errors and it still doesn't work for me.",
        "ts": "1491468945.323437"
    },
    {
        "type": "message",
        "user": "U4A27FREU",
        "text": "Haven't check it for a while but it used to",
        "ts": "1491469009.338856"
    },
    {
        "type": "message",
        "user": "U4DPU1SNB",
        "text": "so it's not working for you either?",
        "ts": "1491469060.350808"
    },
    {
        "type": "message",
        "user": "U4CD3EY4R",
        "text": "There seems to be no BokoingController",
        "ts": "1491469140.369412"
    },
    {
        "type": "message",
        "user": "U4DPU1SNB",
        "text": "i have booking controller, like the file",
        "ts": "1491469175.377892"
    },
    {
        "type": "message",
        "user": "U4A27FREU",
        "text": "Definitely exists added heaps to it yesterday ",
        "ts": "1491469291.409092"
    },
    {
        "type": "message",
        "user": "U4DPU1SNB",
        "text": "Well can't register, and can't seed db with customer account. Not sure why. No errors are being thrown.",
        "ts": "1491469539.468396"
    },
    {
        "type": "message",
        "user": "U4DPU1SNB",
        "text": "Guys is registration just a problem on my end? Need to know..",
        "ts": "1491471825.984204"
    },
    {
        "type": "message",
        "user": "U4A27FREU",
        "text": "checking now",
        "ts": "1491471881.996682"
    },
    {
        "type": "message",
        "user": "U4A27FREU",
        "text": "works fine for me",
        "ts": "1491471952.012645"
    },
    {
        "type": "message",
        "user": "U4DPU1SNB",
        "text": "ok that's very weird. i'm up to date with the remote master",
        "ts": "1491473557.363269"
    },
    {
        "type": "message",
        "user": "U4A27FREU",
        "text": "What happens when you try and register?",
        "ts": "1491473617.375531"
    },
    {
        "type": "message",
        "user": "U4DPU1SNB",
        "text": "The button doesn't do anything. There also isn't an input validation.",
        "ts": "1491473688.389820"
    },
    {
        "type": "message",
        "user": "U4A27FREU",
        "text": "That's weird try recloning from master maybe?",
        "ts": "1491473885.428502"
    },
    {
        "type": "message",
        "user": "U4CD3EY4R",
        "text": "Im having an issue with pull as well. Doesnt seem to get BookingController",
        "ts": "1491476789.980373"
    },
    {
        "type": "message",
        "user": "U4DPU1SNB",
        "text": "view bookings is going to be a pop up. mostly cause idk how to do it the other way lol.",
        "ts": "1491476920.003613"
    },
    {
        "type": "message",
        "user": "U4CC4KN1E",
        "text": "Was there a trick to getting it displayed? Mines giving me a \"location is not set\" error",
        "ts": "1491477004.018282"
    },
    {
        "type": "message",
        "user": "U4A27FREU",
        "text": "<@U4CD3EY4R> just download it as a zip and drop it in maybe?",
        "ts": "1491477030.023277"
    },
    {
        "type": "message",
        "user": "U4A27FREU",
        "text": "<@U4DPU1SNB> that's perfectly fine only difference for changing instead of a new one is you pass it the old stage rather than creating a new one",
        "ts": "1491477087.033610"
    },
    {
        "type": "message",
        "user": "U4CD3EY4R",
        "text": "Yea",
        "ts": "1491479600.498639"
    },
    {
        "type": "message",
        "user": "U4CC4KN1E",
        "text": "<@U4DPU1SNB> are you using the launch() function to display the scene builder page, i cant get mine to show up",
        "ts": "1491480219.625016"
    },
    {
        "type": "message",
        "user": "U4DPU1SNB",
        "text": "no? in update view I use FXMLLoader",
        "ts": "1491480318.644407"
    },
    {
        "type": "message",
        "user": "U4CC4KN1E",
        "text": "this is what i have rn",
        "ts": "1491480558.693328"
    },
    {
        "type": "message",
        "user": "U4CC4KN1E",
        "text": "try {\n            FXMLLoader loader = new FXMLLoader();\n            loader.setLocation(getClass().getResource(\"EditRosterLayout.fxml\"));\n            BorderPane rootLayout = new BorderPane();\n            rootLayout = (BorderPane) loader.load();\n\n            \/\/ Show the scene containing the root layout.\n            Scene scene = new Scene(rootLayout);\n            stage.setScene(scene);\n            stage.show();\n    \t} catch (IOException e) {\n            e.printStackTrace();\n        }",
        "ts": "1491480560.693599"
    },
    {
        "type": "message",
        "user": "U4CC4KN1E",
        "text": "oh i think i got it, something wrong with the elements im trying to use",
        "ts": "1491480668.716220"
    },
    {
        "type": "message",
        "user": "U4DPU1SNB",
        "text": "Did you fix it?",
        "ts": "1491481327.856497"
    },
    {
        "type": "message",
        "user": "U4DPU1SNB",
        "text": "`public class BookingsView {\n\t\n\tprivate BookingController cont;\n\tpublic Stage stage;\n\tprivate Parent bookingsLayout;\n\t\n\t@FXML\n    private Button backbtn;\n\n    @FXML\n    private Text header;\n\t\n\tpublic BookingsView(Stage stage) throws IOException{\n\t\tthis.stage=stage;\n\t\tthis.stage.setTitle(\"View Bookings\");\n\t\tupdateView();\n\t}\n\t\n\tpublic Boolean setController(BookingController controller){\n\t\tthis.cont=controller;\n\t\treturn true;\n\t}\n\t\n\tpublic void updateView() throws IOException {\n\n\t    \n\t\tFXMLLoader loader = new FXMLLoader();\n\t\tloader.setLocation(BookingsView.class.getResource(\"BookingView.fxml\"));\n\t\tbookingsLayout = loader.load();\n\t\tScene scene = new Scene(bookingsLayout);\n\t\tstage.setScene(scene);\n\t\tstage.show();\n\t\t\n\t}`",
        "ts": "1491481376.867162"
    },
    {
        "type": "message",
        "subtype": "file_share",
        "text": "<@U4DPU1SNB|jasmine> uploaded a file: <https:\/\/septsem12017.slack.com\/files\/jasmine\/F4VDJ55EE\/-.txt|Untitled>",
        "file": {
            "id": "F4VDJ55EE",
            "created": 1491481395,
            "timestamp": 1491481395,
            "name": "-.txt",
            "title": "Untitled",
            "mimetype": "text\/plain",
            "filetype": "text",
            "pretty_type": "Plain Text",
            "user": "U4DPU1SNB",
            "editable": true,
            "size": 825,
            "mode": "snippet",
            "is_external": false,
            "external_type": "",
            "is_public": true,
            "public_url_shared": false,
            "display_as_bot": false,
            "username": "",
            "url_private": "https:\/\/files.slack.com\/files-pri\/T4AQZCLH2-F4VDJ55EE\/-.txt?t=xoxe-146849428580-167340414807-167330330182-491fd98854",
            "url_private_download": "https:\/\/files.slack.com\/files-pri\/T4AQZCLH2-F4VDJ55EE\/download\/-.txt?t=xoxe-146849428580-167340414807-167330330182-491fd98854",
            "permalink": "https:\/\/septsem12017.slack.com\/files\/jasmine\/F4VDJ55EE\/-.txt",
            "permalink_public": "https:\/\/slack-files.com\/T4AQZCLH2-F4VDJ55EE-54273a071e",
            "edit_link": "https:\/\/septsem12017.slack.com\/files\/jasmine\/F4VDJ55EE\/-.txt\/edit",
            "preview": "public class BookingsView {\r\n\t\r\n\tprivate BookingController cont;\r\n\tpublic Stage stage;\r\n\tprivate Parent bookingsLayout;\r",
            "preview_highlight": "<div class=\"CodeMirror cm-s-default CodeMirrorServer\" oncopy=\"if(event.clipboardData){event.clipboardData.setData('text\/plain',window.getSelection().toString().replace(\/\\u200b\/g,''));event.preventDefault();event.stopPropagation();}\">\n<div class=\"CodeMirror-code\">\n<div><pre>public class BookingsView {<\/pre><\/div>\n<div><pre>    <\/pre><\/div>\n<div><pre>    private BookingController cont;<\/pre><\/div>\n<div><pre>    public Stage stage;<\/pre><\/div>\n<div><pre>    private Parent bookingsLayout;<\/pre><\/div>\n<div><pre><\/pre><\/div>\n<\/div>\n<\/div>\n",
            "lines": 40,
            "lines_more": 35,
            "preview_is_truncated": false,
            "channels": [
                "C4BDL1N5U"
            ],
            "groups": [],
            "ims": [],
            "comments_count": 0
        },
        "user": "U4DPU1SNB",
        "upload": true,
        "display_as_bot": false,
        "username": "jasmine",
        "bot_id": null,
        "ts": "1491481395.870985"
    },
    {
        "type": "message",
        "user": "U4CC4KN1E",
        "text": "im getting an arror like this",
        "ts": "1491482422.110945"
    },
    {
        "type": "message",
        "user": "U4CC4KN1E",
        "text": "Caused by: java.lang.ClassNotFoundException: com.gluonhq.charm.glisten.control.DropdownButton",
        "ts": "1491482424.111298"
    },
    {
        "type": "message",
        "user": "U4CC4KN1E",
        "text": "makes me think im using some kind of element im not supposed to",
        "ts": "1491482439.115158"
    },
    {
        "type": "message",
        "user": "U4CC4KN1E",
        "text": "where are you getting parent from, mines saying it cant be resolved to a type",
        "ts": "1491482834.212653"
    },
    {
        "type": "message",
        "user": "U4DPU1SNB",
        "text": "parent can be whatever type of pane you're using in scene builder",
        "ts": "1491483495.386419"
    },
    {
        "type": "message",
        "user": "U4DPU1SNB",
        "text": "like BorderPane, for example",
        "ts": "1491483504.389323"
    },
    {
        "type": "message",
        "user": "U4DPU1SNB",
        "text": "ok now it's not working for me either :expressionless:",
        "ts": "1491484605.709964"
    },
    {
        "type": "message",
        "user": "U4DPU1SNB",
        "text": "<@U4CC4KN1E> how are you going with it?",
        "ts": "1491485956.148478"
    },
    {
        "type": "message",
        "user": "U4CC4KN1E",
        "text": "Got line displaying now",
        "ts": "1491485966.152277"
    },
    {
        "type": "message",
        "user": "U4CC4KN1E",
        "text": "*mine",
        "ts": "1491485986.158773"
    },
    {
        "type": "message",
        "user": "U4DPU1SNB",
        "text": "DId you figure out the functionality part? I couldn't figure that. You're meant to create a separate controller class. Seems a bit ridic having a controller for every view. But I'm not sure where to put functionality code otherwise.",
        "ts": "1491486058.183049"
    },
    {
        "type": "message",
        "user": "U4CC4KN1E",
        "text": "you might have known this but i figure out that what you select in \"root element\" here",
        "ts": "1491486072.187522"
    },
    {
        "type": "message",
        "user": "U4CC4KN1E",
        "text": "<https:\/\/gyazo.com\/e2d1cf7a7a3a637d19b2343109ad3477>",
        "attachments": [
            {
                "service_name": "Gyazo",
                "service_url": "https:\/\/gyazo.com",
                "fallback": "Gyazo Photo: ",
                "image_url": "https:\/\/bot.gyazo.com\/e2d1cf7a7a3a637d19b2343109ad3477.png",
                "image_width": 521,
                "image_height": 498,
                "from_url": "https:\/\/gyazo.com\/e2d1cf7a7a3a637d19b2343109ad3477",
                "image_bytes": 15738,
                "title_link": "https:\/\/gyazo.com\/e2d1cf7a7a3a637d19b2343109ad3477",
                "service_icon": "https:\/\/gyazo.com\/favicon.ico",
                "id": 1
            }
        ],
        "ts": "1491486074.187803"
    },
    {
        "type": "message",
        "user": "U4CC4KN1E",
        "text": "needs to match the object type of what you call loader.layout on",
        "ts": "1491486109.200419"
    },
    {
        "type": "message",
        "user": "U4CC4KN1E",
        "text": "no i havent figured that out",
        "ts": "1491486124.205679"
    },
    {
        "type": "message",
        "user": "U4CC4KN1E",
        "text": "trying to see if i can use the fucntions in place",
        "ts": "1491486132.208102"
    },
    {
        "type": "message",
        "user": "U4CC4KN1E",
        "text": "going pretty slow",
        "ts": "1491486136.209340"
    },
    {
        "type": "message",
        "user": "U4DPU1SNB",
        "text": "yeah i think i need more time",
        "ts": "1491486174.222681"
    },
    {
        "type": "message",
        "user": "U4DPU1SNB",
        "text": "cause it's weird. scene builder is weird. not as straight forward as homy made out to be.",
        "ts": "1491486206.233239"
    },
    {
        "type": "message",
        "user": "U4DPU1SNB",
        "text": ":confused:",
        "ts": "1491486228.240839"
    },
    {
        "type": "message",
        "user": "U4CC4KN1E",
        "text": "im seeing that too, its like we need a separate controller for each view",
        "ts": "1491486847.461696"
    },
    {
        "type": "message",
        "user": "U4CC4KN1E",
        "text": "im not sure this is something we should be working towards the final part of this",
        "ts": "1491487259.619103"
    },
    {
        "type": "message",
        "user": "U4CC4KN1E",
        "text": "maybe lets stick to what we know we can get done, explain that the effort to move to scene builder was more than that to make the current pages",
        "ts": "1491487299.635505"
    },
    {
        "type": "message",
        "user": "U4CD3EY4R",
        "text": "Hey guys im prone to migraines and i seem to have developled one. Not sure if itll make it tomorrow.",
        "ts": "1491487494.711400"
    },
    {
        "type": "message",
        "user": "U4CC4KN1E",
        "text": "ah shit dude, hope its not too bad",
        "ts": "1491487542.729118"
    },
    {
        "type": "message",
        "user": "U4DPU1SNB",
        "text": "That's ok. Hope you feel better soon.",
        "ts": "1491488746.183588"
    },
    {
        "type": "message",
        "user": "U4DPU1SNB",
        "text": "<@U4CC4KN1E> I agree. Using scene builder would involve changing a lot of what we already have.",
        "ts": "1491488927.253955"
    },
    {
        "type": "message",
        "user": "U4A27FREU",
        "text": "How's everything looking?",
        "ts": "1491515926.560436"
    },
    {
        "type": "message",
        "user": "U4CC4KN1E",
        "text": "There's kind of a large problem",
        "ts": "1491524660.055446"
    },
    {
        "type": "message",
        "user": "U4CC4KN1E",
        "text": "The checkEmployee function is still always returning false",
        "ts": "1491524682.058488"
    },
    {
        "type": "message",
        "user": "U4CC4KN1E",
        "text": "Rn the edit availability doesn't work at all because when it checks to see if there's an employee it always fails.",
        "ts": "1491524729.064398"
    },
    {
        "type": "message",
        "user": "U4CC4KN1E",
        "text": "I'm pretty confident that if checkEmployee works then edit availability will work as well",
        "ts": "1491524761.068204"
    },
    {
        "type": "message",
        "user": "U4CC4KN1E",
        "text": "But rn add employee is quite buggy and edit availability doesn't do anything",
        "ts": "1491524811.074422"
    },
    {
        "type": "message",
        "user": "U4CC4KN1E",
        "text": "My changes have been push, and there's quite a few println's in there to try show what's going",
        "ts": "1491524927.088767"
    },
    {
        "type": "message",
        "user": "U4A27FREU",
        "text": "Yeah i had a look at your stuff looks good I have no idea what is going on with that function might just rewrite it from scratch and hope that works better. im sure if we explain that to him and what it should do we should be okay",
        "ts": "1491525043.103448"
    },
    {
        "type": "message",
        "user": "U4CC4KN1E",
        "text": "Keep me updated on how trying to fix it goes",
        "ts": "1491526688.305015"
    },
    {
        "type": "message",
        "user": "U4A27FREU",
        "text": "This is doing my head in i re wrote the function and it does the same thing yet when the availabilities page does the same thing it manages to get it somehow",
        "ts": "1491528465.527291"
    },
    {
        "type": "message",
        "user": "U4CC4KN1E",
        "text": "If you take a look at the addEmployee method in employee controller. I'm not sure if it's just part of how databases work but it's able to detect that there's already an entry with the entered email. I've made a comment at the point it's returning false",
        "ts": "1491528554.538305"
    },
    {
        "type": "message",
        "user": "U4CC4KN1E",
        "text": "My guess was for some reason no matter what's it's checking against the dbcontroller can never find a table to return when running the statement",
        "ts": "1491528669.553414"
    },
    {
        "type": "message",
        "user": "U4A27FREU",
        "text": "that returns false if the update fails",
        "ts": "1491528710.558791"
    },
    {
        "type": "message",
        "user": "U4CC4KN1E",
        "text": "So what does that mean, because that's what's stopping it from adding duplicate emails",
        "ts": "1491528746.563392"
    },
    {
        "type": "message",
        "user": "U4A27FREU",
        "text": "fixed it!!!!\\",
        "ts": "1491528836.574447"
    },
    {
        "type": "message",
        "user": "U4CC4KN1E",
        "text": "Sick! what was it?",
        "ts": "1491528857.576968"
    },
    {
        "type": "message",
        "user": "U4A27FREU",
        "text": "in a inefficient and odd way but itll do for now",
        "ts": "1491528866.578316"
    },
    {
        "type": "message",
        "user": "U4A27FREU",
        "text": "ah shit spoke too soon",
        "ts": "1491528933.586820"
    },
    {
        "type": "message",
        "user": "U4A27FREU",
        "text": "okay it currently doesnt compare emails but it works for the other check so we'll have to fix that later if i had more time id do it now but im running late as is\\",
        "ts": "1491529042.600113"
    },
    {
        "type": "message",
        "user": "U4CC4KN1E",
        "text": "Are you able to check if the edit availabilities works?",
        "ts": "1491529090.605764"
    },
    {
        "type": "message",
        "user": "U4A27FREU",
        "text": "i believe so but the auto update for previous vailabilities doesnt work",
        "ts": "1491529401.643828"
    },
    {
        "type": "message",
        "user": "U4CC4KN1E",
        "text": "The problem is that that's the only thing that actually displays whether they're being saved or not",
        "ts": "1491529461.651206"
    },
    {
        "type": "message",
        "user": "U4A27FREU",
        "text": "I read the db file and it appeared in there",
        "ts": "1491529693.680196"
    },
    {
        "type": "message",
        "user": "U4CC4KN1E",
        "text": "Wow, I'm relieved to hear that.",
        "ts": "1491529757.687874"
    },
    {
        "type": "message",
        "user": "U4A27FREU",
        "text": "Doesn't help us with the client though ",
        "ts": "1491530039.722391"
    },
    {
        "type": "message",
        "user": "U4CC4KN1E",
        "text": "That room that we usually use seems to be taken niw",
        "ts": "1491538597.616950"
    },
    {
        "type": "message",
        "user": "U4CC4KN1E",
        "text": "I'm hanging around the area, let me know when you guys are near",
        "ts": "1491538643.621294"
    },
    {
        "type": "message",
        "user": "U4DPU1SNB",
        "text": "Wrong group",
        "ts": "1491539964.738321"
    },
    {
        "type": "message",
        "user": "U4CC4KN1E",
        "text": "Fk lol",
        "ts": "1491539990.740488"
    }
]