[
    {
        "type": "message",
        "user": "U4DPU1SNB",
        "text": "Is there a test cases template?",
        "ts": "1489142508.508922"
    },
    {
        "type": "message",
        "user": "U4DPU1SNB",
        "text": "Nvm I found it",
        "ts": "1489142969.581452"
    },
    {
        "type": "message",
        "user": "U4DPU1SNB",
        "text": "Has anyone checked out <http:\/\/leantesting.com|leantesting.com> yet? I signed up but it seems like you need to pay for it. Did Homy mention anything about what he expects us to do on this site and if there's a way we can use it for free?",
        "ts": "1489143827.713574"
    },
    {
        "type": "message",
        "user": "U4DPU1SNB",
        "text": "Ok scratch that I don't think we need to worry about the Pro account features but I think we do need to look at a tutorial or two cause this site seems kinda complicated, at least from the surface. I'll make a project and invite everyone.",
        "ts": "1489144309.787861"
    },
    {
        "type": "message",
        "user": "U4A27FREU",
        "text": "I'm a tad confused as to how they want us to test the system Lawrence said in the first couple of lectures that we will be using unit testing",
        "ts": "1489145591.971262"
    },
    {
        "type": "message",
        "user": "U4DPU1SNB",
        "text": "Yeah unit testing. But Homy also mentioned this website. I think it's a way to organise the testing process? I'm going to look up how it works tomorrow.",
        "ts": "1489146816.138671"
    },
    {
        "type": "message",
        "user": "U4A27FREU",
        "text": "I will have a look at it also once I get back",
        "ts": "1489149350.493532"
    },
    {
        "type": "message",
        "user": "U4CD3EY4R",
        "text": "Im using my github acc for leantesting so if you could invite me my username is just RobLW",
        "ts": "1489214742.886225"
    }
]