[
    {
        "id": "C4BDL1N5U",
        "name": "general",
        "created": "1488183792",
        "creator": "U4A27FREU",
        "is_archived": false,
        "is_general": true,
        "members": [
            "U4A27FREU",
            "U4CC4KN1E",
            "U4CD3EY4R",
            "U4DPU1SNB",
            "U4F72GQLU"
        ],
        "topic": {
            "value": "Company-wide announcements and work-based matters",
            "creator": "",
            "last_set": "0"
        },
        "purpose": {
            "value": "This channel is for team-wide communication and announcements. All team members are in this channel.",
            "creator": "",
            "last_set": "0"
        }
    },
    {
        "id": "C4GAAQA67",
        "name": "notes",
        "created": "1489113114",
        "creator": "U4CD3EY4R",
        "is_archived": false,
        "is_general": false,
        "members": [
            "U4A27FREU",
            "U4CC4KN1E",
            "U4CD3EY4R",
            "U4DPU1SNB",
            "U4F72GQLU"
        ],
        "topic": {
            "value": "",
            "creator": "",
            "last_set": "0"
        },
        "purpose": {
            "value": "Notes from the tutorials",
            "creator": "U4CD3EY4R",
            "last_set": "1489113115"
        }
    },
    {
        "id": "C4ALYSAJX",
        "name": "random",
        "created": "1488183792",
        "creator": "U4A27FREU",
        "is_archived": false,
        "is_general": false,
        "members": [
            "U4A27FREU",
            "U4CC4KN1E",
            "U4CD3EY4R",
            "U4DPU1SNB"
        ],
        "topic": {
            "value": "Non-work banter and water cooler conversation",
            "creator": "",
            "last_set": "0"
        },
        "purpose": {
            "value": "A place for non-work-related flimflam, faffing, hodge-podge or jibber-jabber you'd prefer to keep out of more focused work-related channels.",
            "creator": "",
            "last_set": "0"
        }
    }
]