[
    {
        "id": "U4CC4KN1E",
        "team_id": "T4AQZCLH2",
        "name": "declan",
        "deleted": false,
        "status": null,
        "color": "e7392d",
        "real_name": "Declan McDonald",
        "tz": "Australia\/Canberra",
        "tz_label": "Australian Eastern Standard Time",
        "tz_offset": 36000,
        "profile": {
            "first_name": "Declan",
            "last_name": "McDonald",
            "avatar_hash": "g941aac361c4",
            "real_name": "Declan McDonald",
            "real_name_normalized": "Declan McDonald",
            "email": "s3488797@student.rmit.edu.au",
            "image_24": "https:\/\/secure.gravatar.com\/avatar\/941aac361c4fd7f7f6361eeb213ddb3c.jpg?s=24&d=https%3A%2F%2Fa.slack-edge.com%2F66f9%2Fimg%2Favatars%2Fava_0014-24.png",
            "image_32": "https:\/\/secure.gravatar.com\/avatar\/941aac361c4fd7f7f6361eeb213ddb3c.jpg?s=32&d=https%3A%2F%2Fa.slack-edge.com%2F66f9%2Fimg%2Favatars%2Fava_0014-32.png",
            "image_48": "https:\/\/secure.gravatar.com\/avatar\/941aac361c4fd7f7f6361eeb213ddb3c.jpg?s=48&d=https%3A%2F%2Fa.slack-edge.com%2F66f9%2Fimg%2Favatars%2Fava_0014-48.png",
            "image_72": "https:\/\/secure.gravatar.com\/avatar\/941aac361c4fd7f7f6361eeb213ddb3c.jpg?s=72&d=https%3A%2F%2Fa.slack-edge.com%2F66f9%2Fimg%2Favatars%2Fava_0014-72.png",
            "image_192": "https:\/\/secure.gravatar.com\/avatar\/941aac361c4fd7f7f6361eeb213ddb3c.jpg?s=192&d=https%3A%2F%2Fa.slack-edge.com%2F7fa9%2Fimg%2Favatars%2Fava_0014-192.png",
            "image_512": "https:\/\/secure.gravatar.com\/avatar\/941aac361c4fd7f7f6361eeb213ddb3c.jpg?s=512&d=https%3A%2F%2Fa.slack-edge.com%2F7fa9%2Fimg%2Favatars%2Fava_0014-512.png",
            "fields": null
        },
        "is_admin": false,
        "is_owner": false,
        "is_primary_owner": false,
        "is_restricted": false,
        "is_ultra_restricted": false,
        "is_bot": false,
        "updated": 1488507242
    },
    {
        "id": "U4DPU1SNB",
        "team_id": "T4AQZCLH2",
        "name": "jasmine",
        "deleted": false,
        "status": null,
        "color": "4bbe2e",
        "real_name": "Jasmine Ellis",
        "tz": "Australia\/Canberra",
        "tz_label": "Australian Eastern Standard Time",
        "tz_offset": 36000,
        "profile": {
            "first_name": "Jasmine",
            "last_name": "Ellis",
            "avatar_hash": "4c1ec54840d9",
            "image_24": "https:\/\/avatars.slack-edge.com\/2017-03-10\/151866120688_4c1ec54840d9c429c9eb_24.jpg",
            "image_32": "https:\/\/avatars.slack-edge.com\/2017-03-10\/151866120688_4c1ec54840d9c429c9eb_32.jpg",
            "image_48": "https:\/\/avatars.slack-edge.com\/2017-03-10\/151866120688_4c1ec54840d9c429c9eb_48.jpg",
            "image_72": "https:\/\/avatars.slack-edge.com\/2017-03-10\/151866120688_4c1ec54840d9c429c9eb_72.jpg",
            "image_192": "https:\/\/avatars.slack-edge.com\/2017-03-10\/151866120688_4c1ec54840d9c429c9eb_192.jpg",
            "image_512": "https:\/\/avatars.slack-edge.com\/2017-03-10\/151866120688_4c1ec54840d9c429c9eb_512.jpg",
            "image_1024": "https:\/\/avatars.slack-edge.com\/2017-03-10\/151866120688_4c1ec54840d9c429c9eb_512.jpg",
            "image_original": "https:\/\/avatars.slack-edge.com\/2017-03-10\/151866120688_4c1ec54840d9c429c9eb_original.jpg",
            "fields": [],
            "real_name": "Jasmine Ellis",
            "real_name_normalized": "Jasmine Ellis",
            "email": "s3449107@student.rmit.edu.au"
        },
        "is_admin": false,
        "is_owner": false,
        "is_primary_owner": false,
        "is_restricted": false,
        "is_ultra_restricted": false,
        "is_bot": false,
        "updated": 1489147108
    },
    {
        "id": "U4CD3EY4R",
        "team_id": "T4AQZCLH2",
        "name": "roblw",
        "deleted": false,
        "status": null,
        "color": "3c989f",
        "real_name": "Rob Laine",
        "tz": "Australia\/Hobart",
        "tz_label": "Australian Eastern Standard Time",
        "tz_offset": 36000,
        "profile": {
            "first_name": "Rob",
            "last_name": "Laine",
            "avatar_hash": "gca580807710",
            "real_name": "Rob Laine",
            "real_name_normalized": "Rob Laine",
            "email": "s3433096@student.rmit.edu.au",
            "image_24": "https:\/\/secure.gravatar.com\/avatar\/ca5808077104877632d25f80e8e28726.jpg?s=24&d=https%3A%2F%2Fa.slack-edge.com%2F0180%2Fimg%2Favatars%2Fava_0021-24.png",
            "image_32": "https:\/\/secure.gravatar.com\/avatar\/ca5808077104877632d25f80e8e28726.jpg?s=32&d=https%3A%2F%2Fa.slack-edge.com%2F66f9%2Fimg%2Favatars%2Fava_0021-32.png",
            "image_48": "https:\/\/secure.gravatar.com\/avatar\/ca5808077104877632d25f80e8e28726.jpg?s=48&d=https%3A%2F%2Fa.slack-edge.com%2F3654%2Fimg%2Favatars%2Fava_0021-48.png",
            "image_72": "https:\/\/secure.gravatar.com\/avatar\/ca5808077104877632d25f80e8e28726.jpg?s=72&d=https%3A%2F%2Fa.slack-edge.com%2F66f9%2Fimg%2Favatars%2Fava_0021-72.png",
            "image_192": "https:\/\/secure.gravatar.com\/avatar\/ca5808077104877632d25f80e8e28726.jpg?s=192&d=https%3A%2F%2Fa.slack-edge.com%2F7fa9%2Fimg%2Favatars%2Fava_0021-192.png",
            "image_512": "https:\/\/secure.gravatar.com\/avatar\/ca5808077104877632d25f80e8e28726.jpg?s=512&d=https%3A%2F%2Fa.slack-edge.com%2F7fa9%2Fimg%2Favatars%2Fava_0021-512.png",
            "fields": null
        },
        "is_admin": false,
        "is_owner": false,
        "is_primary_owner": false,
        "is_restricted": false,
        "is_ultra_restricted": false,
        "is_bot": false,
        "updated": 1488508258
    },
    {
        "id": "U4A27FREU",
        "team_id": "T4AQZCLH2",
        "name": "s3529120",
        "deleted": false,
        "status": null,
        "color": "9f69e7",
        "real_name": "",
        "tz": "Australia\/Canberra",
        "tz_label": "Australian Eastern Standard Time",
        "tz_offset": 36000,
        "profile": {
            "avatar_hash": "gdf2f35a4bff",
            "real_name": "",
            "real_name_normalized": "",
            "email": "s3529120@student.rmit.edu.au",
            "image_24": "https:\/\/secure.gravatar.com\/avatar\/df2f35a4bff8715eaab0153794f510d8.jpg?s=24&d=https%3A%2F%2Fa.slack-edge.com%2F66f9%2Fimg%2Favatars%2Fava_0013-24.png",
            "image_32": "https:\/\/secure.gravatar.com\/avatar\/df2f35a4bff8715eaab0153794f510d8.jpg?s=32&d=https%3A%2F%2Fa.slack-edge.com%2F0180%2Fimg%2Favatars%2Fava_0013-32.png",
            "image_48": "https:\/\/secure.gravatar.com\/avatar\/df2f35a4bff8715eaab0153794f510d8.jpg?s=48&d=https%3A%2F%2Fa.slack-edge.com%2F66f9%2Fimg%2Favatars%2Fava_0013-48.png",
            "image_72": "https:\/\/secure.gravatar.com\/avatar\/df2f35a4bff8715eaab0153794f510d8.jpg?s=72&d=https%3A%2F%2Fa.slack-edge.com%2F66f9%2Fimg%2Favatars%2Fava_0013-72.png",
            "image_192": "https:\/\/secure.gravatar.com\/avatar\/df2f35a4bff8715eaab0153794f510d8.jpg?s=192&d=https%3A%2F%2Fa.slack-edge.com%2F7fa9%2Fimg%2Favatars%2Fava_0013-192.png",
            "image_512": "https:\/\/secure.gravatar.com\/avatar\/df2f35a4bff8715eaab0153794f510d8.jpg?s=512&d=https%3A%2F%2Fa.slack-edge.com%2F7fa9%2Fimg%2Favatars%2Fava_0013-512.png",
            "fields": null
        },
        "is_admin": true,
        "is_owner": true,
        "is_primary_owner": true,
        "is_restricted": false,
        "is_ultra_restricted": false,
        "is_bot": false,
        "updated": 1488183792
    },
    {
        "id": "U4F72GQLU",
        "team_id": "T4AQZCLH2",
        "name": "trello",
        "deleted": false,
        "status": null,
        "color": "674b1b",
        "real_name": "Trello",
        "tz": null,
        "tz_label": "Pacific Daylight Time",
        "tz_offset": -25200,
        "profile": {
            "bot_id": "B4FSAFNS3",
            "api_app_id": "A074YH40Z",
            "always_active": true,
            "first_name": "Trello",
            "avatar_hash": "c3cdc1542d4b",
            "image_24": "https:\/\/avatars.slack-edge.com\/2017-03-07\/150525232369_c3cdc1542d4b706ea83c_24.png",
            "image_32": "https:\/\/avatars.slack-edge.com\/2017-03-07\/150525232369_c3cdc1542d4b706ea83c_32.png",
            "image_48": "https:\/\/avatars.slack-edge.com\/2017-03-07\/150525232369_c3cdc1542d4b706ea83c_48.png",
            "image_72": "https:\/\/avatars.slack-edge.com\/2017-03-07\/150525232369_c3cdc1542d4b706ea83c_72.png",
            "image_192": "https:\/\/avatars.slack-edge.com\/2017-03-07\/150525232369_c3cdc1542d4b706ea83c_192.png",
            "image_512": "https:\/\/avatars.slack-edge.com\/2017-03-07\/150525232369_c3cdc1542d4b706ea83c_512.png",
            "image_1024": "https:\/\/avatars.slack-edge.com\/2017-03-07\/150525232369_c3cdc1542d4b706ea83c_512.png",
            "image_original": "https:\/\/avatars.slack-edge.com\/2017-03-07\/150525232369_c3cdc1542d4b706ea83c_original.png",
            "real_name": "Trello",
            "real_name_normalized": "Trello",
            "fields": null
        },
        "is_admin": false,
        "is_owner": false,
        "is_primary_owner": false,
        "is_restricted": false,
        "is_ultra_restricted": false,
        "is_bot": true,
        "updated": 1488940008
    }
]