[
    {
        "user": "U4CD3EY4R",
        "text": "<@U4CD3EY4R|roblw> has joined the channel",
        "type": "message",
        "subtype": "channel_join",
        "ts": "1489113114.627719"
    },
    {
        "user": "U4CD3EY4R",
        "purpose": "Notes from the tutorials",
        "text": "<@U4CD3EY4R|roblw> set the channel purpose: Notes from the tutorials",
        "type": "message",
        "subtype": "channel_purpose",
        "ts": "1489113115.627759"
    },
    {
        "user": "U4F72GQLU",
        "inviter": "U4CD3EY4R",
        "text": "<@U4F72GQLU|trello> has joined the channel",
        "type": "message",
        "subtype": "channel_join",
        "ts": "1489113115.627764"
    },
    {
        "user": "U4DPU1SNB",
        "inviter": "U4CD3EY4R",
        "text": "<@U4DPU1SNB|jasmine> has joined the channel",
        "type": "message",
        "subtype": "channel_join",
        "ts": "1489113115.627769"
    },
    {
        "user": "U4CC4KN1E",
        "inviter": "U4CD3EY4R",
        "text": "<@U4CC4KN1E|declan> has joined the channel",
        "type": "message",
        "subtype": "channel_join",
        "ts": "1489113115.627772"
    },
    {
        "user": "U4A27FREU",
        "inviter": "U4CD3EY4R",
        "text": "<@U4A27FREU|s3529120> has joined the channel",
        "type": "message",
        "subtype": "channel_join",
        "ts": "1489113115.627779"
    },
    {
        "type": "message",
        "user": "U4CD3EY4R",
        "text": "Some things from the tute\n-Homy is the client. One of us is the product owner.\n-requirements can change at any point, but he said we can reject or accept those changes\n-add Homy to our trello board and github repo\n-lean testing for testing and bug reports\n\nFor part A assume that we are developing for a single business. For a hairdresser, employee needs a variable for ability, ie John can only give men haircuts, and can wash clients' hair.\n\nFor week 3 we need one function implemented.",
        "ts": "1489113647.679545"
    }
]