[
    {
        "user": "U4DPU1SNB",
        "text": "<@U4DPU1SNB|jasmine> has joined the channel",
        "type": "message",
        "subtype": "channel_join",
        "ts": "1488507213.589245"
    },
    {
        "user": "U4CC4KN1E",
        "text": "<@U4CC4KN1E|declan> has joined the channel",
        "type": "message",
        "subtype": "channel_join",
        "ts": "1488507241.589930"
    },
    {
        "user": "U4CD3EY4R",
        "text": "<@U4CD3EY4R|roblw> has joined the channel",
        "type": "message",
        "subtype": "channel_join",
        "ts": "1488508258.614799"
    }
]