[
    {
        "user_id": "U4DPU1SNB",
        "user_name": "jasmine",
        "date": "1488940003",
        "change_type": "added",
        "app_type": "Trello",
        "app_id": "A074YH40Z",
        "scope": "identify,bot,commands,team:read,users:read,users:read.email"
    },
    {
        "user_id": 0,
        "user_name": "slack",
        "date": "1488183792",
        "change_type": "added",
        "service_id": "146712896195",
        "service_type": "Google Drive",
        "scope": "files:write:user"
    }
]