[
    {
        "type": "message",
        "user": "U4CD3EY4R",
        "text": "I have tomorrow off and am planning to work on atuff then. Been busy as well with other classes atm.\nSorry to​ hear. Maybe we should just give Homy a heads up but i should be able to sort out some unit testing tomorrow",
        "ts": "1491378068.466180"
    },
    {
        "type": "message",
        "user": "U4A27FREU",
        "text": "I think we should be fine but it wouldn't hurt to mention it to him",
        "ts": "1491379249.705265"
    },
    {
        "type": "message",
        "user": "U4A27FREU",
        "text": "Everyone doing okay with their parts?",
        "ts": "1491456162.224673"
    },
    {
        "type": "message",
        "user": "U4CC4KN1E",
        "text": "Starting on mine today after I eat something",
        "ts": "1491456202.228702"
    },
    {
        "type": "message",
        "user": "U4DPU1SNB",
        "text": "yeah doing it now",
        "ts": "1491456404.248924"
    },
    {
        "type": "message",
        "user": "U4DPU1SNB",
        "text": "is something supposed to happen when i click view bookings?",
        "ts": "1491459626.601885"
    },
    {
        "type": "message",
        "user": "U4A27FREU",
        "text": "Currently no but once you make your view just initialise the view object and call the stage.show() function which I generally put in a method called updateView()",
        "ts": "1491459985.646980"
    },
    {
        "type": "message",
        "user": "U4DPU1SNB",
        "text": "ok",
        "ts": "1491460080.658926"
    },
    {
        "type": "message",
        "user": "U4DPU1SNB",
        "text": "but for now i'd fill in the fields with fake\/filler data?",
        "ts": "1491460644.734544"
    },
    {
        "type": "message",
        "user": "U4A27FREU",
        "text": "Just throw a couple of fake availabilities into the seed file and the program should auto generate some unfilled booking for those employees ",
        "ts": "1491460741.747319"
    },
    {
        "type": "message",
        "user": "U4DPU1SNB",
        "text": "But there aren't any employees in the db right now. So i have to add employees via seed file as well?",
        "ts": "1491461242.816354"
    }
]