[
    {
        "type": "message",
        "user": "U4CC4KN1E",
        "text": "Just wanted to check, it was 2:30 tomorrow to meet right?",
        "ts": "1488767949.306090"
    },
    {
        "type": "message",
        "user": "U4A27FREU",
        "text": "Yeah that's right",
        "ts": "1488767976.306656"
    },
    {
        "type": "message",
        "user": "U4CD3EY4R",
        "text": "That works with me. :slightly_smiling_face:",
        "ts": "1488767976.306662"
    },
    {
        "type": "message",
        "user": "U4CD3EY4R",
        "text": "Were we able to book a room? or should we just meet somewhere and find a spot?",
        "ts": "1488768488.316996"
    },
    {
        "type": "message",
        "user": "U4A27FREU",
        "text": "I got us a booking from 1430-1530 in group study room 2 of the Carlton Library",
        "ts": "1488769775.344170"
    },
    {
        "type": "message",
        "user": "U4CD3EY4R",
        "text": "That’s awesome",
        "ts": "1488770143.350576"
    }
]