[
    {
        "type": "message",
        "user": "U4DPU1SNB",
        "text": "Done",
        "ts": "1489223993.147238"
    },
    {
        "type": "message",
        "user": "U4CD3EY4R",
        "text": "Cool. Thanks",
        "ts": "1489228428.285320"
    },
    {
        "type": "message",
        "user": "U4CD3EY4R",
        "text": "Apparently i was in a group with xieyang wu. Not sure if you invited me or not",
        "ts": "1489233605.450855"
    },
    {
        "type": "message",
        "user": "U4CD3EY4R",
        "text": "Or is it RMIT lean?",
        "ts": "1489233614.451344"
    },
    {
        "type": "message",
        "user": "U4DPU1SNB",
        "text": "Yeah I had to make an organisation but apparently everyone I invite on there has access to all projects. If that's an issue we can make a separate organisation?",
        "ts": "1489235429.513233"
    },
    {
        "type": "message",
        "user": "U4A27FREU",
        "text": "In previous semesters people have usually have had access to the whole classes projects and boards it shouldn't be an issue",
        "ts": "1489265437.050340"
    }
]