[
    {
        "type": "message",
        "user": "U4A27FREU",
        "text": "Functions we for me to do discussed yesterday have been implemented let me know if any of them don't work as intended",
        "ts": "1491350195.106332"
    },
    {
        "type": "message",
        "user": "U4DPU1SNB",
        "text": "Guys O",
        "ts": "1491371090.457902"
    },
    {
        "type": "message",
        "user": "U4DPU1SNB",
        "text": "hahaha didn't mean to hit enter. Was just gonna say I'm not sure I can do unit tests for View booking. My capstone is taking up a lot of my time right cause the guys I'm working with need a lot of help. Gotta do lets of pair programming sessions with them otherwise the tasks don't get done.. But if this is a huge problem I can try to do it anyway. Just not sure I can finish by Friday.",
        "ts": "1491371227.472066"
    },
    {
        "type": "message",
        "user": "U4CC4KN1E",
        "text": "Might be something we should let homy know",
        "ts": "1491371277.477183"
    },
    {
        "type": "message",
        "user": "U4A27FREU",
        "text": "Units tests are quite as big of a deal i can do the ones for booking so long as i dont have to fix too much of the stuff i uploaded this morning. Are you still okay to do the scenebuilder voew for bookings?",
        "ts": "1491371345.483611"
    },
    {
        "type": "message",
        "user": "U4DPU1SNB",
        "text": "Yes I'll do that. Sorry guys things are crazy w\/ the other assignment right now. We've had a death in the family too. Perfect timing really. :face_with_rolling_eyes:",
        "ts": "1491371542.504694"
    }
]