[
    {
        "type": "message",
        "user": "U4CD3EY4R",
        "text": "Can someone clarify the file structure of the java project for me?\nCurrently on github, there’s a .classpath and .project file in the 'Booking SIte’ dir. But it seems like these are also located in the 'septsem12017' dir. \nShould they be located on the higher level or have I made a mistake somewhere?",
        "ts": "1489807911.653678"
    },
    {
        "type": "message",
        "user": "U4A27FREU",
        "text": "The ones inside are correct I believe not sure where the ones outside that file came from tbh",
        "ts": "1489808405.674777"
    },
    {
        "type": "message",
        "user": "U4CD3EY4R",
        "text": "Yea me neither to tell you the truth",
        "ts": "1489808423.675526"
    }
]