[
    {
        "type": "message",
        "user": "U4DPU1SNB",
        "text": "I created a test case for valid login. Hopefully I did it correctly. You can look at it by going to <http:\/\/leantesting.com|leantesting.com>, clicking on our project, select 'Test Suite' from side menu, click 'Edit test suite', and expand 'Login'. So far I only added 'Login' and 'Registration' components. I wasn't sure if that's correct tbh. Possibly the two can fall under one component called 'User'. I'll ask Homy about all this on Wednesday. I would email him but he tends to not reply.",
        "ts": "1489310999.752494"
    },
    {
        "type": "message",
        "user": "U4A27FREU",
        "text": "Got a basic login functionality working for user and business owner, looking to finish registration before meeting also.  Will have to do error checking after the meeting as making the database work correctly took more time than it should have. Have also used MVC.",
        "ts": "1489362276.301690"
    },
    {
        "type": "message",
        "user": "U4CC4KN1E",
        "text": "I'm having trouble finding our project on lean testing. After excepting be the invite and going to the app there's no projects under navigate",
        "ts": "1489375614.324547"
    },
    {
        "type": "message",
        "user": "U4DPU1SNB",
        "text": "Can you check again? I think it should work now.",
        "ts": "1489377293.457005"
    },
    {
        "type": "message",
        "user": "U4DPU1SNB",
        "text": "Should pop up on <https:\/\/app.leantesting.com\/en>",
        "ts": "1489377361.462523"
    },
    {
        "type": "message",
        "user": "U4CC4KN1E",
        "text": "Ay that worked",
        "ts": "1489377416.466972"
    },
    {
        "type": "message",
        "user": "U4DPU1SNB",
        "text": "<@U4A27FREU> Awesome! I can try having a crack at the testing. Did you push it to the repo?",
        "ts": "1489377453.470225"
    },
    {
        "type": "message",
        "user": "U4CC4KN1E",
        "text": "Ye on a quick glance I couldn't see anything there",
        "ts": "1489377498.473917"
    },
    {
        "type": "message",
        "user": "U4DPU1SNB",
        "text": "<https:\/\/app.leantesting.com\/en\/projects\/sept-sem-1-2017-group-2\/23371> ?",
        "ts": "1489377592.481411"
    },
    {
        "type": "message",
        "user": "U4CC4KN1E",
        "text": "Ha, nah I meant in the github",
        "ts": "1489377610.483349"
    },
    {
        "type": "message",
        "user": "U4DPU1SNB",
        "text": "Ohh ok but you can see it now on lean testing yeah?",
        "ts": "1489377652.487255"
    },
    {
        "type": "message",
        "user": "U4CC4KN1E",
        "text": "Ye I'm having a look through it now",
        "ts": "1489377689.490908"
    }
]