[
    {
        "type": "message",
        "user": "U4A27FREU",
        "text": "Everyone going okay with their parts?",
        "ts": "1490830582.280371"
    },
    {
        "type": "message",
        "user": "U4A27FREU",
        "text": "Add employee definitely works now edit availabilities should (in theory) also work but i can test it just yet as the elements are stacked on each other",
        "ts": "1490840826.615500"
    },
    {
        "type": "message",
        "user": "U4CC4KN1E",
        "text": "Damn, sorry guys, just looking today and I see I've pushed my css changes to the wrong branch",
        "ts": "1490845382.116916"
    },
    {
        "type": "message",
        "user": "U4CC4KN1E",
        "text": "Is that gonna be a large problem?",
        "ts": "1490845399.118663"
    },
    {
        "type": "message",
        "user": "U4A27FREU",
        "text": "shouldnt be unless changes were made to the same elements",
        "ts": "1490845650.144331"
    },
    {
        "type": "message",
        "user": "U4CC4KN1E",
        "text": "Alright, we'll just have to make sure we merge before the class tomorrow",
        "ts": "1490845676.146833"
    },
    {
        "type": "message",
        "user": "U4A27FREU",
        "text": "make sure you mark your cards off trello so we know whats left before tomorrow",
        "ts": "1490845874.166865"
    },
    {
        "type": "message",
        "user": "U4CD3EY4R",
        "text": "Which branch did you put your css changes into?",
        "ts": "1490852132.784985"
    },
    {
        "type": "message",
        "user": "U4CC4KN1E",
        "text": "the testing suit branch",
        "ts": "1490852155.787346"
    },
    {
        "type": "message",
        "user": "U4CD3EY4R",
        "text": "I think I’ve fixed it. Was it just the changes to UserRegistrationVIew()?",
        "ts": "1490852356.806803"
    },
    {
        "type": "message",
        "user": "U4CC4KN1E",
        "text": "nah it was changes to Login view and controller as well as userRegistration view and controller",
        "ts": "1490852407.811853"
    },
    {
        "type": "message",
        "user": "U4CD3EY4R",
        "text": "Okay, well the only conflict was in UserRegistrationVIew(). I’ve fixed it, and I’ll merge back into master when i get a minute.",
        "ts": "1490852507.821696"
    },
    {
        "type": "message",
        "user": "U4CC4KN1E",
        "text": "awesome, thanks",
        "ts": "1490852528.823692"
    },
    {
        "type": "message",
        "user": "U4CD3EY4R",
        "text": "Np",
        "ts": "1490852534.824304"
    },
    {
        "type": "message",
        "user": "U4CC4KN1E",
        "text": "let me know when you;re done the merge, working on the other layouts but not much is done so id rather work on them after the merge",
        "edited": {
            "user": "U4CC4KN1E",
            "ts": "1490855105.000000"
        },
        "ts": "1490855094.119741"
    },
    {
        "type": "message",
        "user": "U4CD3EY4R",
        "text": "Its done. Just branch with ```git checkout -b &lt;new branch name&gt;```",
        "ts": "1490855119.123031"
    },
    {
        "type": "message",
        "user": "U4CD3EY4R",
        "text": "make sure that you’re on master when you create the new branch",
        "ts": "1490855140.125665"
    }
]