[
    {
        "type": "message",
        "user": "U4CC4KN1E",
        "text": "So for the validation should I bother to try implement a regex for email and maybe phone or just indicate when the fields empty",
        "ts": "1490423790.763714"
    },
    {
        "type": "message",
        "user": "U4A27FREU",
        "text": "Leave regex for part b empty or filled is foine",
        "ts": "1490424158.775982"
    },
    {
        "type": "message",
        "user": "U4CC4KN1E",
        "text": "Alrighty",
        "ts": "1490424201.777276"
    }
]