[
    {
        "type": "message",
        "user": "U4A27FREU",
        "text": "I'm guessing that there isn't anything in particular we need for the assessment today? ",
        "ts": "1492737524.709354"
    },
    {
        "type": "message",
        "user": "U4CD3EY4R",
        "text": "I shouldn’t think so.",
        "ts": "1492737564.714035"
    },
    {
        "type": "message",
        "user": "U4CC4KN1E",
        "text": "Hope not, I think we're just rocking up to show him thought it and answer questions",
        "ts": "1492737623.721019"
    },
    {
        "type": "message",
        "user": "U4A27FREU",
        "text": "Good hopefully everything works as intended we tested it a lot but it's always easier to break programs if you write or design them",
        "ts": "1492737834.745607"
    },
    {
        "type": "message",
        "user": "U4A27FREU",
        "text": "Didnt*",
        "ts": "1492737847.746930"
    }
]