[
    {
        "type": "message",
        "user": "U4DPU1SNB",
        "text": "The mock-ups you made look good, but I'm wondering why they're mobile phone size? Are we going to make the rest of the application that way?",
        "ts": "1493195116.509889"
    },
    {
        "type": "message",
        "user": "U4CC4KN1E",
        "text": "No the rest will go into a full screen mode",
        "ts": "1493195159.520004"
    },
    {
        "type": "message",
        "user": "U4CC4KN1E",
        "text": "I'll make one or two more showing what some actual menu options will look like",
        "ts": "1493195201.530201"
    },
    {
        "type": "message",
        "user": "U4CC4KN1E",
        "text": "Have you tried to get it implemented on any pages yet?",
        "ts": "1493195223.535081"
    },
    {
        "type": "message",
        "user": "U4DPU1SNB",
        "text": "No i was about to",
        "ts": "1493195233.537343"
    },
    {
        "type": "message",
        "user": "U4CC4KN1E",
        "text": "Just because I haven't and am not looking forward to it",
        "ts": "1493195237.538346"
    },
    {
        "type": "message",
        "user": "U4DPU1SNB",
        "text": "Me neither. :confused:",
        "ts": "1493195252.541755"
    },
    {
        "type": "message",
        "user": "U4DPU1SNB",
        "text": "I'm going to go ahead and do the main menu.",
        "ts": "1493195327.558723"
    },
    {
        "type": "message",
        "user": "U4CC4KN1E",
        "text": "I wouldn't have a clue how to do the patterned background, but I'll put a small picture of the 'tile' I used on here when I get home",
        "ts": "1493195397.574986"
    },
    {
        "type": "message",
        "user": "U4A27FREU",
        "text": "Just rip a textured background off the internet save you having to make one",
        "ts": "1493195470.592396"
    },
    {
        "type": "message",
        "user": "U4CC4KN1E",
        "text": "No as in I have it and I'll put it up",
        "ts": "1493195501.600393"
    },
    {
        "type": "message",
        "user": "U4DPU1SNB",
        "text": "You mean the stripey bit?",
        "ts": "1493195531.607177"
    },
    {
        "type": "message",
        "user": "U4CC4KN1E",
        "text": "Ye",
        "ts": "1493195535.608049"
    },
    {
        "type": "message",
        "user": "U4CC4KN1E",
        "text": "Might wind up needing to make a couple of them of different sizes",
        "ts": "1493195559.614168"
    },
    {
        "type": "message",
        "user": "U4A27FREU",
        "text": "You can have it repeat itself to fill larger areas",
        "ts": "1493195655.636327"
    },
    {
        "type": "message",
        "user": "U4CC4KN1E",
        "text": "Ah, easier then",
        "ts": "1493195672.640723"
    },
    {
        "type": "message",
        "subtype": "file_share",
        "text": "<@U4CC4KN1E|declan> uploaded a file: <https:\/\/septsem12017.slack.com\/files\/declan\/F55FY2U87\/stripes.png|stripes.png>",
        "file": {
            "id": "F55FY2U87",
            "created": 1493201072,
            "timestamp": 1493201072,
            "name": "stripes.png",
            "title": "stripes.png",
            "mimetype": "image\/png",
            "filetype": "png",
            "pretty_type": "PNG",
            "user": "U4CC4KN1E",
            "editable": false,
            "size": 491,
            "mode": "hosted",
            "is_external": false,
            "external_type": "",
            "is_public": true,
            "public_url_shared": false,
            "display_as_bot": false,
            "username": "",
            "url_private": "https:\/\/files.slack.com\/files-pri\/T4AQZCLH2-F55FY2U87\/stripes.png?t=xoxe-146849428580-175979589232-176575279027-2e3d2cc757",
            "url_private_download": "https:\/\/files.slack.com\/files-pri\/T4AQZCLH2-F55FY2U87\/download\/stripes.png?t=xoxe-146849428580-175979589232-176575279027-2e3d2cc757",
            "thumb_64": "https:\/\/files.slack.com\/files-tmb\/T4AQZCLH2-F55FY2U87-13858cbf06\/stripes_64.png?t=xoxe-146849428580-175979589232-176575279027-2e3d2cc757",
            "thumb_80": "https:\/\/files.slack.com\/files-tmb\/T4AQZCLH2-F55FY2U87-13858cbf06\/stripes_80.png?t=xoxe-146849428580-175979589232-176575279027-2e3d2cc757",
            "thumb_360": "https:\/\/files.slack.com\/files-tmb\/T4AQZCLH2-F55FY2U87-13858cbf06\/stripes_360.png?t=xoxe-146849428580-175979589232-176575279027-2e3d2cc757",
            "thumb_360_w": 96,
            "thumb_360_h": 96,
            "thumb_160": "https:\/\/files.slack.com\/files-tmb\/T4AQZCLH2-F55FY2U87-13858cbf06\/stripes_160.png?t=xoxe-146849428580-175979589232-176575279027-2e3d2cc757",
            "image_exif_rotation": 1,
            "original_w": 96,
            "original_h": 96,
            "permalink": "https:\/\/septsem12017.slack.com\/files\/declan\/F55FY2U87\/stripes.png",
            "permalink_public": "https:\/\/slack-files.com\/T4AQZCLH2-F55FY2U87-7997b08316",
            "channels": [
                "C4BDL1N5U"
            ],
            "groups": [],
            "ims": [],
            "comments_count": 0
        },
        "user": "U4CC4KN1E",
        "upload": true,
        "display_as_bot": false,
        "username": "declan",
        "bot_id": null,
        "ts": "1493201074.910592"
    },
    {
        "type": "message",
        "user": "U4CC4KN1E",
        "text": "heres the progress of one of the action menu things",
        "ts": "1493202712.250390"
    },
    {
        "type": "message",
        "user": "U4CC4KN1E",
        "text": "<https:\/\/gyazo.com\/7425625e44e2021bd84d6c97c9fa6830>",
        "attachments": [
            {
                "service_name": "Gyazo",
                "service_url": "https:\/\/gyazo.com",
                "fallback": "Gyazo Photo: ",
                "image_url": "https:\/\/bot.gyazo.com\/7425625e44e2021bd84d6c97c9fa6830.png",
                "image_width": 1309,
                "image_height": 830,
                "from_url": "https:\/\/gyazo.com\/7425625e44e2021bd84d6c97c9fa6830",
                "image_bytes": 35634,
                "title_link": "https:\/\/gyazo.com\/7425625e44e2021bd84d6c97c9fa6830",
                "service_icon": "https:\/\/gyazo.com\/favicon.ico",
                "id": 1
            }
        ],
        "ts": "1493202713.250553"
    },
    {
        "type": "message",
        "user": "U4CC4KN1E",
        "text": "im going to email homy both screen shots, get some feed back before continuing",
        "ts": "1493202739.256087"
    },
    {
        "type": "message",
        "user": "U4CC4KN1E",
        "text": "have we emailed him about weather we think we'll finish by next frisday?",
        "ts": "1493202755.259668"
    },
    {
        "type": "message",
        "user": "U4CC4KN1E",
        "text": "heres the color palette btw, in case you need the hex values",
        "ts": "1493202827.273976"
    },
    {
        "type": "message",
        "user": "U4CC4KN1E",
        "text": "<http:\/\/www.colourlovers.com\/palette\/92095\/Giant_Goldfish>",
        "attachments": [
            {
                "title": "Palette \/ Giant Goldfish :: COLOURlovers",
                "title_link": "http:\/\/www.colourlovers.com\/palette\/92095\/Giant_Goldfish",
                "text": "Giant Goldfish color palette by manekineko.",
                "fallback": "Palette \/ Giant Goldfish :: COLOURlovers",
                "from_url": "http:\/\/www.colourlovers.com\/palette\/92095\/Giant_Goldfish",
                "service_icon": "http:\/\/static.colourlovers.com\/images\/v4.0\/_\/misc\/apple-touch-icon.png",
                "service_name": "colourlovers.com",
                "id": 1
            }
        ],
        "ts": "1493202829.274328"
    },
    {
        "type": "message",
        "user": "U4DPU1SNB",
        "text": ":+1:",
        "ts": "1493203949.494396"
    },
    {
        "type": "message",
        "user": "U4A27FREU",
        "text": "Hey <@U4CD3EY4R> if you start on the logger before me set the logging to the database that way we don't have to juggle extra files and configurations there's a brief basic example here <https:\/\/www.tutorialspoint.com\/log4j\/log4j_logging_database.htm> ",
        "attachments": [
            {
                "service_name": "www.tutorialspoint.com",
                "title": "log4j Logging in Database",
                "title_link": "https:\/\/www.tutorialspoint.com\/log4j\/log4j_logging_database.htm",
                "text": "log4j Logging in Database - Learn how log4j framework works starting from environment setup, logging levels, methods, formatting, methods, file logging and database logging.",
                "fallback": "www.tutorialspoint.com: log4j Logging in Database",
                "from_url": "https:\/\/www.tutorialspoint.com\/log4j\/log4j_logging_database.htm",
                "service_icon": "https:\/\/www.tutorialspoint.com\/favicon.ico",
                "id": 1
            }
        ],
        "ts": "1493250979.022570"
    },
    {
        "type": "message",
        "user": "U4DPU1SNB",
        "text": "What's the business called again?",
        "ts": "1493274158.750209"
    },
    {
        "type": "message",
        "user": "U4DPU1SNB",
        "text": "Haha there's a dog grooming salon in melb called 'Pawesome Place'.",
        "ts": "1493274228.759279"
    },
    {
        "type": "message",
        "user": "U4A27FREU",
        "text": "Francois Le toiletteur pour animaux",
        "ts": "1493274286.765857"
    },
    {
        "type": "message",
        "user": "U4CC4KN1E",
        "text": "haha are we set on that lol",
        "ts": "1493274306.768621"
    },
    {
        "type": "message",
        "user": "U4A27FREU",
        "text": "We can change it if you want that just amused me when I changed it from the non animal salon version we had originally ",
        "ts": "1493274406.782730"
    }
]