[
    {
        "type": "message",
        "user": "U4DPU1SNB",
        "text": "Did Homy want us to leave all tasks in their respective weeks? Or should we move them to complete when they're done?",
        "ts": "1489478923.592772"
    },
    {
        "type": "message",
        "user": "U4A27FREU",
        "text": "I think it's move when done think it was meant to be like a sprint backlog",
        "ts": "1489479031.609447"
    },
    {
        "type": "message",
        "user": "U4DPU1SNB",
        "text": "Ok.. and were the tasks we discussed today meant to be due next Tuesday or this Friday?",
        "ts": "1489479058.613530"
    },
    {
        "type": "message",
        "user": "U4A27FREU",
        "text": "Friday",
        "ts": "1489479076.616167"
    }
]