[
    {
        "type": "message",
        "user": "U4DPU1SNB",
        "text": "Has anyone made a team on Trello? Or should I?",
        "ts": "1488939567.340103"
    },
    {
        "type": "message",
        "user": "U4CD3EY4R",
        "text": "I dont think anyone has yet. If you're able to migrate our board over to a new team then go for it.",
        "ts": "1488939693.343919"
    },
    {
        "user": "U4F72GQLU",
        "inviter": "U4DPU1SNB",
        "text": "<@U4F72GQLU|trello> has joined the channel",
        "type": "message",
        "subtype": "channel_join",
        "ts": "1488940079.355740"
    },
    {
        "type": "message",
        "user": "U4A27FREU",
        "text": "Booked the next 2 weeks for our Tuesday meetings same place and time",
        "ts": "1488955778.773303"
    },
    {
        "type": "message",
        "user": "U4A27FREU",
        "text": "Gave us an extra half hour though so we aren't quite as rushed if we need the time",
        "ts": "1488955899.776868"
    }
]