[
    {
        "type": "message",
        "user": "U4CD3EY4R",
        "text": "Alright, so I’ve got a bit of a roadblock. and this might be really obvious, but currently validateEntries is pass a series of ```Text postcerrortxt, HBox postcerrorbox,``` like pairs. Is there some data type tat I can use to just store these ‘tuples’?",
        "ts": "1493450340.380099"
    },
    {
        "type": "message",
        "user": "U4A27FREU",
        "text": "Hashmap key value pairs",
        "ts": "1493450402.382314"
    },
    {
        "type": "message",
        "user": "U4CD3EY4R",
        "text": "And I can use another Hashmap for storing hasEmpty, fnameerror, etc, and their values of true or false?",
        "ts": "1493450435.383535"
    },
    {
        "type": "message",
        "user": "U4A27FREU",
        "text": "Map&lt;Text,HBox&gt; map = new HasMap&lt;Text,HBox&gt;();",
        "ts": "1493450439.383660"
    },
    {
        "type": "message",
        "user": "U4CD3EY4R",
        "text": "Thanks a bunch ! :smile:",
        "ts": "1493450447.383936"
    },
    {
        "type": "message",
        "user": "U4A27FREU",
        "text": "may have to use a couple if the pairs are different objects\/datatypes",
        "ts": "1493450502.386103"
    },
    {
        "type": "message",
        "user": "U4CD3EY4R",
        "text": "Okay. Im going to make another method that takes in the ‘error’ boolean values, and sets appropriate error texts based off of that.\nBut I’ll play around with it now that I know which data type to use.",
        "ts": "1493450630.390886"
    },
    {
        "type": "message",
        "user": "U4A27FREU",
        "text": "Okay fixed the type retrival error but in doing so found 2 more confusing issues and ive been looking for quite a time as to what is wrong with it but cant seem to find out why\nFirst issue: bookings are not being assignged across multiple timeslot despite the same query being run (with starttime incremented) for each one\nSecond (bigger) issue: upon leaving the view bookings page (both customer and business) and returning to any booking page the bookings are being displayed as though the app has been restarted (erased and returned to default)\nif anyone has any insights it would be much appreciated",
        "ts": "1493519661.551930"
    },
    {
        "type": "message",
        "user": "U4A27FREU",
        "text": "Updated the class diagram and sent everyone invites to it.\nIf you create any new methods or change the reutrns and\/or params for any existing ones just pop it in the diagram",
        "ts": "1493522847.657540"
    },
    {
        "type": "message",
        "user": "U4CC4KN1E",
        "text": "with making the header consistent across the pages",
        "ts": "1493532474.950154"
    },
    {
        "type": "message",
        "user": "U4CC4KN1E",
        "text": "is there a place i can make a method that takes a VBox or HBox and fills it with all the elements of the header?",
        "ts": "1493532507.951118"
    },
    {
        "type": "message",
        "user": "U4CC4KN1E",
        "text": "where would i do a method like that?",
        "ts": "1493532514.951317"
    },
    {
        "type": "message",
        "user": "U4CC4KN1E",
        "text": "maybe just a new view called headerView?",
        "ts": "1493532609.954010"
    },
    {
        "type": "message",
        "user": "U4A27FREU",
        "text": "the way java works is different from other systems where you would do that kind of thing you could create some kind of shared controller or just create an element in utils.AppData that you can plug in",
        "ts": "1493532715.957115"
    },
    {
        "type": "message",
        "user": "U4CD3EY4R",
        "text": "Hmm seem to be having some trouble with passing a Map to the user registration controller. i create it in the view, eg ```Map textmap =new HashMap&lt;String,HBox&gt;()```\nNow when i access that in validateEntries, calling ```textmap.get(\"passerrortxt\").getChildren();``` it flags an error related to the texmap get key returning an Object type. \n\nIll make an issue on github.",
        "ts": "1493533291.971932"
    },
    {
        "type": "message",
        "user": "U4A27FREU",
        "text": "needs to be ''Map&lt;String,HBox&gt; textmap =new HashMap&lt;String,HBox&gt;()''",
        "ts": "1493533378.974090"
    },
    {
        "type": "message",
        "user": "U4CD3EY4R",
        "text": "Yea sorry thats what ive got. On my phone so excuse the typos",
        "ts": "1493533442.975562"
    }
]