[
    {
        "type": "message",
        "user": "U4DPU1SNB",
        "text": "`list.forEach(booking -&gt; System.out.println(booking));`?",
        "ts": "1491635519.073724"
    },
    {
        "type": "message",
        "user": "U4DPU1SNB",
        "text": "tried this and nothing prints. maybe my seed didn't work?",
        "ts": "1491635535.074195"
    },
    {
        "type": "message",
        "user": "U4A27FREU",
        "text": "Booking is an object you'll need to call .getX() with x being whatever attribute you want to display",
        "ts": "1491635609.076664"
    },
    {
        "type": "message",
        "user": "U4DPU1SNB",
        "text": "ohhhh right",
        "ts": "1491635626.077230"
    },
    {
        "type": "message",
        "user": "U4DPU1SNB",
        "text": "so `list.forEach(booking -&gt; System.out.println(booking.getEmployee()));`?",
        "ts": "1491635954.088763"
    },
    {
        "type": "message",
        "user": "U4A27FREU",
        "text": "That will print the employees email to the console",
        "ts": "1491636049.092162"
    },
    {
        "type": "message",
        "user": "U4DPU1SNB",
        "text": "Yeah doesn't seem to work.",
        "ts": "1491636165.096335"
    },
    {
        "type": "message",
        "user": "U4A27FREU",
        "text": "What does it say?",
        "ts": "1491636313.101036"
    },
    {
        "type": "message",
        "user": "U4DPU1SNB",
        "text": "It just doesn't print anything",
        "ts": "1491636329.101643"
    },
    {
        "type": "message",
        "user": "U4DPU1SNB",
        "text": "This does tho:",
        "ts": "1491636332.101742"
    },
    {
        "type": "message",
        "user": "U4DPU1SNB",
        "text": "`if(list.isEmpty()) {\n        \t System.out.println(\"List is empty\");\n         }`",
        "ts": "1491636335.101821"
    },
    {
        "type": "message",
        "user": "U4DPU1SNB",
        "text": "So I'm guessing my dummy data isn't working?",
        "ts": "1491636357.102530"
    },
    {
        "type": "message",
        "user": "U4DPU1SNB",
        "text": "The employees are there though",
        "ts": "1491636365.102797"
    },
    {
        "type": "message",
        "user": "U4A27FREU",
        "text": "My function might be stuffed I'll have a look",
        "ts": "1491636392.103682"
    },
    {
        "type": "message",
        "user": "U4A27FREU",
        "text": "does it preint a stack trace?",
        "ts": "1491636534.108267"
    },
    {
        "type": "message",
        "user": "U4DPU1SNB",
        "text": "nope",
        "ts": "1491636757.116407"
    },
    {
        "type": "message",
        "user": "U4A27FREU",
        "text": "okay i stuffed up looking for fix now",
        "ts": "1491636913.121920"
    },
    {
        "type": "message",
        "user": "U4A27FREU",
        "text": "should be fixed now i used a wrong field name for booking generation",
        "ts": "1491637916.158017"
    },
    {
        "type": "message",
        "user": "U4DPU1SNB",
        "text": "yep works now. :slightly_smiling_face:",
        "ts": "1491638202.167799"
    },
    {
        "type": "message",
        "user": "U4A27FREU",
        "text": "awesome",
        "ts": "1491638210.168029"
    },
    {
        "type": "message",
        "user": "U4CC4KN1E",
        "text": "<@U4A27FREU> so are you still working on getting the times updating in editAvailabilities",
        "ts": "1491642455.328241"
    },
    {
        "type": "message",
        "user": "U4CC4KN1E",
        "text": "im not sure what i should be doing rn",
        "ts": "1491642489.329364"
    },
    {
        "type": "message",
        "user": "U4CC4KN1E",
        "text": "i plan of fixing some of the prompts on editAvailbilities but id rather wait till its functional",
        "ts": "1491642519.330480"
    },
    {
        "type": "message",
        "user": "U4A27FREU",
        "text": "the function returns correct times now its just the auto updatring to the currently set values that isnt working",
        "ts": "1491643619.371063"
    },
    {
        "type": "message",
        "user": "U4A27FREU",
        "text": "I dont really understand the setup for it so i thought you might have better luck",
        "ts": "1491643708.374183"
    },
    {
        "type": "message",
        "user": "U4CC4KN1E",
        "text": "oh is that on the current master?",
        "ts": "1491643776.376532"
    },
    {
        "type": "message",
        "user": "U4A27FREU",
        "text": "yeah uploaded it earlier today",
        "ts": "1491643879.380826"
    },
    {
        "type": "message",
        "user": "U4CC4KN1E",
        "text": "ummm it looks like its working",
        "ts": "1491644300.396756"
    },
    {
        "type": "message",
        "user": "U4CC4KN1E",
        "text": "with the two seeded employees its loading and refreshing their times",
        "ts": "1491644314.397333"
    },
    {
        "type": "message",
        "user": "U4CC4KN1E",
        "text": "but im not able to add employees for some reason",
        "ts": "1491644321.397621"
    },
    {
        "type": "message",
        "user": "U4CC4KN1E",
        "text": "its seems to be failing here",
        "ts": "1491644618.408917"
    },
    {
        "type": "message",
        "user": "U4CC4KN1E",
        "text": "'\t\tif(!dbcont.runSQLUpdate()){\n\t\t\tdbcont.closeConnection();\n\t\t\treturn false;\n\t\t}'",
        "ts": "1491644632.409451"
    },
    {
        "type": "message",
        "user": "U4A27FREU",
        "text": "chasing it now",
        "ts": "1491644639.409727"
    },
    {
        "type": "message",
        "user": "U4CC4KN1E",
        "text": "im just gonna push now, added a couple of javafocs",
        "ts": "1491644661.410517"
    },
    {
        "type": "message",
        "user": "U4CC4KN1E",
        "text": "*docs",
        "ts": "1491644664.410635"
    },
    {
        "type": "message",
        "user": "U4CC4KN1E",
        "text": "in case you figure out what it is",
        "ts": "1491644675.411095"
    },
    {
        "type": "message",
        "user": "U4A27FREU",
        "text": "It seems that the database thinks that their is always a primary key violation when attempting to enter employees or availabilities even on startup now for whatever reason",
        "ts": "1491645141.427776"
    },
    {
        "type": "message",
        "user": "U4CC4KN1E",
        "text": "also i moved some stuff from the sprint backlog to the week 6, if anyone wants to check im pretty those i moved are done",
        "ts": "1491645169.428751"
    },
    {
        "type": "message",
        "user": "U4A27FREU",
        "text": "figured it out somewhere along the line a setString has been deleted by someone",
        "ts": "1491646282.470288"
    },
    {
        "type": "message",
        "user": "U4A27FREU",
        "text": "pulling fixing and uploading in just a monent",
        "ts": "1491646297.470804"
    },
    {
        "type": "message",
        "user": "U4DPU1SNB",
        "text": "kay i finished my part. it's just super ugly rn.",
        "ts": "1491647223.504778"
    },
    {
        "type": "message",
        "user": "U4DPU1SNB",
        "text": "btw i tried to add a method to employee controller so that i can get their name from the email, and display that rather than their email, but it didn't work. so riight now bookings view displays their email rather than name.",
        "ts": "1491647273.506582"
    },
    {
        "type": "message",
        "user": "U4DPU1SNB",
        "text": "important?",
        "ts": "1491647318.508089"
    },
    {
        "type": "message",
        "user": "U4A27FREU",
        "text": "you can mimic what i do in the getEmployees method if you want to implement it",
        "ts": "1491647362.509675"
    },
    {
        "type": "message",
        "user": "U4CC4KN1E",
        "text": "I think it's in the reverse, getting name from email instead of email from name, which is what I think it's currently does",
        "ts": "1491647454.513450"
    },
    {
        "type": "message",
        "subtype": "file_share",
        "text": "<@U4DPU1SNB|jasmine> uploaded a file: <https:\/\/septsem12017.slack.com\/files\/jasmine\/F4X62GDFG\/-.txt|Untitled>",
        "file": {
            "id": "F4X62GDFG",
            "created": 1491647496,
            "timestamp": 1491647496,
            "name": "-.txt",
            "title": "Untitled",
            "mimetype": "text\/plain",
            "filetype": "text",
            "pretty_type": "Plain Text",
            "user": "U4DPU1SNB",
            "editable": true,
            "size": 738,
            "mode": "snippet",
            "is_external": false,
            "external_type": "",
            "is_public": true,
            "public_url_shared": false,
            "display_as_bot": false,
            "username": "",
            "url_private": "https:\/\/files.slack.com\/files-pri\/T4AQZCLH2-F4X62GDFG\/-.txt?t=xoxe-146849428580-175979589232-176575279027-2e3d2cc757",
            "url_private_download": "https:\/\/files.slack.com\/files-pri\/T4AQZCLH2-F4X62GDFG\/download\/-.txt?t=xoxe-146849428580-175979589232-176575279027-2e3d2cc757",
            "permalink": "https:\/\/septsem12017.slack.com\/files\/jasmine\/F4X62GDFG\/-.txt",
            "permalink_public": "https:\/\/slack-files.com\/T4AQZCLH2-F4X62GDFG-b96325b5ed",
            "edit_link": "https:\/\/septsem12017.slack.com\/files\/jasmine\/F4X62GDFG\/-.txt\/edit",
            "preview": "\/\/ Get employee name from email (used when listing bookings)\r\n\tpublic String getName(String email) {\r\n\t\tDatabaseController dbcont = new DatabaseController(new DatabaseModel());\r\n\t\tString sql=\"\",name;\r\n\t\tResultSet res;\r",
            "preview_highlight": "<div class=\"CodeMirror cm-s-default CodeMirrorServer\" oncopy=\"if(event.clipboardData){event.clipboardData.setData('text\/plain',window.getSelection().toString().replace(\/\\u200b\/g,''));event.preventDefault();event.stopPropagation();}\">\n<div class=\"CodeMirror-code\">\n<div><pre>\/\/ Get employee name from email (used when listing bookings)<\/pre><\/div>\n<div><pre>    public String getName(String email) {<\/pre><\/div>\n<div><pre>        DatabaseController dbcont = new DatabaseController(new DatabaseModel());<\/pre><\/div>\n<div><pre>        String sql=&quot;&quot;,name;<\/pre><\/div>\n<div><pre>        ResultSet res;<\/pre><\/div>\n<div><pre><\/pre><\/div>\n<\/div>\n<\/div>\n",
            "lines": 27,
            "lines_more": 22,
            "preview_is_truncated": false,
            "channels": [
                "C4BDL1N5U"
            ],
            "groups": [],
            "ims": [],
            "comments_count": 0
        },
        "user": "U4DPU1SNB",
        "upload": true,
        "display_as_bot": false,
        "username": "jasmine",
        "bot_id": null,
        "ts": "1491647497.515136"
    },
    {
        "type": "message",
        "user": "U4A27FREU",
        "text": "ill add name to the booking model also just trying to fix 6 things at once atm",
        "ts": "1491647517.516042"
    },
    {
        "type": "message",
        "user": "U4DPU1SNB",
        "text": "i can try to do it.",
        "ts": "1491647548.517188"
    },
    {
        "type": "message",
        "user": "U4DPU1SNB",
        "text": "this seems to affect roster as well since they're tied together.",
        "ts": "1491648637.557558"
    },
    {
        "type": "message",
        "user": "U4A27FREU",
        "text": "ill fix it in just a sec nearly their",
        "ts": "1491648801.563817"
    },
    {
        "type": "message",
        "user": "U4A27FREU",
        "text": "there*",
        "ts": "1491648823.564634"
    },
    {
        "type": "message",
        "user": "U4A27FREU",
        "text": "whole bunch of fixes just uploaded as well as a function in the booking controller .getNameFromEmail() that should help with displaying the employee name on the bookings page just pass it their email and it should work ( in theory :disappointed: )",
        "ts": "1491650137.615455"
    },
    {
        "type": "message",
        "user": "U4DPU1SNB",
        "text": "Got it to work. :yum:",
        "ts": "1491650971.646270"
    },
    {
        "type": "message",
        "user": "U4A27FREU",
        "text": "Excellent",
        "ts": "1491651079.650759"
    },
    {
        "type": "message",
        "user": "U4A27FREU",
        "text": "<@U4CD3EY4R> are you okay to finish up\/separate out the unit tests today?",
        "ts": "1491701682.141880"
    },
    {
        "type": "message",
        "user": "U4A27FREU",
        "text": "the class diagram is now on the trello (link on the card in the sprint backlog) if everyone could take a look and see if i missed anything that would be great",
        "ts": "1491704579.250482"
    },
    {
        "type": "message",
        "user": "U4CD3EY4R",
        "text": "Umm I’m sort of confused how to test for view\/edit roster actually",
        "ts": "1491705852.293787"
    },
    {
        "type": "message",
        "user": "U4A27FREU",
        "text": "you can add avbailabilities then you can use the  getAvailabilityString() method to test whether they were correctly entered by passing it the dayofweek and employee you just entered the calling .get(\"StartTime\") and .get(\"FinishTime\") to the Map it gives you and compare those to what you entered",
        "ts": "1491706211.306221"
    },
    {
        "type": "message",
        "user": "U4CD3EY4R",
        "text": "Ah cool",
        "ts": "1491706707.322985"
    },
    {
        "type": "message",
        "user": "U4CD3EY4R",
        "text": "can someone upload their .project + .classpath files here?",
        "ts": "1491707088.336531"
    },
    {
        "type": "message",
        "subtype": "file_share",
        "text": "<@U4A27FREU|s3529120> uploaded a file: <https:\/\/septsem12017.slack.com\/files\/s3529120\/F4X9GLT5L\/.classpath|.classpath>",
        "file": {
            "id": "F4X9GLT5L",
            "created": 1491707413,
            "timestamp": 1491707413,
            "name": ".classpath",
            "title": ".classpath",
            "mimetype": "text\/plain",
            "filetype": "text",
            "pretty_type": "Plain Text",
            "user": "U4A27FREU",
            "editable": true,
            "size": 444,
            "mode": "snippet",
            "is_external": false,
            "external_type": "",
            "is_public": true,
            "public_url_shared": false,
            "display_as_bot": false,
            "username": "",
            "url_private": "https:\/\/files.slack.com\/files-pri\/T4AQZCLH2-F4X9GLT5L\/.classpath?t=xoxe-146849428580-175979589232-176575279027-2e3d2cc757",
            "url_private_download": "https:\/\/files.slack.com\/files-pri\/T4AQZCLH2-F4X9GLT5L\/download\/.classpath?t=xoxe-146849428580-175979589232-176575279027-2e3d2cc757",
            "permalink": "https:\/\/septsem12017.slack.com\/files\/s3529120\/F4X9GLT5L\/.classpath",
            "permalink_public": "https:\/\/slack-files.com\/T4AQZCLH2-F4X9GLT5L-73c2f8d6f7",
            "edit_link": "https:\/\/septsem12017.slack.com\/files\/s3529120\/F4X9GLT5L\/.classpath\/edit",
            "preview": "<?xml version=\"1.0\" encoding=\"UTF-8\"?>\r\n<classpath>\r\n\t<classpathentry kind=\"src\" path=\"src\"\/>\r\n\t<classpathentry kind=\"con\" path=\"org.eclipse.jdt.launching.JRE_CONTAINER\/org.eclipse.jdt.internal.debug.ui.launcher.StandardVMType\/JavaSE-1.8\"\/>\r\n\t<classpathentry kind=\"lib\" path=\"src\/sqlite-jdbc-3.16.1.jar\"\/>\r",
            "preview_highlight": "<div class=\"CodeMirror cm-s-default CodeMirrorServer\" oncopy=\"if(event.clipboardData){event.clipboardData.setData('text\/plain',window.getSelection().toString().replace(\/\\u200b\/g,''));event.preventDefault();event.stopPropagation();}\">\n<div class=\"CodeMirror-code\">\n<div><pre>&lt;?xml version=&quot;1.0&quot; encoding=&quot;UTF-8&quot;?&gt;<\/pre><\/div>\n<div><pre>&lt;classpath&gt;<\/pre><\/div>\n<div><pre>    &lt;classpathentry kind=&quot;src&quot; path=&quot;src&quot;\/&gt;<\/pre><\/div>\n<div><pre>    &lt;classpathentry kind=&quot;con&quot; path=&quot;org.eclipse.jdt.launching.JRE_CONTAINER\/org.eclipse.jdt.internal.debug.ui.launcher.StandardVMType\/JavaSE-1.8&quot;\/&gt;<\/pre><\/div>\n<div><pre>    &lt;classpathentry kind=&quot;lib&quot; path=&quot;src\/sqlite-jdbc-3.16.1.jar&quot;\/&gt;<\/pre><\/div>\n<div><pre><\/pre><\/div>\n<\/div>\n<\/div>\n",
            "lines": 9,
            "lines_more": 4,
            "preview_is_truncated": false,
            "channels": [
                "C4BDL1N5U"
            ],
            "groups": [],
            "ims": [],
            "comments_count": 0
        },
        "user": "U4A27FREU",
        "upload": true,
        "display_as_bot": false,
        "username": "s3529120",
        "bot_id": null,
        "ts": "1491707414.347164"
    },
    {
        "type": "message",
        "subtype": "file_share",
        "text": "<@U4A27FREU|s3529120> uploaded a file: <https:\/\/septsem12017.slack.com\/files\/s3529120\/F4WMH2F1T\/.project|.project>",
        "file": {
            "id": "F4WMH2F1T",
            "created": 1491707424,
            "timestamp": 1491707424,
            "name": ".project",
            "title": ".project",
            "mimetype": "text\/plain",
            "filetype": "text",
            "pretty_type": "Plain Text",
            "user": "U4A27FREU",
            "editable": true,
            "size": 576,
            "mode": "snippet",
            "is_external": false,
            "external_type": "",
            "is_public": true,
            "public_url_shared": false,
            "display_as_bot": false,
            "username": "",
            "url_private": "https:\/\/files.slack.com\/files-pri\/T4AQZCLH2-F4WMH2F1T\/.project?t=xoxe-146849428580-175979589232-176575279027-2e3d2cc757",
            "url_private_download": "https:\/\/files.slack.com\/files-pri\/T4AQZCLH2-F4WMH2F1T\/download\/.project?t=xoxe-146849428580-175979589232-176575279027-2e3d2cc757",
            "permalink": "https:\/\/septsem12017.slack.com\/files\/s3529120\/F4WMH2F1T\/.project",
            "permalink_public": "https:\/\/slack-files.com\/T4AQZCLH2-F4WMH2F1T-79ff586fbe",
            "edit_link": "https:\/\/septsem12017.slack.com\/files\/s3529120\/F4WMH2F1T\/.project\/edit",
            "preview": "<?xml version=\"1.0\" encoding=\"UTF-8\"?>\r\n<projectDescription>\r\n\t<name>Booking Site<\/name>\r\n\t<comment><\/comment>\r\n\t<projects>\r",
            "preview_highlight": "<div class=\"CodeMirror cm-s-default CodeMirrorServer\" oncopy=\"if(event.clipboardData){event.clipboardData.setData('text\/plain',window.getSelection().toString().replace(\/\\u200b\/g,''));event.preventDefault();event.stopPropagation();}\">\n<div class=\"CodeMirror-code\">\n<div><pre>&lt;?xml version=&quot;1.0&quot; encoding=&quot;UTF-8&quot;?&gt;<\/pre><\/div>\n<div><pre>&lt;projectDescription&gt;<\/pre><\/div>\n<div><pre>    &lt;name&gt;Booking Site&lt;\/name&gt;<\/pre><\/div>\n<div><pre>    &lt;comment&gt;&lt;\/comment&gt;<\/pre><\/div>\n<div><pre>    &lt;projects&gt;<\/pre><\/div>\n<div><pre><\/pre><\/div>\n<\/div>\n<\/div>\n",
            "lines": 24,
            "lines_more": 19,
            "preview_is_truncated": false,
            "channels": [
                "C4BDL1N5U"
            ],
            "groups": [],
            "ims": [],
            "comments_count": 0
        },
        "user": "U4A27FREU",
        "upload": true,
        "display_as_bot": false,
        "username": "s3529120",
        "bot_id": null,
        "ts": "1491707425.347606"
    },
    {
        "type": "message",
        "user": "U4CD3EY4R",
        "text": "Thanks.",
        "ts": "1491707632.354791"
    },
    {
        "type": "message",
        "user": "U4CD3EY4R",
        "text": "I’ve just merged viewAvailabiliy and editAvailiability into a new test class simply called RosterTest",
        "edited": {
            "user": "U4CD3EY4R",
            "ts": "1491710521.000000"
        },
        "ts": "1491710503.448006"
    },
    {
        "type": "message",
        "user": "U4DPU1SNB",
        "text": "<@U4CD3EY4R> You made this slack channel right? I think you're the only one who can export it.",
        "ts": "1491711774.488298"
    },
    {
        "type": "message",
        "user": "U4CD3EY4R",
        "text": "No worries, ill attach it to the card asap",
        "ts": "1491713062.527386"
    },
    {
        "type": "message",
        "user": "U4CD3EY4R",
        "text": "I think it might be Thom. <https:\/\/septsem12017.slack.com\/services\/export> I don’t have any options to do anything from this page.",
        "ts": "1491713148.530291"
    },
    {
        "type": "message",
        "user": "U4DPU1SNB",
        "text": "<@U4A27FREU>",
        "ts": "1491713310.535007"
    },
    {
        "type": "message",
        "user": "U4A27FREU",
        "text": "processing",
        "ts": "1491713675.545605"
    },
    {
        "type": "message",
        "user": "U4CC4KN1E",
        "text": "So how close to done are we? Is there anything i can do?",
        "ts": "1491713745.547601"
    },
    {
        "type": "message",
        "user": "U4A27FREU",
        "text": "in the resources card",
        "ts": "1491714252.563405"
    },
    {
        "type": "message",
        "user": "U4A27FREU",
        "text": "<@U4CC4KN1E> if you want to just open it up and see if the input validation works as intended Homy said he was going to try to break it",
        "ts": "1491714314.565334"
    },
    {
        "type": "message",
        "user": "U4CD3EY4R",
        "text": "Guys, is there an error in EditAvailabilitiesView &amp; AddEmployeeView?",
        "ts": "1491714972.584567"
    },
    {
        "type": "message",
        "user": "U4DPU1SNB",
        "text": "not on my end",
        "ts": "1491715678.604666"
    },
    {
        "type": "message",
        "user": "U4A27FREU",
        "text": "Tested it this morning and it all worked fine",
        "ts": "1491715728.606175"
    },
    {
        "type": "message",
        "user": "U4CD3EY4R",
        "text": "Can you double check? I think i may have made a mistake when merging the test branch into master",
        "ts": "1491716270.622271"
    },
    {
        "type": "message",
        "user": "U4A27FREU",
        "text": "All works for me",
        "ts": "1491717196.647954"
    },
    {
        "type": "message",
        "user": "U4CD3EY4R",
        "text": "Okay must be a local issue",
        "ts": "1491719666.722044"
    },
    {
        "type": "message",
        "user": "U4A27FREU",
        "text": " I did notice one of the tests uses 'getAvailabilty()' rather than 'getAvailabiltyString()'",
        "ts": "1491719751.724592"
    },
    {
        "type": "message",
        "user": "U4CC4KN1E",
        "text": "im seeing that as well",
        "ts": "1491719773.725269"
    },
    {
        "type": "message",
        "user": "U4CD3EY4R",
        "text": "Fixed.",
        "ts": "1491719806.726300"
    },
    {
        "type": "message",
        "user": "U4DPU1SNB",
        "text": "I finished my part. Just need to do MVC diagram now.",
        "ts": "1491719839.727249"
    },
    {
        "type": "message",
        "user": "U4CC4KN1E",
        "text": "is view bookings meant to be showing all the available times even if theres no booking in them?",
        "ts": "1491719873.728155"
    },
    {
        "type": "message",
        "user": "U4A27FREU",
        "text": "It shows all bookings that have been generated which is every slot inside employees availabilities customers cannot be assign as of yet as such there is no filter for filled or unfilled",
        "ts": "1491720005.732170"
    },
    {
        "type": "message",
        "user": "U4DPU1SNB",
        "text": "I made it so it only displays customer and type if it's filled. when we do that part i can also make it so the one's that are booked have a different background color.",
        "ts": "1491720057.733991"
    },
    {
        "type": "message",
        "user": "U4CC4KN1E",
        "text": "i thought we were seeding some bookings with customers and only displaying those",
        "ts": "1491720066.734261"
    },
    {
        "type": "message",
        "user": "U4A27FREU",
        "text": "Contrary to the requirements for the business and it would be a waste of time to add the filter for customers at the moment",
        "ts": "1491720126.735974"
    },
    {
        "type": "message",
        "user": "U4CC4KN1E",
        "text": "i dont really mind, i might just be mistaken on what we decided",
        "ts": "1491720156.736809"
    },
    {
        "type": "message",
        "user": "U4A27FREU",
        "text": "Would take a bit of time leave it for part b or we might mess something up trying to get it to work",
        "ts": "1491720613.750322"
    },
    {
        "type": "message",
        "user": "U4A27FREU",
        "text": "Also let me know when everyone is done editing the project itself and I'll make it into an executable version as there's a few tweaks that need to be made to make it work correctly ",
        "ts": "1491720705.753451"
    },
    {
        "type": "message",
        "user": "U4CC4KN1E",
        "text": "i just want to add a prompt to edit availabilities saying which days were saved then ill quite happy iwth what we've got",
        "ts": "1491720766.755197"
    },
    {
        "type": "message",
        "user": "U4A27FREU",
        "text": "Just make sure you test it with a few different inputs before you push as well",
        "ts": "1491720843.757413"
    }
]