[
    {
        "type": "message",
        "user": "U4CD3EY4R",
        "text": "So tomorrow are we expected to present what we've been working on so far to our tutorial class?",
        "ts": "1489054136.889438"
    },
    {
        "type": "message",
        "user": "U4CC4KN1E",
        "text": "Damn I hope not, that would be a waste of a tute",
        "ts": "1489054168.893223"
    },
    {
        "type": "message",
        "user": "U4A27FREU",
        "text": "Yes but the spec just says to prove you have formed groups",
        "ts": "1489054172.893742"
    },
    {
        "type": "message",
        "user": "U4CC4KN1E",
        "text": "I'm hoping it's going to be us in groups and the tutor has a check on each I'm guessing",
        "ts": "1489054205.897385"
    },
    {
        "type": "message",
        "user": "U4A27FREU",
        "text": "I dare say that will be the extent of it it is unmarked regardless ",
        "ts": "1489054243.901669"
    },
    {
        "type": "message",
        "user": "U4CD3EY4R",
        "text": "Ah my mistake.",
        "ts": "1489054249.902314"
    },
    {
        "type": "message",
        "user": "U4CD3EY4R",
        "text": "I remember lawrence saying something about it bu maybe he meant week 3 onward. I forgot we were only in week 2.",
        "ts": "1489054278.905667"
    },
    {
        "type": "message",
        "user": "U4A27FREU",
        "text": "Week 3 onwards we just do a standup for 1 min each",
        "ts": "1489054316.909951"
    },
    {
        "type": "message",
        "user": "U4CD3EY4R",
        "text": "Yep okay.",
        "ts": "1489054327.911102"
    },
    {
        "type": "message",
        "user": "U4CD3EY4R",
        "text": "Some things from the tute\n-Homy is the client. One of us is the product owner.\n-requirements can change at any point, but he said we can reject or accept those changes\n-add Homy to our trello board and github repo\n-lean testing for testing and bug reports\n",
        "ts": "1489111991.491940"
    },
    {
        "type": "message",
        "user": "U4A27FREU",
        "text": "Thanks for the update. He say how lean the eating should be it's has a high potential for diversity, isolated to key functions or more diverse but less detailed tests?",
        "ts": "1489112218.510018"
    },
    {
        "type": "message",
        "user": "U4CD3EY4R",
        "text": "He briefly mentioned it but i can try to clarify.",
        "ts": "1489112330.519127"
    },
    {
        "type": "message",
        "user": "U4A27FREU",
        "text": "Sorry to be a pain but it is the next task don't want to start doing the wrong thing",
        "ts": "1489112385.523584"
    },
    {
        "type": "message",
        "user": "U4CD3EY4R",
        "text": "No not at all. Im just hesitant that i dont understand lean enough to talk about it with Homy haha",
        "ts": "1489112416.526029"
    },
    {
        "type": "message",
        "user": "U4CC4KN1E",
        "text": "that was meant to say \"how lean the testing should be\" right, got me a little confused",
        "ts": "1489112451.528765"
    },
    {
        "type": "message",
        "user": "U4CC4KN1E",
        "text": "also he said that we should have our first functioanl product next meeting",
        "ts": "1489112492.531885"
    },
    {
        "type": "message",
        "user": "U4A27FREU",
        "text": "Oh I thought you meant lean the adjective rather than the suite ",
        "ts": "1489112539.535805"
    },
    {
        "type": "message",
        "user": "U4A27FREU",
        "text": "Pumping out the user account registration would only take 25 mins",
        "ts": "1489112655.545379"
    },
    {
        "type": "message",
        "user": "U4CD3EY4R",
        "text": "Also Jasmine has created a new team on trello as well and moved the board to the team. The new board is titled 'Group 2 Booking'. I think we should mugrate our workflow to this team board if thats fine by you. We've also added Homy so he can view our progress.",
        "ts": "1489112826.560047"
    },
    {
        "type": "message",
        "user": "U4A27FREU",
        "text": "Sounds good",
        "ts": "1489112961.571066"
    },
    {
        "type": "message",
        "user": "U4CD3EY4R",
        "text": "Cool. Another advice he gave was to have a list for each week, and those act as our sprints.",
        "ts": "1489112992.573632"
    },
    {
        "type": "message",
        "user": "U4CD3EY4R",
        "text": "Alright so my comouter is out of action for a little bit. Should have it back by tuesday, but over the weekend im going to look into java database connection (JDBC) with sqlite.",
        "ts": "1489121753.194735"
    },
    {
        "type": "message",
        "user": "U4A27FREU",
        "text": "Its pretty straightforward once you get it set up",
        "ts": "1489123893.337322"
    },
    {
        "type": "message",
        "user": "U4A27FREU",
        "text": "Before Tuesday I'll aim to put together userAccount creation and a bit more of the basic classes I'll leave the data storage after the meeting though",
        "ts": "1489124044.348631"
    },
    {
        "type": "message",
        "user": "U4CC4KN1E",
        "text": "Good idea, once we have something tangible to work on I think I'll be able to help more. Right now I'm not comfortable starting\/crating files because I don't quite know how it works with the framework\/other tools we're using",
        "ts": "1489124212.361344"
    },
    {
        "type": "message",
        "user": "U4CC4KN1E",
        "text": "*creating",
        "ts": "1489124235.362792"
    },
    {
        "type": "message",
        "user": "U4A27FREU",
        "text": "Sounds good. If we could also get a few test cases out that would be awesome, one for each of the user stories should be enough.",
        "ts": "1489124395.373452"
    }
]