[
    {
        "type": "message",
        "user": "U4DPU1SNB",
        "text": "who is this?? <https:\/\/github.com\/ladecaz>",
        "attachments": [
            {
                "service_name": "GitHub",
                "title": "ladecaz",
                "title_link": "https:\/\/github.com\/ladecaz",
                "text": "ladecaz has 1 repository available. Follow their code on GitHub.",
                "fallback": "GitHub: ladecaz",
                "from_url": "https:\/\/github.com\/ladecaz",
                "thumb_url": "https:\/\/avatars3.githubusercontent.com\/u\/19367737?v=3&s=400",
                "thumb_width": 250,
                "thumb_height": 250,
                "service_icon": "https:\/\/a.slack-edge.com\/bfaba\/img\/unfurl_icons\/github.png",
                "id": 1
            }
        ],
        "ts": "1491562609.464911"
    },
    {
        "type": "message",
        "user": "U4CC4KN1E",
        "text": "Me sorry",
        "ts": "1491563894.691000"
    },
    {
        "type": "message",
        "user": "U4CC4KN1E",
        "text": "That was that one time I somehow pushed from personal account",
        "ts": "1491563914.694608"
    },
    {
        "type": "message",
        "user": "U4A27FREU",
        "text": "setSelection() is being passed the employees name rather than their email",
        "ts": "1491606024.445317"
    },
    {
        "type": "message",
        "user": "U4A27FREU",
        "text": "Okay fixed the getAvailabilityPair function.... however i still cant get it to update the default maybe someone else can see what the issue is their",
        "ts": "1491608560.744496"
    },
    {
        "type": "message",
        "user": "U4A27FREU",
        "text": "added comments and javadocs to most of the program there is a few i left as the people who wrote those ones would have a better idea of its intention than I",
        "ts": "1491626728.769989"
    },
    {
        "type": "message",
        "user": "U4A27FREU",
        "text": "if you want to have a quick look through and see if your part(s) need them added that would be great",
        "ts": "1491626757.771043"
    },
    {
        "type": "message",
        "user": "U4DPU1SNB",
        "text": "Weird... after I pulled from master all my jar files disappeared.",
        "ts": "1491630444.899741"
    },
    {
        "type": "message",
        "user": "U4CD3EY4R",
        "text": "That is weird.",
        "ts": "1491630527.902331"
    },
    {
        "type": "message",
        "user": "U4A27FREU",
        "text": "just download as a zip if its giving you issues",
        "ts": "1491630921.914769"
    },
    {
        "type": "message",
        "user": "U4DPU1SNB",
        "text": "I'm getting a null pointer exception when i tried to login..",
        "ts": "1491631804.945793"
    },
    {
        "type": "message",
        "user": "U4DPU1SNB",
        "text": "From this line `Text h1 = new Text(\"Welcome \"+cont.getModel().getBusinessName()+\"!\");`",
        "ts": "1491631994.952634"
    },
    {
        "type": "message",
        "user": "U4CC4KN1E",
        "text": "jumping on now to add some javadocs to the ones i mdae",
        "ts": "1491631999.952803"
    },
    {
        "type": "message",
        "user": "U4CC4KN1E",
        "text": "also how we going with get availability?",
        "ts": "1491632007.953090"
    },
    {
        "type": "message",
        "user": "U4CC4KN1E",
        "text": "same thing happened to me, jars are gone",
        "ts": "1491632411.966791"
    },
    {
        "type": "message",
        "user": "U4CC4KN1E",
        "text": "should i push a version with them back in?",
        "ts": "1491632453.968255"
    },
    {
        "type": "message",
        "user": "U4DPU1SNB",
        "text": "i have the jars again but i can't login. idk why i keep running into problems like this..",
        "ts": "1491632710.976771"
    },
    {
        "type": "message",
        "user": "U4CC4KN1E",
        "text": "no i just tested, happenign to me too",
        "ts": "1491632765.978631"
    },
    {
        "type": "message",
        "user": "U4DPU1SNB",
        "text": "ok good. i thought it was just gonna be me again like with registration. lol",
        "ts": "1491632849.981269"
    },
    {
        "type": "message",
        "user": "U4CC4KN1E",
        "text": "i might have found the problem",
        "ts": "1491632937.983920"
    },
    {
        "type": "message",
        "user": "U4CC4KN1E",
        "text": "i think it might be these two chnages",
        "ts": "1491632997.985747"
    },
    {
        "type": "message",
        "user": "U4CC4KN1E",
        "text": "<https:\/\/gyazo.com\/92706875af89b6135ee0d6b668a4aeeb>",
        "attachments": [
            {
                "service_name": "Gyazo",
                "service_url": "https:\/\/gyazo.com",
                "fallback": "Gyazo Photo: ",
                "image_url": "https:\/\/bot.gyazo.com\/92706875af89b6135ee0d6b668a4aeeb.png",
                "image_width": 1153,
                "image_height": 102,
                "from_url": "https:\/\/gyazo.com\/92706875af89b6135ee0d6b668a4aeeb",
                "image_bytes": 13193,
                "title_link": "https:\/\/gyazo.com\/92706875af89b6135ee0d6b668a4aeeb",
                "service_icon": "https:\/\/gyazo.com\/favicon.ico",
                "id": 1
            }
        ],
        "ts": "1491632998.985780"
    },
    {
        "type": "message",
        "user": "U4CC4KN1E",
        "text": "<https:\/\/gyazo.com\/757226abcf59efff2385178552a3a179>",
        "attachments": [
            {
                "service_name": "Gyazo",
                "service_url": "https:\/\/gyazo.com",
                "fallback": "Gyazo Photo: ",
                "image_url": "https:\/\/bot.gyazo.com\/757226abcf59efff2385178552a3a179.png",
                "image_width": 1136,
                "image_height": 121,
                "from_url": "https:\/\/gyazo.com\/757226abcf59efff2385178552a3a179",
                "image_bytes": 15869,
                "title_link": "https:\/\/gyazo.com\/757226abcf59efff2385178552a3a179",
                "service_icon": "https:\/\/gyazo.com\/favicon.ico",
                "id": 1
            }
        ],
        "ts": "1491633002.985978"
    },
    {
        "type": "message",
        "user": "U4CD3EY4R",
        "text": "On slack you can add code snippets btw :)",
        "ts": "1491633120.990444"
    },
    {
        "type": "message",
        "user": "U4CC4KN1E",
        "text": "nah that wasnt it",
        "ts": "1491633128.990688"
    },
    {
        "type": "message",
        "user": "U4CC4KN1E",
        "text": "fixed it",
        "ts": "1491633217.993589"
    },
    {
        "type": "message",
        "user": "U4CC4KN1E",
        "text": "puhing now",
        "ts": "1491633219.993657"
    },
    {
        "type": "message",
        "user": "U4CC4KN1E",
        "text": "pull now and give it a try",
        "ts": "1491633362.998532"
    },
    {
        "type": "message",
        "user": "U4DPU1SNB",
        "text": "awesome! works now",
        "ts": "1491633486.002853"
    },
    {
        "type": "message",
        "user": "U4A27FREU",
        "text": "I removed the direct model passing must have forgotten to remove all the times it was called",
        "ts": "1491633693.009736"
    },
    {
        "type": "message",
        "user": "U4CC4KN1E",
        "text": "yeah sorry, ill ive done to fix it is undo that change, but i see what you were trying to do, not sure why it didnt work",
        "ts": "1491633783.012747"
    },
    {
        "type": "message",
        "user": "U4A27FREU",
        "text": "I'll fix it up a bit later more thoroughly this time though",
        "ts": "1491633920.017356"
    },
    {
        "type": "message",
        "user": "U4A27FREU",
        "text": "Did anyone have any luck with the auto updating the roster?",
        "ts": "1491633960.018823"
    },
    {
        "type": "message",
        "user": "U4CC4KN1E",
        "text": "i have a plan to troubleshoot it a little, but no idea on fixing it",
        "ts": "1491633980.019530"
    },
    {
        "type": "message",
        "user": "U4CC4KN1E",
        "text": "is getAvailability \/ getAvailabilityString working?",
        "ts": "1491633998.020129"
    },
    {
        "type": "message",
        "user": "U4A27FREU",
        "text": "Yeah the view was passing the employees name rather than their email",
        "ts": "1491634165.025698"
    },
    {
        "type": "message",
        "user": "U4CC4KN1E",
        "text": "oohhhohohohoohohohohhhhhhhh",
        "ts": "1491634220.027486"
    },
    {
        "type": "message",
        "user": "U4CC4KN1E",
        "text": "fk",
        "ts": "1491634221.027549"
    },
    {
        "type": "message",
        "user": "U4CC4KN1E",
        "text": "and we cant search the database with the given name because they're not unique identifyers",
        "ts": "1491634282.029603"
    },
    {
        "type": "message",
        "user": "U4CC4KN1E",
        "text": "maybe i could make a map the the view has",
        "ts": "1491634373.032550"
    },
    {
        "type": "message",
        "user": "U4CC4KN1E",
        "text": "it would rely on the combination of not having any ideantical first and last names",
        "ts": "1491634402.033456"
    },
    {
        "type": "message",
        "user": "U4A27FREU",
        "text": "Yep just changed it so getEmployes passes a map with both and it uses the name to get the email",
        "ts": "1491634402.033471"
    },
    {
        "type": "message",
        "user": "U4DPU1SNB",
        "text": "`List&lt;BookingModel&gt; list = cont.getBookings();`. Is that right?",
        "ts": "1491634634.040803"
    },
    {
        "type": "message",
        "user": "U4A27FREU",
        "text": "Yeah then just use the .forEach() method of the list to display all of them.",
        "ts": "1491634706.043145"
    }
]