[
    {
        "type": "message",
        "user": "U4DPU1SNB",
        "text": "Ok that worked. :slightly_smiling_face:",
        "ts": "1495611284.647659"
    },
    {
        "type": "message",
        "user": "U4DPU1SNB",
        "text": "In filterBookings method, user attribute is meant to be username, right?",
        "ts": "1495612578.919234"
    },
    {
        "type": "message",
        "user": "U4DPU1SNB",
        "text": "`AppData.CALLER.toString()`returns `accounts.UserAccountModel@227dd1cc`. I think that might be why you can't see bookings you make as a customer.",
        "ts": "1495612639.932860"
    },
    {
        "type": "message",
        "user": "U4A27FREU",
        "text": "if you want the username you need to call\n'\nAppData.CALLER.getUsername();\n'",
        "ts": "1495612878.990710"
    },
    {
        "type": "message",
        "user": "U4A27FREU",
        "text": "yeah ive stuffed it there if you replace it with what i just wrote it should work",
        "ts": "1495613031.028233"
    },
    {
        "type": "message",
        "user": "U4DPU1SNB",
        "text": "Fixed.",
        "ts": "1495613667.172308"
    },
    {
        "type": "message",
        "user": "U4A27FREU",
        "text": "Thanks",
        "ts": "1495613933.234478"
    },
    {
        "type": "message",
        "user": "U4DPU1SNB",
        "text": "Can't cancel booking now.... :confounded:",
        "ts": "1495614054.263241"
    },
    {
        "type": "message",
        "user": "U4A27FREU",
        "text": "What's the error on that one :(",
        "ts": "1495614535.377271"
    },
    {
        "type": "message",
        "user": "U4DPU1SNB",
        "text": "Getting a null pointed exception for the line `dbcont.getState().setString(1, \"Unfilled\");` in BookingController",
        "ts": "1495614649.405541"
    },
    {
        "type": "message",
        "user": "U4A27FREU",
        "text": "dbcont.prepareStatement(sql); after line 535 should fix it",
        "ts": "1495614967.480894"
    },
    {
        "type": "message",
        "user": "U4DPU1SNB",
        "text": "Getting null pointer exception now for this line in DatabaseController: `model.setState(model.getConnection().prepareStatement(sql));`, line 56. Maybe I'll just push so you can have a look.",
        "ts": "1495616337.813125"
    },
    {
        "type": "message",
        "user": "U4A27FREU",
        "text": "Set state shouldn't be used only get",
        "ts": "1495617355.069734"
    },
    {
        "type": "message",
        "user": "U4DPU1SNB",
        "text": "You mean for that line? Changing it to get results in a syntax error.",
        "ts": "1495617586.126018"
    },
    {
        "type": "message",
        "user": "U4A27FREU",
        "text": "no it shouldnt be called from anywhere",
        "ts": "1495617601.129661"
    },
    {
        "type": "message",
        "user": "U4CD3EY4R",
        "text": "is ```dbcont.getState().setString(1, AppData.CALLER.getUsername());``` causing a null pointer exception for anyone else? at employee.AvailabilitiesController.getTradingHours(AvailabilitiesController.java:278)",
        "ts": "1495617762.169535"
    },
    {
        "type": "message",
        "user": "U4A27FREU",
        "text": "maybe i didnt set a default for if there isnt an entry for that day? thought i did though",
        "ts": "1495617922.209437"
    },
    {
        "type": "message",
        "user": "U4CD3EY4R",
        "text": "Ill take a look",
        "ts": "1495618018.233423"
    },
    {
        "type": "message",
        "user": "U4CD3EY4R",
        "text": "```sqlite&gt; SELECT * FROM Trading;\nMonday|10:00|18:00|bus001\nTuesday|10:00|18:00|bus001\nWednesday|10:00|18:00|bus001\nThursday|10:00|18:00|bus001\nFriday|10:00|18:00|bus001\nSaturday|10:00|18:00|bus001\nSunday|10:00|18:00|bus001```",
        "ts": "1495618166.269294"
    },
    {
        "type": "message",
        "user": "U4CD3EY4R",
        "text": "thats the table when the app starts",
        "ts": "1495618176.271846"
    },
    {
        "type": "message",
        "user": "U4CD3EY4R",
        "text": "is seems that ```AppData.CALLER.getUsername()``` is causing the null pointer exc.",
        "ts": "1495618315.306753"
    },
    {
        "type": "message",
        "user": "U4CD3EY4R",
        "text": "However, printing this returns bus001",
        "ts": "1495618328.309805"
    },
    {
        "type": "message",
        "user": "U4CD3EY4R",
        "text": "Which leads me to think that \nsql=“SELECT StartTime, FinishTime FROM Trading WHERE Business=? AND Day=?“;\n\t   try\n      {\n         dbcont.getState().setString(1, AppData.CALLER.getUsername());\nis causing the exc.",
        "ts": "1495618354.316291"
    },
    {
        "type": "message",
        "user": "U4A27FREU",
        "text": "after the sql line put \ndbcont ,prepareStatement(sql);",
        "ts": "1495618440.336697"
    },
    {
        "type": "message",
        "user": "U4A27FREU",
        "text": ".*",
        "ts": "1495618461.341677"
    },
    {
        "type": "message",
        "user": "U4CD3EY4R",
        "text": "Will do, thanks.",
        "ts": "1495618471.344272"
    },
    {
        "type": "message",
        "user": "U4CD3EY4R",
        "text": "had to change business to Username",
        "ts": "1495619964.698630"
    },
    {
        "type": "message",
        "user": "U4A27FREU",
        "text": "sorry must have been inconsistant with naming",
        "ts": "1495620557.836521"
    },
    {
        "type": "message",
        "user": "U4CD3EY4R",
        "text": "Np. Anyway im working on a separate branch in case theres another issue",
        "ts": "1495620615.848565"
    },
    {
        "type": "message",
        "user": "U4CD3EY4R",
        "text": "Hmm now its throwing some result set closed issues.",
        "ts": "1495620680.863447"
    },
    {
        "type": "message",
        "user": "U4DPU1SNB",
        "text": "So with manage opening hours, the way you know your change has been applied is by looking at the times you can set for employee roster, right? Does it show up anywhere else? I'm just writing a test case for it now.",
        "ts": "1495621551.048309"
    },
    {
        "type": "message",
        "user": "U4A27FREU",
        "text": "when you go to employee settings it should set defaults",
        "ts": "1495622310.200560"
    },
    {
        "type": "message",
        "user": "U4CD3EY4R",
        "text": "so now we have ```dbcont.createConnection();\n\t   sql=\"SELECT StartTime, FinishTime FROM Trading WHERE username=? AND Day=?\";\n\t   dbcont.prepareStatement(sql);\n\t   try\n      {\n\t\t \n         dbcont.getState().setString(1, AppData.CALLER.getUsername());\n         dbcont.getState().setString(2, dow.toString());\n         res=dbcont.runSQLRes();\n         map.put(\"StartTime\", res.getString(\"StartTime\"));\n         map.put(\"FinishTime\", res.getString(\"FinishTime\"));```",
        "ts": "1495623371.405343"
    },
    {
        "type": "message",
        "user": "U4CD3EY4R",
        "text": "and its raising a result set closed error. How do step through the result set only if there exists some data?",
        "ts": "1495623406.412414"
    },
    {
        "type": "message",
        "user": "U4A27FREU",
        "text": "'while(res.next()){\n    awesome code doing stuff'",
        "ts": "1495623558.442344"
    },
    {
        "type": "message",
        "user": "U4A27FREU",
        "text": "}",
        "ts": "1495623560.442696"
    },
    {
        "type": "message",
        "user": "U4CD3EY4R",
        "text": "Will that get the first res?",
        "ts": "1495623589.448631"
    },
    {
        "type": "message",
        "user": "U4A27FREU",
        "text": "yes",
        "ts": "1495623652.462658"
    },
    {
        "type": "message",
        "user": "U4CD3EY4R",
        "text": "Cool",
        "ts": "1495623662.464579"
    },
    {
        "type": "message",
        "subtype": "file_share",
        "text": "<@U4CD3EY4R|roblw> uploaded a file: <https:\/\/septsem12017.slack.com\/files\/roblw\/F5GHAADH6\/screen_shot_2017-05-24_at_21.01.44.png|Day-time errors>",
        "file": {
            "id": "F5GHAADH6",
            "created": 1495623742,
            "timestamp": 1495623742,
            "name": "Screen Shot 2017-05-24 at 21.01.44.png",
            "title": "Day-time errors",
            "mimetype": "image\/png",
            "filetype": "png",
            "pretty_type": "PNG",
            "user": "U4CD3EY4R",
            "editable": false,
            "size": 87398,
            "mode": "hosted",
            "is_external": false,
            "external_type": "",
            "is_public": true,
            "public_url_shared": false,
            "display_as_bot": false,
            "username": "",
            "url_private": "https:\/\/files.slack.com\/files-pri\/T4AQZCLH2-F5GHAADH6\/screen_shot_2017-05-24_at_21.01.44.png?t=xoxe-146849428580-189841166806-189859908471-e99662fdd6",
            "url_private_download": "https:\/\/files.slack.com\/files-pri\/T4AQZCLH2-F5GHAADH6\/download\/screen_shot_2017-05-24_at_21.01.44.png?t=xoxe-146849428580-189841166806-189859908471-e99662fdd6",
            "thumb_64": "https:\/\/files.slack.com\/files-tmb\/T4AQZCLH2-F5GHAADH6-c4eecba3d5\/screen_shot_2017-05-24_at_21.01.44_64.png?t=xoxe-146849428580-189841166806-189859908471-e99662fdd6",
            "thumb_80": "https:\/\/files.slack.com\/files-tmb\/T4AQZCLH2-F5GHAADH6-c4eecba3d5\/screen_shot_2017-05-24_at_21.01.44_80.png?t=xoxe-146849428580-189841166806-189859908471-e99662fdd6",
            "thumb_360": "https:\/\/files.slack.com\/files-tmb\/T4AQZCLH2-F5GHAADH6-c4eecba3d5\/screen_shot_2017-05-24_at_21.01.44_360.png?t=xoxe-146849428580-189841166806-189859908471-e99662fdd6",
            "thumb_360_w": 360,
            "thumb_360_h": 213,
            "thumb_480": "https:\/\/files.slack.com\/files-tmb\/T4AQZCLH2-F5GHAADH6-c4eecba3d5\/screen_shot_2017-05-24_at_21.01.44_480.png?t=xoxe-146849428580-189841166806-189859908471-e99662fdd6",
            "thumb_480_w": 480,
            "thumb_480_h": 284,
            "thumb_160": "https:\/\/files.slack.com\/files-tmb\/T4AQZCLH2-F5GHAADH6-c4eecba3d5\/screen_shot_2017-05-24_at_21.01.44_160.png?t=xoxe-146849428580-189841166806-189859908471-e99662fdd6",
            "thumb_720": "https:\/\/files.slack.com\/files-tmb\/T4AQZCLH2-F5GHAADH6-c4eecba3d5\/screen_shot_2017-05-24_at_21.01.44_720.png?t=xoxe-146849428580-189841166806-189859908471-e99662fdd6",
            "thumb_720_w": 720,
            "thumb_720_h": 425,
            "thumb_800": "https:\/\/files.slack.com\/files-tmb\/T4AQZCLH2-F5GHAADH6-c4eecba3d5\/screen_shot_2017-05-24_at_21.01.44_800.png?t=xoxe-146849428580-189841166806-189859908471-e99662fdd6",
            "thumb_800_w": 800,
            "thumb_800_h": 473,
            "thumb_960": "https:\/\/files.slack.com\/files-tmb\/T4AQZCLH2-F5GHAADH6-c4eecba3d5\/screen_shot_2017-05-24_at_21.01.44_960.png?t=xoxe-146849428580-189841166806-189859908471-e99662fdd6",
            "thumb_960_w": 960,
            "thumb_960_h": 567,
            "thumb_1024": "https:\/\/files.slack.com\/files-tmb\/T4AQZCLH2-F5GHAADH6-c4eecba3d5\/screen_shot_2017-05-24_at_21.01.44_1024.png?t=xoxe-146849428580-189841166806-189859908471-e99662fdd6",
            "thumb_1024_w": 1024,
            "thumb_1024_h": 605,
            "image_exif_rotation": 1,
            "original_w": 1280,
            "original_h": 756,
            "permalink": "https:\/\/septsem12017.slack.com\/files\/roblw\/F5GHAADH6\/screen_shot_2017-05-24_at_21.01.44.png",
            "permalink_public": "https:\/\/slack-files.com\/T4AQZCLH2-F5GHAADH6-3892f61a81",
            "channels": [
                "C4BDL1N5U"
            ],
            "groups": [],
            "ims": [],
            "comments_count": 0
        },
        "user": "U4CD3EY4R",
        "upload": true,
        "display_as_bot": false,
        "username": "roblw",
        "bot_id": null,
        "ts": "1495623744.481283"
    },
    {
        "type": "message",
        "user": "U4A27FREU",
        "text": "What's the error?",
        "ts": "1495623946.521590"
    },
    {
        "type": "message",
        "user": "U4CD3EY4R",
        "text": "There isnt one",
        "ts": "1495623968.526061"
    },
    {
        "type": "message",
        "user": "U4CD3EY4R",
        "text": "just doesnt have anything in the dropdowns for those days which are blank",
        "ts": "1495623986.529612"
    },
    {
        "type": "message",
        "user": "U4A27FREU",
        "text": "i thought it was supposed to  do that",
        "ts": "1495624078.547585"
    },
    {
        "type": "message",
        "user": "U4CD3EY4R",
        "text": "Oh maybe it is. haha, didnt actually check the days",
        "ts": "1495624103.552312"
    },
    {
        "type": "message",
        "user": "U4A27FREU",
        "text": "those are johnny's shifts",
        "ts": "1495624123.556003"
    },
    {
        "type": "message",
        "user": "U4CD3EY4R",
        "text": "Ahhhhh i was confusing manage employee with trading hours, sorry",
        "ts": "1495624155.561987"
    },
    {
        "type": "message",
        "user": "U4CD3EY4R",
        "text": "Alright so how does a business set a new roster for an emplyoee?",
        "ts": "1495624342.598179"
    },
    {
        "type": "message",
        "user": "U4DPU1SNB",
        "text": "Manage employee page",
        "ts": "1495624363.602094"
    },
    {
        "type": "message",
        "user": "U4A27FREU",
        "text": "select a time and click save",
        "ts": "1495624379.604970"
    },
    {
        "type": "message",
        "user": "U4CD3EY4R",
        "text": "RIght but in the screen shot, there are no options in the dropdown for each day. its not giving me any options",
        "ts": "1495624393.607488"
    },
    {
        "type": "message",
        "user": "U4CD3EY4R",
        "text": "As in the dropdowns arent being populated",
        "ts": "1495624411.610904"
    },
    {
        "type": "message",
        "user": "U4A27FREU",
        "text": "Well that should not be the case. I havent touched those ones so i couldnt tell you",
        "ts": "1495624429.613985"
    },
    {
        "type": "message",
        "user": "U4CD3EY4R",
        "text": "Must have been in setting the while(res.next()) as it wasnt doing it before. Ill try to see if i can resolve it",
        "ts": "1495624471.622088"
    },
    {
        "type": "message",
        "user": "U4A27FREU",
        "text": "it must have used the exceptions to populate it",
        "ts": "1495624495.626959"
    },
    {
        "type": "message",
        "user": "U4DPU1SNB",
        "text": "Anyone have a problem with eclipse suddenly forgetting your build configuration?",
        "ts": "1495628860.531259"
    },
    {
        "type": "message",
        "user": "U4DPU1SNB",
        "text": "Made some bug reports: <https:\/\/github.com\/s3529120\/septsem12017\/issues>. We should probably try to close all of them before Friday.",
        "attachments": [
            {
                "service_name": "GitHub",
                "title": "s3529120\/septsem12017",
                "title_link": "https:\/\/github.com\/s3529120\/septsem12017\/issues",
                "text": "Contribute to septsem12017 development by creating an account on GitHub.",
                "fallback": "GitHub: s3529120\/septsem12017",
                "from_url": "https:\/\/github.com\/s3529120\/septsem12017\/issues",
                "thumb_url": "https:\/\/avatars3.githubusercontent.com\/u\/13671972?v=3&s=400",
                "thumb_width": 250,
                "thumb_height": 250,
                "service_icon": "https:\/\/fst.slack-edge.com\/bfaba\/img\/unfurl_icons\/github.png",
                "id": 1
            }
        ],
        "ts": "1495628983.560721"
    },
    {
        "type": "message",
        "user": "U4A27FREU",
        "text": "I had massive issues getting it initialised but none since",
        "ts": "1495629469.683586"
    },
    {
        "type": "message",
        "user": "U4CD3EY4R",
        "text": "I’m going through some of the issues now",
        "ts": "1495629511.694067"
    },
    {
        "type": "message",
        "user": "U4A27FREU",
        "text": "Sorry about missing the 'dbcont.prepareStatement(sql);' lines in so many functions not sure what I was thinking",
        "ts": "1495629688.738922"
    },
    {
        "type": "message",
        "user": "U4CD3EY4R",
        "text": "Nah no problem. Gives us something to do for QA",
        "ts": "1495630119.851549"
    },
    {
        "type": "message",
        "user": "U4CD3EY4R",
        "text": "Pretty sure that i’ve fixed the issue with null pointer from cancel booking, however the view doesn’t update from cancelling the booking, so that needs to be implemented to return the customer back to the dashboard",
        "ts": "1495630858.065284"
    },
    {
        "type": "message",
        "user": "U4CD3EY4R",
        "text": "Yep, so the database reflects the changes, and no error is thrown, but the view just doesn",
        "ts": "1495630901.078823"
    },
    {
        "type": "message",
        "user": "U4CD3EY4R",
        "text": "‘t update",
        "ts": "1495630904.079811"
    },
    {
        "type": "message",
        "user": "U4CD3EY4R",
        "text": "Resolved the issue with filter not showing finish times. when you copied the code for the fpick, you had forgotten to modify it so that it was fpick.additems, it was adding twice to spick.",
        "ts": "1495632209.494568"
    },
    {
        "type": "message",
        "user": "U4CC4KN1E",
        "text": "So I've got this going on rn",
        "ts": "1495671251.058818"
    },
    {
        "type": "message",
        "subtype": "file_share",
        "text": "<@U4CC4KN1E|declan> uploaded a file: <https:\/\/septsem12017.slack.com\/files\/declan\/F5JFJ0M7Z\/image_uploaded_from_ios.jpg|Image uploaded from iOS>",
        "file": {
            "id": "F5JFJ0M7Z",
            "created": 1495671266,
            "timestamp": 1495671266,
            "name": "Image uploaded from iOS.jpg",
            "title": "Image uploaded from iOS",
            "mimetype": "image\/jpeg",
            "filetype": "jpg",
            "pretty_type": "JPEG",
            "user": "U4CC4KN1E",
            "editable": false,
            "size": 5385397,
            "mode": "hosted",
            "is_external": false,
            "external_type": "",
            "is_public": true,
            "public_url_shared": false,
            "display_as_bot": false,
            "username": "",
            "url_private": "https:\/\/files.slack.com\/files-pri\/T4AQZCLH2-F5JFJ0M7Z\/image_uploaded_from_ios.jpg?t=xoxe-146849428580-189841166806-189859908471-e99662fdd6",
            "url_private_download": "https:\/\/files.slack.com\/files-pri\/T4AQZCLH2-F5JFJ0M7Z\/download\/image_uploaded_from_ios.jpg?t=xoxe-146849428580-189841166806-189859908471-e99662fdd6",
            "thumb_64": "https:\/\/files.slack.com\/files-tmb\/T4AQZCLH2-F5JFJ0M7Z-b75f746de6\/image_uploaded_from_ios_64.jpg?t=xoxe-146849428580-189841166806-189859908471-e99662fdd6",
            "thumb_80": "https:\/\/files.slack.com\/files-tmb\/T4AQZCLH2-F5JFJ0M7Z-b75f746de6\/image_uploaded_from_ios_80.jpg?t=xoxe-146849428580-189841166806-189859908471-e99662fdd6",
            "thumb_360": "https:\/\/files.slack.com\/files-tmb\/T4AQZCLH2-F5JFJ0M7Z-b75f746de6\/image_uploaded_from_ios_360.jpg?t=xoxe-146849428580-189841166806-189859908471-e99662fdd6",
            "thumb_360_w": 360,
            "thumb_360_h": 270,
            "thumb_480": "https:\/\/files.slack.com\/files-tmb\/T4AQZCLH2-F5JFJ0M7Z-b75f746de6\/image_uploaded_from_ios_480.jpg?t=xoxe-146849428580-189841166806-189859908471-e99662fdd6",
            "thumb_480_w": 480,
            "thumb_480_h": 360,
            "thumb_160": "https:\/\/files.slack.com\/files-tmb\/T4AQZCLH2-F5JFJ0M7Z-b75f746de6\/image_uploaded_from_ios_160.jpg?t=xoxe-146849428580-189841166806-189859908471-e99662fdd6",
            "thumb_720": "https:\/\/files.slack.com\/files-tmb\/T4AQZCLH2-F5JFJ0M7Z-b75f746de6\/image_uploaded_from_ios_720.jpg?t=xoxe-146849428580-189841166806-189859908471-e99662fdd6",
            "thumb_720_w": 720,
            "thumb_720_h": 540,
            "thumb_800": "https:\/\/files.slack.com\/files-tmb\/T4AQZCLH2-F5JFJ0M7Z-b75f746de6\/image_uploaded_from_ios_800.jpg?t=xoxe-146849428580-189841166806-189859908471-e99662fdd6",
            "thumb_800_w": 800,
            "thumb_800_h": 600,
            "thumb_960": "https:\/\/files.slack.com\/files-tmb\/T4AQZCLH2-F5JFJ0M7Z-b75f746de6\/image_uploaded_from_ios_960.jpg?t=xoxe-146849428580-189841166806-189859908471-e99662fdd6",
            "thumb_960_w": 960,
            "thumb_960_h": 720,
            "thumb_1024": "https:\/\/files.slack.com\/files-tmb\/T4AQZCLH2-F5JFJ0M7Z-b75f746de6\/image_uploaded_from_ios_1024.jpg?t=xoxe-146849428580-189841166806-189859908471-e99662fdd6",
            "thumb_1024_w": 1024,
            "thumb_1024_h": 768,
            "image_exif_rotation": 1,
            "original_w": 3264,
            "original_h": 2448,
            "permalink": "https:\/\/septsem12017.slack.com\/files\/declan\/F5JFJ0M7Z\/image_uploaded_from_ios.jpg",
            "permalink_public": "https:\/\/slack-files.com\/T4AQZCLH2-F5JFJ0M7Z-7534e58393",
            "channels": [
                "C4BDL1N5U"
            ],
            "groups": [],
            "ims": [],
            "comments_count": 0
        },
        "user": "U4CC4KN1E",
        "upload": true,
        "display_as_bot": false,
        "username": "declan",
        "bot_id": null,
        "upload_reply_to": "16E5C502-FBDE-4FB0-AB45-EBAF5F75405D",
        "ts": "1495671270.061544"
    },
    {
        "type": "message",
        "user": "U4CC4KN1E",
        "text": "Does anything think they could just copy the css application thing that's on businesshoursview to each of the other main menu views",
        "ts": "1495671315.067700"
    },
    {
        "type": "message",
        "user": "U4A27FREU",
        "text": "Is anyone able to see their marks for part b?",
        "ts": "1495677129.805176"
    },
    {
        "type": "message",
        "user": "U4CD3EY4R",
        "text": "Nope haha\n    ",
        "ts": "1495677360.833049"
    },
    {
        "type": "message",
        "user": "U4A27FREU",
        "text": "Fixed issues 31-35 as well as the default booking filter let me know if i missed anything",
        "ts": "1495685089.666630"
    },
    {
        "type": "message",
        "user": "U4CD3EY4R",
        "text": "Awesome",
        "ts": "1495685101.667843"
    },
    {
        "type": "message",
        "user": "U4DPU1SNB",
        "text": "<@U4CC4KN1E> you can't go to rmit?",
        "ts": "1495685534.712158"
    },
    {
        "type": "message",
        "user": "U4CD3EY4R",
        "text": "Had this issue from changing trading hours,\n```org.sqlite.SQLiteException: [SQLITE_CONSTRAINT_PRIMARYKEY]  A PRIMARY KEY constraint failed (UNIQUE constraint failed: Trading.Username, Trading.Day, Trading.StartTime)\n\tat org.sqlite.core.DB.newSQLException(DB.java:909)\n\tat org.sqlite.core.DB.newSQLException(DB.java:921)\n\tat org.sqlite.core.DB.execute(DB.java:825)\n\tat org.sqlite.core.DB.executeUpdate(DB.java:863)\n\tat org.sqlite.jdbc3.JDBC3PreparedStatement.executeUpdate(JDBC3PreparedStatement.java:99)\n\tat utils.DatabaseController.runSQLUpdate(DatabaseController.java:77)\n\tat businessHours.BusinessHoursController.addBusinessHours(BusinessHoursController.java:118)\n\tat businessHours.BusinessHoursView$8.handle(BusinessHoursView.java:324)\n\tat businessHours.BusinessHoursView$8.handle(BusinessHoursView.java:1)```",
        "ts": "1495686870.847694"
    },
    {
        "type": "message",
        "user": "U4CD3EY4R",
        "text": "the database table trading is as follows\n```FRIDAY|10:00|18:00|bus001\nMONDAY|10:00|18:00|bus001\nSATURDAY|08:30|20:00|bus001\nSUNDAY|11:00|16:00|bus001\nTHURSDAY|10:00|18:00|bus001\nTUESDAY|10:00|18:00|bus001\nWEDNESDAY|00:45|18:00|bus001\nWEDNESDAY|10:00|18:00|bus001\n```",
        "ts": "1495686890.849603"
    },
    {
        "type": "message",
        "user": "U4CD3EY4R",
        "text": "obviously dont want two wedensdays, but i fixed it as per <https:\/\/github.com\/s3529120\/septsem12017\/pull\/37>",
        "attachments": [
            {
                "service_name": "GitHub",
                "title": "Rob trading fix by RobLW · Pull Request #37 · s3529120\/septsem12017",
                "title_link": "https:\/\/github.com\/s3529120\/septsem12017\/pull\/37",
                "text": "Clear day entry before inserting new entry.",
                "fallback": "GitHub: Rob trading fix by RobLW · Pull Request #37 · s3529120\/septsem12017",
                "from_url": "https:\/\/github.com\/s3529120\/septsem12017\/pull\/37",
                "thumb_url": "https:\/\/avatars1.githubusercontent.com\/u\/11449623?v=3&s=400",
                "thumb_width": 250,
                "thumb_height": 250,
                "service_icon": "https:\/\/fst.slack-edge.com\/bfaba\/img\/unfurl_icons\/github.png",
                "id": 1
            }
        ],
        "ts": "1495686961.856555"
    },
    {
        "type": "message",
        "user": "U4A27FREU",
        "text": "thats comes from being originally being configured towards multiple trading hours being available during a day but we never followed it up ill fix it up shortly",
        "ts": "1495687008.860896"
    },
    {
        "type": "message",
        "user": "U4CD3EY4R",
        "text": "Ive fixed it :smile:",
        "ts": "1495687026.862528"
    },
    {
        "type": "message",
        "user": "U4CD3EY4R",
        "text": "and i just merged it, so master should properly reflect the chang.e it now deletes from the trading table based on bus username and day, then inserts the new trading hours",
        "ts": "1495687091.868880"
    },
    {
        "type": "message",
        "user": "U4CD3EY4R",
        "text": "probably a much more efficient way to do it, but it seems to work",
        "ts": "1495687120.871769"
    },
    {
        "type": "message",
        "user": "U4A27FREU",
        "text": "Awesome thanks might help to delete the part in seed that makes StartTime part of the composite primary key as well",
        "ts": "1495687231.882254"
    },
    {
        "type": "message",
        "user": "U4CD3EY4R",
        "text": "Yea, I’ll do that.",
        "ts": "1495687268.885793"
    },
    {
        "type": "message",
        "user": "U4A27FREU",
        "text": "Thanks",
        "ts": "1495687406.898920"
    },
    {
        "type": "message",
        "user": "U4CD3EY4R",
        "text": "Well, we still need some css changes, i think most if not all of the issues have been ironed out, and the functionality is done.",
        "ts": "1495687617.919667"
    },
    {
        "type": "message",
        "user": "U4CD3EY4R",
        "text": "So what’s the current sitch with the css\/frontend stuff? I have some time today that I could work on it and help out, but I just need to know where its at so I can get started. :slightly_smiling_face:",
        "ts": "1495688593.014884"
    },
    {
        "type": "message",
        "user": "U4CD3EY4R",
        "text": "<@U4CC4KN1E>",
        "ts": "1495688600.015533"
    },
    {
        "type": "message",
        "user": "U4CC4KN1E",
        "text": "Hey sorry, hope you still have time. Basically the code you did on businesshoursview works fines, just need to copy it to the other pages",
        "ts": "1495690018.151081"
    },
    {
        "type": "message",
        "user": "U4CD3EY4R",
        "text": "Oh so just set the css based on appdata.colour?",
        "edited": {
            "user": "U4CD3EY4R",
            "ts": "1495690210.000000"
        },
        "ts": "1495690050.154255"
    },
    {
        "type": "message",
        "user": "U4CC4KN1E",
        "text": "Yeah pretty much. It works fine on businesshoursview",
        "ts": "1495690211.170077"
    },
    {
        "type": "message",
        "user": "U4DPU1SNB",
        "text": "I'll go ahead and make cancel booking a pop up",
        "ts": "1495694187.619875"
    },
    {
        "type": "message",
        "user": "U4DPU1SNB",
        "text": "Looks like I still get a null point exception. <@U4CD3EY4R> did you push to master?",
        "ts": "1495694221.624221"
    },
    {
        "type": "message",
        "user": "U4A27FREU",
        "text": "Where does it occur?",
        "ts": "1495694269.630084"
    },
    {
        "type": "message",
        "subtype": "file_share",
        "text": "<@U4DPU1SNB|jasmine> uploaded a file: <https:\/\/septsem12017.slack.com\/files\/jasmine\/F5JJ5TK55\/-.txt|Untitled>",
        "file": {
            "id": "F5JJ5TK55",
            "created": 1495694399,
            "timestamp": 1495694399,
            "name": "-.txt",
            "title": "Untitled",
            "mimetype": "text\/plain",
            "filetype": "text",
            "pretty_type": "Plain Text",
            "user": "U4DPU1SNB",
            "editable": true,
            "size": 343,
            "mode": "snippet",
            "is_external": false,
            "external_type": "",
            "is_public": true,
            "public_url_shared": false,
            "display_as_bot": false,
            "username": "",
            "url_private": "https:\/\/files.slack.com\/files-pri\/T4AQZCLH2-F5JJ5TK55\/-.txt?t=xoxe-146849428580-189841166806-189859908471-e99662fdd6",
            "url_private_download": "https:\/\/files.slack.com\/files-pri\/T4AQZCLH2-F5JJ5TK55\/download\/-.txt?t=xoxe-146849428580-189841166806-189859908471-e99662fdd6",
            "permalink": "https:\/\/septsem12017.slack.com\/files\/jasmine\/F5JJ5TK55\/-.txt",
            "permalink_public": "https:\/\/slack-files.com\/T4AQZCLH2-F5JJ5TK55-f878abe53e",
            "edit_link": "https:\/\/septsem12017.slack.com\/files\/jasmine\/F5JJ5TK55\/-.txt\/edit",
            "preview": "Exception in thread \"JavaFX Application Thread\" java.lang.NullPointerException\r\n\tat utils.DatabaseController.prepareStatement(DatabaseController.java:56)\r\n\tat booking.BookingController.cancelBooking(BookingController.java:536)\r\n\tat booking.BookingsView$30.handle(BookingsView.java:1138)\r\n\tat booking.BookingsView$30.handle(BookingsView.java:1)",
            "preview_highlight": "<div class=\"CodeMirror cm-s-default CodeMirrorServer\" oncopy=\"if(event.clipboardData){event.clipboardData.setData('text\/plain',window.getSelection().toString().replace(\/\\u200b\/g,''));event.preventDefault();event.stopPropagation();}\">\n<div class=\"CodeMirror-code\">\n<div><pre>Exception in thread &quot;JavaFX Application Thread&quot; java.lang.NullPointerException<\/pre><\/div>\n<div><pre>    at utils.DatabaseController.prepareStatement(DatabaseController.java:56)<\/pre><\/div>\n<div><pre>    at booking.BookingController.cancelBooking(BookingController.java:536)<\/pre><\/div>\n<div><pre>    at booking.BookingsView$30.handle(BookingsView.java:1138)<\/pre><\/div>\n<div><pre>    at booking.BookingsView$30.handle(BookingsView.java:1)<\/pre><\/div>\n<\/div>\n<\/div>\n",
            "lines": 5,
            "lines_more": 0,
            "preview_is_truncated": false,
            "channels": [
                "C4BDL1N5U"
            ],
            "groups": [],
            "ims": [],
            "comments_count": 0
        },
        "user": "U4DPU1SNB",
        "upload": true,
        "display_as_bot": false,
        "username": "jasmine",
        "bot_id": null,
        "ts": "1495694399.646107"
    },
    {
        "type": "message",
        "user": "U4DPU1SNB",
        "text": "Happens when i cancel booking",
        "ts": "1495694407.647092"
    },
    {
        "type": "message",
        "user": "U4DPU1SNB",
        "text": "Rob said he resolved it though I think it's just in one of his branches.",
        "ts": "1495694445.651819"
    },
    {
        "type": "message",
        "user": "U4CD3EY4R",
        "text": "Let me look",
        "ts": "1495695173.746308"
    },
    {
        "type": "message",
        "user": "U4CD3EY4R",
        "text": "Just got home",
        "ts": "1495695266.758370"
    },
    {
        "type": "message",
        "user": "U4CD3EY4R",
        "text": "Im not getting that error on my machine. Its definitely added to master. Try refreshing your workspace and then retrying.",
        "ts": "1495695395.774983"
    },
    {
        "type": "message",
        "user": "U4CD3EY4R",
        "text": "as in refreshing within eclipse",
        "ts": "1495695404.775987"
    }
]