[
    {
        "type": "message",
        "user": "U4DPU1SNB",
        "text": "With add business, there's string name. I assumed that was owner name, but is it actually meant to be username?",
        "ts": "1495097540.501114"
    },
    {
        "type": "message",
        "user": "U4CD3EY4R",
        "text": "Add business takes username equivalent to login. ie bus001, bus002, bus003, mybus1337, etc.",
        "ts": "1495097597.515202"
    },
    {
        "type": "message",
        "user": "U4CD3EY4R",
        "text": "and takes a proper name which will be the name of the business, such as ‘Jims salon’",
        "ts": "1495097620.520834"
    },
    {
        "type": "message",
        "user": "U4DPU1SNB",
        "text": "So name is username",
        "ts": "1495097637.525161"
    },
    {
        "type": "message",
        "user": "U4CD3EY4R",
        "text": "Might be. Where are you looking?",
        "ts": "1495097655.529253"
    },
    {
        "type": "message",
        "user": "U4DPU1SNB",
        "text": "addBusiness method in admin coontroller",
        "ts": "1495097673.533759"
    },
    {
        "type": "message",
        "user": "U4CD3EY4R",
        "text": "Which branch?",
        "ts": "1495097708.542375"
    },
    {
        "type": "message",
        "user": "U4DPU1SNB",
        "text": "master",
        "ts": "1495097717.544648"
    },
    {
        "type": "message",
        "user": "U4DPU1SNB",
        "text": "i can try changing it",
        "ts": "1495097801.564802"
    },
    {
        "type": "message",
        "user": "U4CD3EY4R",
        "text": "Okay, well i started working on a new view for the add business functionality, on the branch <https:\/\/github.com\/s3529120\/septsem12017\/blob\/admin-popup-addBus\/Booking%20Site\/src\/admin\/>",
        "attachments": [
            {
                "service_name": "GitHub",
                "title": "s3529120\/septsem12017",
                "title_link": "https:\/\/github.com\/s3529120\/septsem12017\/blob\/admin-popup-addBus\/Booking%20Site\/src\/admin\/",
                "text": "Contribute to septsem12017 development by creating an account on GitHub.",
                "fallback": "GitHub: s3529120\/septsem12017",
                "from_url": "https:\/\/github.com\/s3529120\/septsem12017\/blob\/admin-popup-addBus\/Booking%20Site\/src\/admin\/",
                "thumb_url": "https:\/\/avatars3.githubusercontent.com\/u\/13671972?v=3&s=400",
                "thumb_width": 250,
                "thumb_height": 250,
                "service_icon": "https:\/\/fst.slack-edge.com\/bfaba\/img\/unfurl_icons\/github.png",
                "id": 1
            }
        ],
        "ts": "1495097849.576435"
    },
    {
        "type": "message",
        "user": "U4DPU1SNB",
        "text": "ohh. i was in the middle of that lol",
        "ts": "1495097877.583364"
    },
    {
        "type": "message",
        "user": "U4CD3EY4R",
        "text": "but on that branch there is an addbusinessView",
        "ts": "1495097884.584904"
    },
    {
        "type": "message",
        "user": "U4DPU1SNB",
        "text": "looks like busname is actually username",
        "ts": "1495097887.585795"
    },
    {
        "type": "message",
        "user": "U4DPU1SNB",
        "text": "i was just make a pop up",
        "ts": "1495097902.589238"
    },
    {
        "type": "message",
        "user": "U4CD3EY4R",
        "text": "Feel free to change it haha",
        "ts": "1495097907.590443"
    },
    {
        "type": "message",
        "user": "U4CD3EY4R",
        "text": "wasnt quite sure if we wanted a popup or a dashboard type view as we have for business login",
        "ts": "1495097925.594730"
    },
    {
        "type": "message",
        "user": "U4DPU1SNB",
        "text": "I applied some of your code to what I was doing. Looks like it's not working because business account doesn't have a password yet. I'm not sure how to add another field to the db.",
        "ts": "1495099492.979935"
    },
    {
        "type": "message",
        "user": "U4CD3EY4R",
        "text": "businesses have passwords. let me see what you did and maybe i can figure out the problem",
        "ts": "1495099529.989173"
    },
    {
        "type": "message",
        "user": "U4DPU1SNB",
        "text": "wait that doesn't make sense. it does have a password lol",
        "ts": "1495099530.989353"
    },
    {
        "type": "message",
        "user": "U4CD3EY4R",
        "text": "haha",
        "ts": "1495099536.990807"
    },
    {
        "type": "message",
        "user": "U4DPU1SNB",
        "text": "i think i just need to make a getter and setter?",
        "ts": "1495099544.992864"
    },
    {
        "type": "message",
        "user": "U4CD3EY4R",
        "text": "perhaps. where are we looking sorry. file and line?",
        "ts": "1495099608.008938"
    },
    {
        "type": "message",
        "user": "U4DPU1SNB",
        "text": "it's ok, fixed it.",
        "ts": "1495099777.050375"
    },
    {
        "type": "message",
        "user": "U4CD3EY4R",
        "text": "nice",
        "ts": "1495099783.051650"
    },
    {
        "type": "message",
        "user": "U4DPU1SNB",
        "text": "Filter button doesn't seem to work for me.",
        "ts": "1495113364.137155"
    },
    {
        "type": "message",
        "user": "U4A27FREU",
        "text": "Which version and what goes wrong?",
        "ts": "1495150387.301361"
    },
    {
        "type": "message",
        "user": "U4DPU1SNB",
        "text": "I was on master and up to date with the repo. I got an exception. I'm not in front of a computer rn but I'm sure you'll see the same thing if you run it.",
        "ts": "1495155698.023029"
    },
    {
        "type": "message",
        "user": "U4CC4KN1E",
        "text": "theres also a problem with the business hours page",
        "ts": "1495155746.029163"
    },
    {
        "type": "message",
        "user": "U4CC4KN1E",
        "text": "its still that that bunch of resultset closed errors",
        "ts": "1495155760.031082"
    },
    {
        "type": "message",
        "user": "U4A27FREU",
        "text": "The filters error comes from not passing null if no selection is made I'll have to figure out an elegant solution for that.",
        "ts": "1495157516.245007"
    },
    {
        "type": "message",
        "user": "U4CC4KN1E",
        "text": "Hmm, something on that page is stopping the colour csheme change option to not save",
        "ts": "1495157560.250192"
    },
    {
        "type": "message",
        "user": "U4CC4KN1E",
        "text": "Currently the add employee page will print the name of the colour scheme and will change if it's red",
        "ts": "1495157584.252888"
    },
    {
        "type": "message",
        "user": "U4CC4KN1E",
        "text": "I couldn't figure out what was making it not save the change",
        "ts": "1495157598.254520"
    },
    {
        "type": "message",
        "user": "U4CD3EY4R",
        "text": "We can still demo something then so shouldn't be hugely impact ful",
        "ts": "1495161012.641966"
    },
    {
        "type": "message",
        "user": "U4A27FREU",
        "text": "Demo is next week isn't it?",
        "ts": "1495161035.644660"
    }
]