[
    {
        "type": "message",
        "user": "U4DPU1SNB",
        "text": "So would edit availabilities have a calendar?",
        "ts": "1490263181.603481"
    },
    {
        "type": "message",
        "user": "U4DPU1SNB",
        "text": "And these would be availabilities for the business as a whole, right?",
        "ts": "1490263202.608649"
    },
    {
        "type": "message",
        "user": "U4DPU1SNB",
        "text": "Or employees?",
        "ts": "1490263210.610921"
    },
    {
        "type": "message",
        "user": "U4DPU1SNB",
        "text": "Ok looking at the assignment spec I think it's for individual employees. So yeah a calendar right?",
        "ts": "1490263348.645178"
    },
    {
        "type": "message",
        "user": "U4CD3EY4R",
        "text": "I believe its for employees. I think yea a calendar is best. Thom was saying we could use FX to implement a grid layout",
        "ts": "1490263400.656744"
    },
    {
        "type": "message",
        "user": "U4DPU1SNB",
        "text": "Ok. Can FX do pop ups? Because was thinking user can click on calendar data, then a form pops up where they select an employee and choose start time and end time.",
        "ts": "1490263535.686956"
    },
    {
        "type": "message",
        "user": "U4CD3EY4R",
        "text": "If it can't, we could just expand the row\/tile and display that data in there",
        "ts": "1490263693.721228"
    },
    {
        "type": "message",
        "user": "U4DPU1SNB",
        "text": "Looks like we can: <http:\/\/www.javafxtutorials.com\/tutorials\/creating-a-pop-up-window-in-javafx\/>",
        "attachments": [
            {
                "service_name": "JavaFXTutorials",
                "title": "Creating a Pop-Up Window in JavaFX",
                "title_link": "http:\/\/www.javafxtutorials.com\/tutorials\/creating-a-pop-up-window-in-javafx\/",
                "text": "If you read my post on how to switch scenes in JavaFX, you would have noticed that the whole time the program was running, there was always just 1 window.  But what if you want a pop-up Window?Well…",
                "fallback": "JavaFXTutorials: Creating a Pop-Up Window in JavaFX",
                "thumb_url": "http:\/\/www.javafxtutorials.com\/wp-content\/uploads\/2015\/01\/Screen-Shot-2015-01-16-at-5.58.06-AM.png",
                "ts": 1421436673,
                "from_url": "http:\/\/www.javafxtutorials.com\/tutorials\/creating-a-pop-up-window-in-javafx\/",
                "thumb_width": 279,
                "thumb_height": 193,
                "id": 1
            }
        ],
        "ts": "1490263832.751922"
    },
    {
        "type": "message",
        "user": "U4DPU1SNB",
        "text": "Or we can make it go to a separate page. Either way i guess.",
        "ts": "1490263952.778378"
    },
    {
        "type": "message",
        "user": "U4CD3EY4R",
        "text": "Just a design choice at the end of the day. Might be cleaner to stay within the page but just expand the scene\/change the displayed data",
        "ts": "1490263991.786690"
    },
    {
        "type": "message",
        "user": "U4A27FREU",
        "text": "You just open another stage it's super easy if that's something you would like to do",
        "ts": "1490264179.829248"
    },
    {
        "type": "message",
        "user": "U4CD3EY4R",
        "text": "Super",
        "ts": "1490264233.840552"
    },
    {
        "type": "message",
        "user": "U4DPU1SNB",
        "text": "yeah ok. btw rob what wireframing tool did you use?",
        "ts": "1490264318.859642"
    },
    {
        "type": "message",
        "user": "U4CD3EY4R",
        "text": "<https:\/\/wireframe.cc\/>\nNot sure how good it is, but i found it to be convenient enough",
        "attachments": [
            {
                "service_name": "Wireframe.cc",
                "title": "Wireframe.cc - minimal wireframing tool",
                "title_link": "https:\/\/wireframe.cc\/",
                "text": "A simple wireframing tool that doesn't get in your way. Create and share simple wireframes of websites and mobile apps.",
                "fallback": "Wireframe.cc: Wireframe.cc - minimal wireframing tool",
                "image_url": "https:\/\/wireframe.cc\/images\/screen-shot-landing.png",
                "from_url": "https:\/\/wireframe.cc\/",
                "image_width": 491,
                "image_height": 250,
                "image_bytes": 109360,
                "service_icon": "https:\/\/wireframe.cc\/favicon.ico",
                "id": 1
            }
        ],
        "ts": "1490264432.884455"
    },
    {
        "type": "message",
        "user": "U4CD3EY4R",
        "text": "Not sure if you can export, but i just took a screen shot of the mocked page",
        "ts": "1490264496.898789"
    },
    {
        "type": "message",
        "user": "U4DPU1SNB",
        "text": "<@U4A27FREU> i can do drop down for selecting employee or would you prefer text field?",
        "ts": "1490264900.986584"
    },
    {
        "type": "message",
        "user": "U4DPU1SNB",
        "text": "<@U4CD3EY4R> thanks",
        "ts": "1490264951.997249"
    },
    {
        "type": "message",
        "user": "U4A27FREU",
        "text": "Drop down sounds good definitely the most user friendly unless you have loads and loads of employees which given the scope I don't think we will",
        "ts": "1490265079.025900"
    },
    {
        "type": "message",
        "user": "U4A27FREU",
        "text": "KFC has a built in object for it as well so it should work well",
        "ts": "1490265272.068682"
    },
    {
        "type": "message",
        "user": "U4A27FREU",
        "text": "JavaFX* autocorrect had other ideas",
        "ts": "1490265313.077085"
    },
    {
        "type": "message",
        "subtype": "file_share",
        "text": "<@U4DPU1SNB|jasmine> uploaded a file: <https:\/\/septsem12017.slack.com\/files\/jasmine\/F4P7RJYSJ\/edit_availabilities.png|edit_availabilities.PNG>",
        "file": {
            "id": "F4P7RJYSJ",
            "created": 1490265382,
            "timestamp": 1490265382,
            "name": "edit_availabilities.PNG",
            "title": "edit_availabilities.PNG",
            "mimetype": "image\/png",
            "filetype": "png",
            "pretty_type": "PNG",
            "user": "U4DPU1SNB",
            "editable": false,
            "size": 18628,
            "mode": "hosted",
            "is_external": false,
            "external_type": "",
            "is_public": true,
            "public_url_shared": false,
            "display_as_bot": false,
            "username": "",
            "url_private": "https:\/\/files.slack.com\/files-pri\/T4AQZCLH2-F4P7RJYSJ\/edit_availabilities.png?t=xoxe-146849428580-189841166806-189859908471-e99662fdd6",
            "url_private_download": "https:\/\/files.slack.com\/files-pri\/T4AQZCLH2-F4P7RJYSJ\/download\/edit_availabilities.png?t=xoxe-146849428580-189841166806-189859908471-e99662fdd6",
            "thumb_64": "https:\/\/files.slack.com\/files-tmb\/T4AQZCLH2-F4P7RJYSJ-3e6ac389a9\/edit_availabilities_64.png?t=xoxe-146849428580-189841166806-189859908471-e99662fdd6",
            "thumb_80": "https:\/\/files.slack.com\/files-tmb\/T4AQZCLH2-F4P7RJYSJ-3e6ac389a9\/edit_availabilities_80.png?t=xoxe-146849428580-189841166806-189859908471-e99662fdd6",
            "thumb_360": "https:\/\/files.slack.com\/files-tmb\/T4AQZCLH2-F4P7RJYSJ-3e6ac389a9\/edit_availabilities_360.png?t=xoxe-146849428580-189841166806-189859908471-e99662fdd6",
            "thumb_360_w": 360,
            "thumb_360_h": 196,
            "thumb_480": "https:\/\/files.slack.com\/files-tmb\/T4AQZCLH2-F4P7RJYSJ-3e6ac389a9\/edit_availabilities_480.png?t=xoxe-146849428580-189841166806-189859908471-e99662fdd6",
            "thumb_480_w": 480,
            "thumb_480_h": 261,
            "thumb_160": "https:\/\/files.slack.com\/files-tmb\/T4AQZCLH2-F4P7RJYSJ-3e6ac389a9\/edit_availabilities_160.png?t=xoxe-146849428580-189841166806-189859908471-e99662fdd6",
            "thumb_720": "https:\/\/files.slack.com\/files-tmb\/T4AQZCLH2-F4P7RJYSJ-3e6ac389a9\/edit_availabilities_720.png?t=xoxe-146849428580-189841166806-189859908471-e99662fdd6",
            "thumb_720_w": 720,
            "thumb_720_h": 392,
            "image_exif_rotation": 1,
            "original_w": 905,
            "original_h": 493,
            "permalink": "https:\/\/septsem12017.slack.com\/files\/jasmine\/F4P7RJYSJ\/edit_availabilities.png",
            "permalink_public": "https:\/\/slack-files.com\/T4AQZCLH2-F4P7RJYSJ-5ff558f048",
            "channels": [
                "C4BDL1N5U"
            ],
            "groups": [],
            "ims": [],
            "comments_count": 0
        },
        "user": "U4DPU1SNB",
        "upload": true,
        "display_as_bot": false,
        "username": "jasmine",
        "bot_id": null,
        "ts": "1490265384.092998"
    },
    {
        "type": "message",
        "user": "U4DPU1SNB",
        "text": "is that ok?",
        "ts": "1490265542.127511"
    },
    {
        "type": "message",
        "user": "U4A27FREU",
        "text": "Looks good to me",
        "ts": "1490265587.137363"
    },
    {
        "type": "message",
        "user": "U4CD3EY4R",
        "text": "Hey guys ill be a tad bit late to the tute.",
        "ts": "1490317821.205868"
    },
    {
        "type": "message",
        "user": "U4A27FREU",
        "text": "That's alright thanks for letting us know ",
        "ts": "1490318014.230935"
    },
    {
        "type": "message",
        "user": "U4DPU1SNB",
        "text": "Yea running late too. Be there in 10",
        "ts": "1490319007.352725"
    },
    {
        "type": "message",
        "user": "U4DPU1SNB",
        "text": "\/trello <https:\/\/trello.com\/c\/SdHOXoY9>",
        "ts": "1490331552.614670"
    },
    {
        "text": "",
        "bot_id": "B4F5Z596W",
        "attachments": [
            {
                "author_name": "Card",
                "callback_id": "callback-idCard:58d497db8e477536ab115a7e-ts:1490331552947",
                "fallback": "Wireframes: Main menu (business and owner) (<https:\/\/trello.com\/c\/SdHOXoY9>)",
                "text": "In list *Quality Assurance* on *<https:\/\/trello.com\/b\/koNpRZ0e|Group 2 Booking Site>*\n:clock8: Mar 25  :paperclip: 2  :bust_in_silhouette: Jasmine  \nLabels: Part A, Customer, Owner",
                "title": "Wireframes: Main menu (business and owner)",
                "id": 1,
                "title_link": "https:\/\/trello.com\/c\/SdHOXoY9",
                "author_icon": "https:\/\/slack-chat.trello.services\/img\/card-gray-900.png",
                "color": "0079BF",
                "actions": [
                    {
                        "id": "1",
                        "name": "join",
                        "text": "Join",
                        "type": "button",
                        "value": "{\"idCard\":\"58d497db8e477536ab115a7e\",\"reqBoardMembership\":true}",
                        "style": ""
                    },
                    {
                        "id": "2",
                        "name": "subscribe",
                        "text": "Subscribe",
                        "type": "button",
                        "value": "{\"idCard\":\"58d497db8e477536ab115a7e\"}",
                        "style": ""
                    },
                    {
                        "id": "3",
                        "name": "due",
                        "text": "Due Date",
                        "type": "button",
                        "value": "{\"idCard\":\"58d497db8e477536ab115a7e\",\"reqBoardMembership\":true}",
                        "style": ""
                    },
                    {
                        "id": "4",
                        "name": "labels",
                        "text": "Labels",
                        "type": "button",
                        "value": "{\"idCard\":\"58d497db8e477536ab115a7e\",\"reqBoardMembership\":true}",
                        "style": ""
                    },
                    {
                        "id": "5",
                        "name": "link",
                        "text": "Attach Conversation",
                        "type": "button",
                        "value": "{\"idCard\":\"58d497db8e477536ab115a7e\",\"reqBoardMembership\":true}",
                        "style": ""
                    }
                ],
                "mrkdwn_in": [
                    "text"
                ]
            }
        ],
        "type": "message",
        "subtype": "bot_message",
        "ts": "1490331552.614674"
    },
    {
        "type": "message",
        "user": "U4DPU1SNB",
        "text": "Finished wireframes, hope they're ok",
        "ts": "1490331579.616946"
    },
    {
        "type": "message",
        "user": "U4CD3EY4R",
        "text": "They look great",
        "ts": "1490331620.620977"
    },
    {
        "type": "message",
        "user": "U4DPU1SNB",
        "text": "Thanks. :slightly_smiling_face: Here's add employee:",
        "ts": "1490332591.705389"
    },
    {
        "type": "message",
        "subtype": "file_share",
        "text": "<@U4DPU1SNB|jasmine> uploaded a file: <https:\/\/septsem12017.slack.com\/files\/jasmine\/F4P3AL8D8\/add-empoyee.png|add-empoyee.PNG>",
        "file": {
            "id": "F4P3AL8D8",
            "created": 1490332601,
            "timestamp": 1490332601,
            "name": "add-empoyee.PNG",
            "title": "add-empoyee.PNG",
            "mimetype": "image\/png",
            "filetype": "png",
            "pretty_type": "PNG",
            "user": "U4DPU1SNB",
            "editable": false,
            "size": 13253,
            "mode": "hosted",
            "is_external": false,
            "external_type": "",
            "is_public": true,
            "public_url_shared": false,
            "display_as_bot": false,
            "username": "",
            "url_private": "https:\/\/files.slack.com\/files-pri\/T4AQZCLH2-F4P3AL8D8\/add-empoyee.png?t=xoxe-146849428580-189841166806-189859908471-e99662fdd6",
            "url_private_download": "https:\/\/files.slack.com\/files-pri\/T4AQZCLH2-F4P3AL8D8\/download\/add-empoyee.png?t=xoxe-146849428580-189841166806-189859908471-e99662fdd6",
            "thumb_64": "https:\/\/files.slack.com\/files-tmb\/T4AQZCLH2-F4P3AL8D8-9d3360ab32\/add-empoyee_64.png?t=xoxe-146849428580-189841166806-189859908471-e99662fdd6",
            "thumb_80": "https:\/\/files.slack.com\/files-tmb\/T4AQZCLH2-F4P3AL8D8-9d3360ab32\/add-empoyee_80.png?t=xoxe-146849428580-189841166806-189859908471-e99662fdd6",
            "thumb_360": "https:\/\/files.slack.com\/files-tmb\/T4AQZCLH2-F4P3AL8D8-9d3360ab32\/add-empoyee_360.png?t=xoxe-146849428580-189841166806-189859908471-e99662fdd6",
            "thumb_360_w": 360,
            "thumb_360_h": 284,
            "thumb_480": "https:\/\/files.slack.com\/files-tmb\/T4AQZCLH2-F4P3AL8D8-9d3360ab32\/add-empoyee_480.png?t=xoxe-146849428580-189841166806-189859908471-e99662fdd6",
            "thumb_480_w": 480,
            "thumb_480_h": 379,
            "thumb_160": "https:\/\/files.slack.com\/files-tmb\/T4AQZCLH2-F4P3AL8D8-9d3360ab32\/add-empoyee_160.png?t=xoxe-146849428580-189841166806-189859908471-e99662fdd6",
            "image_exif_rotation": 1,
            "original_w": 622,
            "original_h": 491,
            "permalink": "https:\/\/septsem12017.slack.com\/files\/jasmine\/F4P3AL8D8\/add-empoyee.png",
            "permalink_public": "https:\/\/slack-files.com\/T4AQZCLH2-F4P3AL8D8-497d64a549",
            "channels": [
                "C4BDL1N5U"
            ],
            "groups": [],
            "ims": [],
            "comments_count": 0
        },
        "user": "U4DPU1SNB",
        "upload": true,
        "display_as_bot": false,
        "username": "jasmine",
        "bot_id": null,
        "ts": "1490332602.706294"
    },
    {
        "type": "message",
        "user": "U4CD3EY4R",
        "text": "I've added a return button to the login view. Ill shortly add one for register page as well",
        "ts": "1490333048.744029"
    },
    {
        "type": "message",
        "user": "U4DPU1SNB",
        "text": "sounds good",
        "ts": "1490333074.746091"
    },
    {
        "type": "message",
        "user": "U4CD3EY4R",
        "text": "Bit of a bug though",
        "ts": "1490333128.750494"
    },
    {
        "type": "message",
        "user": "U4A27FREU",
        "text": "What's the issue?",
        "ts": "1490333396.772775"
    },
    {
        "type": "message",
        "user": "U4CD3EY4R",
        "text": "Well the way i was trying to return to main menu was seemingly creating a second pane, so when you hit close it would have to close two windows",
        "ts": "1490333578.788525"
    },
    {
        "type": "message",
        "user": "U4A27FREU",
        "text": "dont use a second pane just create another controller and view for the pahe you want it to go back to then call updateView() on the controller",
        "ts": "1490333783.805556"
    },
    {
        "type": "message",
        "user": "U4CD3EY4R",
        "text": "Sadly that’s what I thought I did. I’ll have a bit more of a look to see if I can’t resolve it.\nShould I be using a DefaultController(), or loginController()?",
        "ts": "1490334720.885813"
    },
    {
        "type": "message",
        "user": "U4A27FREU",
        "text": "id go \nMainmenuView view = new MainmenuView();\nDefaultController cont = new DefaultController(view);\ncont.updateView();",
        "ts": "1490334822.895078"
    },
    {
        "type": "message",
        "user": "U4CD3EY4R",
        "text": "Ahh. Yep that seems to work. I thought I had to init and pass a stage to MainMenuView(stage); but it seems to accept the stage object as initialised by LoginView",
        "ts": "1490334963.907426"
    },
    {
        "type": "message",
        "user": "U4CD3EY4R",
        "text": "Anyway ive run out of battery on my computer but there are two branches. Rturnbutton branched from master and logoutbtn brnach from returnbutton. Wasnt sure how  to handle logging out but i can have a better look tomorrow",
        "ts": "1490337764.172085"
    }
]