[
    {
        "type": "message",
        "user": "U4DPU1SNB",
        "text": "I haven't spoken to Homy.",
        "ts": "1493036228.059116"
    },
    {
        "type": "message",
        "user": "U4CD3EY4R",
        "text": "Alright. Let’s try and get him on the same page.",
        "ts": "1493042956.034643"
    },
    {
        "type": "message",
        "user": "U4CC4KN1E",
        "text": "We're still meeting at 12.:30 right?",
        "ts": "1493083966.428209"
    },
    {
        "type": "message",
        "user": "U4A27FREU",
        "text": "I believe so",
        "ts": "1493084346.470262"
    },
    {
        "type": "message",
        "user": "U4A27FREU",
        "text": "I might be about 5 minutes late train change is slower than usual",
        "ts": "1493086777.731362"
    },
    {
        "type": "message",
        "user": "U4CD3EY4R",
        "text": "Yea im about. Just gonna grab a coffee first. Where should we meet?",
        "ts": "1493087163.771800"
    },
    {
        "type": "message",
        "user": "U4CC4KN1E",
        "text": "Did we have the library booked?",
        "ts": "1493087205.776144"
    },
    {
        "type": "message",
        "user": "U4A27FREU",
        "text": "No it wasn't available",
        "ts": "1493087218.777540"
    },
    {
        "type": "message",
        "user": "U4CC4KN1E",
        "text": "I'm in 87 rn and there's some space",
        "ts": "1493087451.802021"
    },
    {
        "type": "message",
        "user": "U4CC4KN1E",
        "text": "Just a wooden bench, not a table",
        "ts": "1493087475.804542"
    },
    {
        "type": "message",
        "user": "U4CC4KN1E",
        "text": "But we might be able to get one",
        "ts": "1493087500.807370"
    },
    {
        "type": "message",
        "user": "U4A27FREU",
        "text": "Where's that?",
        "ts": "1493087517.809199"
    },
    {
        "type": "message",
        "user": "U4CC4KN1E",
        "text": "Building 87, ground floor, just opposite 14 and 12 across swanson ",
        "ts": "1493087573.815011"
    },
    {
        "type": "message",
        "user": "U4A27FREU",
        "text": "Be there in a sec",
        "ts": "1493087605.818409"
    },
    {
        "type": "message",
        "user": "U4DPU1SNB",
        "text": "Yeah be there in 5. Anyone want coffee?",
        "ts": "1493087711.829432"
    },
    {
        "type": "message",
        "user": "U4CC4KN1E",
        "text": "I'll good thabjs",
        "ts": "1493087816.840329"
    },
    {
        "type": "message",
        "user": "U4CC4KN1E",
        "text": "I should say it's 80 not 87 got mixed up",
        "ts": "1493087978.856703"
    },
    {
        "type": "message",
        "user": "U4CD3EY4R",
        "text": "Be there in a few",
        "ts": "1493088263.884820"
    },
    {
        "type": "message",
        "user": "U4CD3EY4R",
        "text": "Haha how do i get in?",
        "ts": "1493089001.959275"
    },
    {
        "type": "message",
        "user": "U4CD3EY4R",
        "text": "Did anyone leave their jacket on the table?",
        "ts": "1493095619.550059"
    },
    {
        "type": "message",
        "user": "U4CC4KN1E",
        "text": "Not me",
        "ts": "1493095643.552134"
    },
    {
        "type": "message",
        "user": "U4CD3EY4R",
        "text": "Nevermind it was the girls next to us",
        "ts": "1493095657.553368"
    },
    {
        "type": "message",
        "user": "U4CD3EY4R",
        "text": "Hey guys, Homy asked if were able to complete by next Wednesday or potentially reduce the scope. Do you think we can finish by next wednesday?",
        "ts": "1493103208.337533"
    }
]