[
    {
        "type": "message",
        "user": "U4DPU1SNB",
        "text": "Hey so who was going to submit tonight?",
        "ts": "1495364012.448632"
    },
    {
        "type": "message",
        "user": "U4CC4KN1E",
        "text": "Hold on I haven't done my docs yet",
        "ts": "1495364390.462782"
    },
    {
        "type": "message",
        "user": "U4CC4KN1E",
        "text": "Does this submission need the video pitch?",
        "ts": "1495364399.463134"
    },
    {
        "type": "message",
        "user": "U4DPU1SNB",
        "text": "No, docs aren't due till next week.",
        "ts": "1495364415.464233"
    },
    {
        "type": "message",
        "user": "U4CC4KN1E",
        "text": "Oh this one is just the program",
        "ts": "1495364436.465205"
    },
    {
        "type": "message",
        "user": "U4CC4KN1E",
        "text": "Jeez scared me for a bit there",
        "ts": "1495364444.465524"
    },
    {
        "type": "message",
        "user": "U4DPU1SNB",
        "text": "Yeah i'm nowhere near done. Haven't even started the vid yet. I think we can just go ahead and submit since Homy will be marking us by the demo right?",
        "ts": "1495364491.467586"
    },
    {
        "type": "message",
        "user": "U4CC4KN1E",
        "text": "Although this might have some grading elements of our file layouts and build things",
        "ts": "1495364545.470084"
    },
    {
        "type": "message",
        "user": "U4A27FREU",
        "text": "Just submit the code as is at the moment we can make revisions before Friday and the documentation isn't due until next week",
        "ts": "1495364689.475474"
    },
    {
        "type": "message",
        "user": "U4CD3EY4R",
        "text": "Exactly",
        "ts": "1495365204.494227"
    },
    {
        "type": "message",
        "user": "U4CD3EY4R",
        "text": "Has anyone submitted the code?",
        "ts": "1495372776.797518"
    },
    {
        "type": "message",
        "user": "U4CC4KN1E",
        "text": "I haven't, was out for a bit",
        "ts": "1495374149.858621"
    },
    {
        "type": "message",
        "user": "U4CC4KN1E",
        "text": "If no one has I could do it if we're just submitting our source code",
        "ts": "1495374172.859643"
    },
    {
        "type": "message",
        "user": "U4CC4KN1E",
        "text": "I wound up going to bed, did anyone submit the code? We still have time",
        "ts": "1495404610.428511"
    },
    {
        "type": "message",
        "user": "U4A27FREU",
        "text": "I didn't by the time I finished ct I was wrecked didn't consider it",
        "ts": "1495408021.604363"
    },
    {
        "type": "message",
        "user": "U4CC4KN1E",
        "text": "All good, I made a submission at 8:55",
        "ts": "1495408048.605855"
    },
    {
        "type": "message",
        "user": "U4A27FREU",
        "text": "Thank you so much.",
        "ts": "1495408111.609137"
    },
    {
        "type": "message",
        "user": "U4CC4KN1E",
        "text": "Figured multiple submissions would be easier to sort out than none",
        "ts": "1495408116.609376"
    },
    {
        "type": "message",
        "user": "U4A27FREU",
        "text": "Definitely. Sorry I was so slack checking the messages had a fairly sleep deprived weekend",
        "ts": "1495408236.615893"
    }
]