[
    {
        "type": "message",
        "user": "U4CC4KN1E",
        "text": "I'm getting a compile error on the current version of master",
        "ts": "1494494327.348721"
    },
    {
        "type": "message",
        "user": "U4CC4KN1E",
        "text": "seems to be at a couple of the prepare statement lines",
        "ts": "1494494429.373650"
    },
    {
        "type": "message",
        "user": "U4CC4KN1E",
        "text": "anyone else get this?",
        "ts": "1494494434.374839"
    },
    {
        "type": "message",
        "user": "U4CC4KN1E",
        "text": "oh that was weird, i reloaded the build path and it worked",
        "ts": "1494494603.415530"
    },
    {
        "type": "message",
        "user": "U4CC4KN1E",
        "text": "Ok, im having some trouble, none of my changes are applying becasue of this\n'''\nDescription\tResource\tPath\tLocation\tType\nArchive for required library: 'src\/hamcrest-core-1.3.jar' in project 'sept16' cannot be read or is not a valid ZIP file\tsept16\t\tBuild path\tBuild Path Problem\n'''",
        "ts": "1494501810.955597"
    },
    {
        "type": "message",
        "user": "U4CC4KN1E",
        "text": "and one more like it",
        "ts": "1494501822.957882"
    },
    {
        "type": "message",
        "user": "U4CC4KN1E",
        "text": "most site say to just restart eclipse and reload the project but none of thats working",
        "ts": "1494501849.962905"
    },
    {
        "type": "message",
        "user": "U4A27FREU",
        "text": "Need to remove it from the classpath then add it again as it has been moved to resources\/jars",
        "ts": "1494501877.968160"
    },
    {
        "type": "message",
        "user": "U4CC4KN1E",
        "text": "hahah thanks",
        "ts": "1494502030.997584"
    },
    {
        "type": "message",
        "user": "U4CC4KN1E",
        "text": "this is what i was greeted by when it actually applied the changes",
        "ts": "1494502054.002286"
    },
    {
        "type": "message",
        "user": "U4CC4KN1E",
        "text": "<https:\/\/gyazo.com\/29c17fb1f9080e557b92a75abbb99015>",
        "attachments": [
            {
                "service_name": "Gyazo",
                "service_url": "https:\/\/gyazo.com",
                "fallback": "Gyazo Photo: ",
                "image_url": "https:\/\/bot.gyazo.com\/29c17fb1f9080e557b92a75abbb99015.png",
                "image_width": 902,
                "image_height": 745,
                "from_url": "https:\/\/gyazo.com\/29c17fb1f9080e557b92a75abbb99015",
                "image_bytes": 19846,
                "title_link": "https:\/\/gyazo.com\/29c17fb1f9080e557b92a75abbb99015",
                "service_icon": "https:\/\/gyazo.com\/favicon.ico",
                "id": 1
            }
        ],
        "ts": "1494502058.003023"
    },
    {
        "type": "message",
        "user": "U4DPU1SNB",
        "text": "wat",
        "ts": "1494502152.020575"
    },
    {
        "type": "message",
        "user": "U4CC4KN1E",
        "text": "i was making all these changes to see why things werent working, not realising that none of them were applying",
        "ts": "1494502173.024378"
    },
    {
        "type": "message",
        "user": "U4A27FREU",
        "text": "I'm guessing the class tags were accidentally altered for the page (probably by me sorry)",
        "ts": "1494502199.029582"
    },
    {
        "type": "message",
        "user": "U4CC4KN1E",
        "text": "was there a function for setting and getting a business color scheme, just database wise?",
        "ts": "1494502298.048821"
    },
    {
        "type": "message",
        "user": "U4DPU1SNB",
        "text": "Would admin be able to edit a business as well?",
        "ts": "1494502612.109584"
    },
    {
        "type": "message",
        "user": "U4A27FREU",
        "text": "Sorry forgot to put that in will do so in the morning assume there is variable in AppData called colour which is an enum containing the colours you want. Will then make additional methods for manipulating and retrieving the colour selection from he db ",
        "ts": "1494503145.211694"
    },
    {
        "type": "message",
        "user": "U4A27FREU",
        "text": "<@U4DPU1SNB>  no they should only be able to create and delete businesses ",
        "ts": "1494503172.216880"
    },
    {
        "type": "message",
        "user": "U4CD3EY4R",
        "text": "So no add remove emp functionality?",
        "ts": "1494505788.775083"
    },
    {
        "type": "message",
        "user": "U4DPU1SNB",
        "text": "I made bookings view responsive. I don't think it's necessary to check screen width and then load a different css file anymore. I just had to change a couple things around. Am I ok to push?",
        "ts": "1494506411.929034"
    },
    {
        "type": "message",
        "user": "U4A27FREU",
        "text": "Yeah but branch first then merge that branch",
        "ts": "1494507215.135959"
    },
    {
        "type": "message",
        "user": "U4DPU1SNB",
        "text": "Alright. Btw I'm getting an exception in Past Bookings. Is that just me?",
        "ts": "1494507289.156257"
    },
    {
        "type": "message",
        "user": "U4DPU1SNB",
        "text": "From this line `spick.getItems().addAll((String[]) TypeController.getAllTypes().toArray());`",
        "ts": "1494507331.167772"
    },
    {
        "type": "message",
        "user": "U4CC4KN1E",
        "text": "nah im getting that as well",
        "ts": "1494507749.293692"
    },
    {
        "type": "message",
        "user": "U4DPU1SNB",
        "text": "Also get an error when I click \"My Bookings\". I'll add them to bug report.",
        "ts": "1494508452.506803"
    },
    {
        "type": "message",
        "user": "U4A27FREU",
        "text": "Have you pulled the most recent version?",
        "ts": "1494508667.574242"
    },
    {
        "type": "message",
        "user": "U4CC4KN1E",
        "text": "im about to branch and merge my changes",
        "ts": "1494508827.626399"
    },
    {
        "type": "message",
        "user": "U4DPU1SNB",
        "text": "<@U4A27FREU> yeah",
        "ts": "1494509138.728461"
    },
    {
        "type": "message",
        "user": "U4CC4KN1E",
        "text": "ok, nm, copying the files over fucked me up and i have to start again",
        "ts": "1494509154.734021"
    },
    {
        "type": "message",
        "user": "U4A27FREU",
        "text": "Damnit I've fixed it 3 times but it keeps getting back in there just change it to\n'TypeController.getAllTypes().foreach(x-&gt;{\n    spick.getItems().add(x.getName());\n});",
        "ts": "1494509387.812895"
    },
    {
        "type": "message",
        "user": "U4DPU1SNB",
        "text": "That's in there already?",
        "ts": "1494509550.872729"
    },
    {
        "type": "message",
        "user": "U4DPU1SNB",
        "text": "ohh i see onw",
        "ts": "1494509603.891488"
    },
    {
        "type": "message",
        "user": "U4DPU1SNB",
        "text": "<@U4A27FREU> Ok that fixed it. 'My Bookings' has error as well, possibly because user doesn't have bookings yet?",
        "ts": "1494510211.102009"
    },
    {
        "type": "message",
        "user": "U4A27FREU",
        "text": "It should just display none theoretically however I haven't had time to work through and bug check it yet",
        "ts": "1494545120.564128"
    },
    {
        "type": "message",
        "user": "U4CD3EY4R",
        "text": "Hey im going to be a bit late today. Can you let Homy if he wants me to do the assessment and I'm not in yet?",
        "ts": "1494555654.909526"
    },
    {
        "type": "message",
        "user": "U4A27FREU",
        "text": "No worries",
        "ts": "1494555739.918933"
    }
]