[
    {
        "type": "message",
        "user": "U4CD3EY4R",
        "text": "Hey guys, are we meeting tomorrow?",
        "ts": "1495444103.774841"
    },
    {
        "type": "message",
        "user": "U4CC4KN1E",
        "text": "im still good to meet",
        "ts": "1495444111.776869"
    },
    {
        "type": "message",
        "user": "U4CD3EY4R",
        "text": "How are we exactly tracking issues btw?",
        "ts": "1495446812.417443"
    },
    {
        "type": "message",
        "user": "U4A27FREU",
        "text": "GitHub bug reports and...",
        "ts": "1495448448.782279"
    },
    {
        "type": "message",
        "user": "U4CD3EY4R",
        "text": "okay cool. getting an issue with setting a theme and then trying to go back to business settings view",
        "ts": "1495448517.796043"
    },
    {
        "type": "message",
        "user": "U4CD3EY4R",
        "text": "<https:\/\/github.com\/s3529120\/septsem12017\/issues\/22>",
        "attachments": [
            {
                "service_name": "GitHub",
                "title": "Colour setting doesn't persist over logout login · Issue #22 · s3529120\/septsem12017",
                "title_link": "https:\/\/github.com\/s3529120\/septsem12017\/issues\/22",
                "text": "When a business selects a theme, it is reset to default on logout. Machine details where discovered: ProductName: Mac OS X ProductVersion: 10.12.4 BuildVersion: 16E195 commit c8d665e branch maste...",
                "fallback": "GitHub: Colour setting doesn't persist over logout login · Issue #22 · s3529120\/septsem12017",
                "from_url": "https:\/\/github.com\/s3529120\/septsem12017\/issues\/22",
                "thumb_url": "https:\/\/avatars1.githubusercontent.com\/u\/11449623?v=3&s=400",
                "thumb_width": 250,
                "thumb_height": 250,
                "service_icon": "https:\/\/fst.slack-edge.com\/bfaba\/img\/unfurl_icons\/github.png",
                "id": 1
            }
        ],
        "ts": "1495448535.799553"
    },
    {
        "type": "message",
        "user": "U4A27FREU",
        "text": "It is supposed to reset on log out does it not come back to the custom colour when you log back in?",
        "ts": "1495448589.810125"
    },
    {
        "type": "message",
        "user": "U4CD3EY4R",
        "text": "When i log back in its the default blue theme.",
        "ts": "1495448611.814493"
    },
    {
        "type": "message",
        "user": "U4CD3EY4R",
        "text": "The database persists as well",
        "ts": "1495448636.819350"
    },
    {
        "type": "message",
        "user": "U4A27FREU",
        "text": "On all the tabs? And the database resets or just don't retrieve correctly the second time?",
        "ts": "1495448677.827582"
    },
    {
        "type": "message",
        "user": "U4CD3EY4R",
        "text": "Yep, seems to be all the tabs",
        "ts": "1495448724.836973"
    },
    {
        "type": "message",
        "user": "U4CD3EY4R",
        "text": "Wait, it sets the theme on add employee correctly",
        "ts": "1495448746.841357"
    },
    {
        "type": "message",
        "user": "U4CD3EY4R",
        "text": "But only add employee",
        "ts": "1495448755.843166"
    },
    {
        "type": "message",
        "user": "U4A27FREU",
        "text": "Wyeth the others aren't in yet",
        "ts": "1495448764.845021"
    },
    {
        "type": "message",
        "user": "U4CD3EY4R",
        "text": "Ah i see",
        "ts": "1495448770.846090"
    },
    {
        "type": "message",
        "user": "U4CD3EY4R",
        "text": "nevermind then ahah",
        "ts": "1495448775.847279"
    },
    {
        "type": "message",
        "user": "U4CD3EY4R",
        "text": "Business settings seems to be inaccessible it the theme is not the default, though as well",
        "ts": "1495448794.851022"
    },
    {
        "type": "message",
        "user": "U4A27FREU",
        "text": "What error does it throw when you try and load it?",
        "ts": "1495448834.858814"
    },
    {
        "type": "message",
        "user": "U4CD3EY4R",
        "text": "Exception in thread “JavaFX Application Thread” java.lang.NullPointerException\n\tat businessHours.BusinessHoursView.updateView(BusinessHoursView.java:362)\n\tat service.TypeView$8.handle(TypeView.java:198)\n\tat service.TypeView$8.handle(TypeView.java:1)",
        "ts": "1495448862.864552"
    },
    {
        "type": "message",
        "user": "U4CD3EY4R",
        "text": "Sorry posted the wrong one first",
        "ts": "1495448870.865879"
    },
    {
        "type": "message",
        "user": "U4A27FREU",
        "text": "I'll have a look at it soon thought I fixed all the bugs in there",
        "ts": "1495448921.875902"
    },
    {
        "type": "message",
        "user": "U4A27FREU",
        "text": "I can't recreate it sorry",
        "ts": "1495451725.433412"
    },
    {
        "type": "message",
        "user": "U4CD3EY4R",
        "text": "hmm might be just me then",
        "ts": "1495452961.668048"
    },
    {
        "type": "message",
        "user": "U4CD3EY4R",
        "text": "Oh its because the css files are named “Scheme1.css”, “Scheme1.css” “Styles.css” instead of “colour.css”",
        "ts": "1495453071.688833"
    },
    {
        "type": "message",
        "user": "U4CD3EY4R",
        "text": "I have these two lines in businesshoursview\n```String themeLocal = \"\/resources\/display\/css\/\" + AppData.colour + \".css\";\n\t\t\tscene.getStylesheets().add(getClass().getResource(themeLocal).toExternalForm());```",
        "ts": "1495453117.697353"
    },
    {
        "type": "message",
        "user": "U4CD3EY4R",
        "text": "are the Css files named after colours for you?",
        "ts": "1495453129.699539"
    },
    {
        "type": "message",
        "user": "U4CC4KN1E",
        "text": "ah thats the old one",
        "ts": "1495453131.699866"
    },
    {
        "type": "message",
        "user": "U4CD3EY4R",
        "text": "Hmm, weird",
        "ts": "1495453139.701277"
    },
    {
        "type": "message",
        "user": "U4CC4KN1E",
        "text": "ill be implementing\/fixing all that tonight",
        "ts": "1495453140.701572"
    },
    {
        "type": "message",
        "user": "U4CD3EY4R",
        "text": "Righto",
        "ts": "1495453146.702653"
    },
    {
        "type": "message",
        "user": "U4CC4KN1E",
        "text": "or at least i plan on it",
        "ts": "1495453148.702940"
    },
    {
        "type": "message",
        "user": "U4CD3EY4R",
        "text": "Cool",
        "ts": "1495453148.702995"
    },
    {
        "type": "message",
        "user": "U4CD3EY4R",
        "text": "Can we make it so that the database isn’t dropped after every restart of the app?",
        "ts": "1495454009.869690"
    },
    {
        "type": "message",
        "user": "U4A27FREU",
        "text": "yeah we can just add a command line arguement for whether or not to call the seed file",
        "ts": "1495455434.168347"
    },
    {
        "type": "message",
        "user": "U4A27FREU",
        "text": "Im really sorry guys but I won't be able to make the meeting today bit of an emergency with one of our pets. I will keep slack open the while the meeting is taking place and reply asap. Sorry again",
        "ts": "1495509165.836712"
    },
    {
        "type": "message",
        "user": "U4CD3EY4R",
        "text": "No problem. Hope everything works out.",
        "ts": "1495511533.070302"
    },
    {
        "type": "message",
        "user": "U4CC4KN1E",
        "text": "Hope it turns out fine, don't feel to obliged to respond to anything",
        "ts": "1495511766.092148"
    },
    {
        "type": "message",
        "user": "U4A27FREU",
        "text": "Just let me know what still needs to be done. I've still got to figure out how to set a default for the date filter and of course the class diagram and post mortem but I'm not 100% sure what else is left",
        "ts": "1495512370.154595"
    },
    {
        "type": "message",
        "user": "U4CD3EY4R",
        "text": "Cool will do.\nYou other guys still good to meet?",
        "ts": "1495512584.176146"
    },
    {
        "type": "message",
        "user": "U4CC4KN1E",
        "text": "Yep, lectures done in 20",
        "ts": "1495512612.179003"
    },
    {
        "type": "message",
        "user": "U4CC4KN1E",
        "text": "Anyone found a space?",
        "ts": "1495514007.321373"
    },
    {
        "type": "message",
        "user": "U4CD3EY4R",
        "text": "Not yet. Normally theres space in building 94 above the library",
        "ts": "1495514622.380034"
    },
    {
        "type": "message",
        "user": "U4CC4KN1E",
        "text": "We looked all through 10 and couldn't find anywhere",
        "ts": "1495514663.383880"
    },
    {
        "type": "message",
        "user": "U4CC4KN1E",
        "text": "We're checking a cafe that's on campus",
        "ts": "1495514741.391823"
    },
    {
        "type": "message",
        "user": "U4CD3EY4R",
        "text": "Which one ill neet you",
        "ts": "1495514764.394155"
    },
    {
        "type": "message",
        "user": "U4DPU1SNB",
        "text": "Pearson and Murphy's",
        "ts": "1495514892.406467"
    },
    {
        "type": "message",
        "user": "U4DPU1SNB",
        "text": "Building 1",
        "ts": "1495514909.408195"
    },
    {
        "type": "message",
        "user": "U4DPU1SNB",
        "text": "<@U4A27FREU> what'd you do since last meeting?",
        "ts": "1495515756.496133"
    },
    {
        "type": "message",
        "user": "U4A27FREU",
        "text": "Added most of the defaults for the filters and made it so employees could no longer add availabilities outside trading hours as well as a few small bug fixes - sorry for the delay ",
        "ts": "1495516847.611464"
    },
    {
        "type": "message",
        "user": "U4CD3EY4R",
        "text": "No stress",
        "ts": "1495516864.613264"
    }
]