[
    {
        "type": "message",
        "user": "U4CD3EY4R",
        "text": "Can't seem to get admin login working. (References to super are admin as super is a java keyword and superUser felt as if it was too long.)",
        "edited": {
            "user": "U4CD3EY4R",
            "ts": "1494230152.000000"
        },
        "ts": "1494229972.368700"
    },
    {
        "type": "message",
        "user": "U4A27FREU",
        "text": "Admin?",
        "ts": "1494230058.383590"
    },
    {
        "type": "message",
        "user": "U4CD3EY4R",
        "text": "Do we not need a user that can add or remove business accounts?",
        "ts": "1494230114.393637"
    },
    {
        "type": "message",
        "user": "U4A27FREU",
        "text": "Oh my bad only half read it sorry what about the login is failing?",
        "ts": "1494230190.407077"
    },
    {
        "type": "message",
        "user": "U4CD3EY4R",
        "text": "Haha. Fair. Well it doesnt authenticate. When i press login on the app it says incorrect pass user combo. \nThe branch on github is called 'super-user'",
        "ts": "1494230286.424940"
    },
    {
        "type": "message",
        "user": "U4A27FREU",
        "text": "CreateAccountModel() which is used in the login function as well as for other things doesn't support the admin type yet so it'll just return a null reference since it currently doesn't know what an admin is",
        "ts": "1494230641.494838"
    },
    {
        "type": "message",
        "user": "U4CD3EY4R",
        "text": "Right. Ill ammend that tonight if i get a minute. Thanks. :)",
        "ts": "1494230672.500440"
    },
    {
        "type": "message",
        "user": "U4CD3EY4R",
        "text": "Meeting today?",
        "ts": "1494297476.901956"
    },
    {
        "type": "message",
        "user": "U4CC4KN1E",
        "text": "I'm still good to meet",
        "ts": "1494297501.904352"
    },
    {
        "type": "message",
        "user": "U4CC4KN1E",
        "text": "Do we have the room?",
        "ts": "1494297509.905091"
    },
    {
        "type": "message",
        "user": "U4A27FREU",
        "text": "No people keep booking it before I can get to it :(",
        "ts": "1494297648.918789"
    },
    {
        "type": "message",
        "user": "U4CC4KN1E",
        "text": "All g, anyone have an idea of a place or should we just search the same place as last time?",
        "ts": "1494297718.925850"
    },
    {
        "type": "message",
        "user": "U4A27FREU",
        "text": "Unless you can think of somewhere else we can look",
        "ts": "1494297757.929620"
    },
    {
        "type": "message",
        "user": "U4CD3EY4R",
        "text": "Could try a cafe or something but cant be sure we'll have wifi",
        "ts": "1494301542.309887"
    },
    {
        "type": "message",
        "user": "U4CC4KN1E",
        "text": "Nah I think same area, kinda guaranteed to be quite",
        "ts": "1494301641.319592"
    },
    {
        "type": "message",
        "user": "U4CC4KN1E",
        "text": "I don't mind if we end up on the floor again",
        "ts": "1494301664.321716"
    },
    {
        "type": "message",
        "user": "U4CD3EY4R",
        "text": "Sure thing",
        "ts": "1494302442.396484"
    },
    {
        "type": "message",
        "user": "U4A27FREU",
        "text": "Level 13",
        "ts": "1494304065.554897"
    },
    {
        "type": "message",
        "user": "U4CC4KN1E",
        "text": "Alrighty",
        "ts": "1494304467.592856"
    },
    {
        "type": "message",
        "user": "U4CD3EY4R",
        "text": "Walking up swanston now",
        "ts": "1494304531.598624"
    },
    {
        "type": "message",
        "user": "U4CD3EY4R",
        "text": "Building 12?",
        "ts": "1494305137.653150"
    },
    {
        "type": "message",
        "user": "U4CC4KN1E",
        "text": "ye",
        "ts": "1494305144.653852"
    },
    {
        "type": "message",
        "user": "U4CD3EY4R",
        "text": "Cool",
        "ts": "1494305149.654233"
    }
]