[
    {
        "type": "message",
        "subtype": "file_share",
        "text": "<@U4DPU1SNB|jasmine> uploaded a file: <https:\/\/septsem12017.slack.com\/files\/jasmine\/F54MU5ETT\/main-menu.png|main-menu.PNG> and commented: Kay i've done the main menu according to declan's design. It's very colourful... does this look correct?",
        "file": {
            "id": "F54MU5ETT",
            "created": 1493276775,
            "timestamp": 1493276775,
            "name": "main-menu.PNG",
            "title": "main-menu.PNG",
            "mimetype": "image\/png",
            "filetype": "png",
            "pretty_type": "PNG",
            "user": "U4DPU1SNB",
            "editable": false,
            "size": 254533,
            "mode": "hosted",
            "is_external": false,
            "external_type": "",
            "is_public": true,
            "public_url_shared": false,
            "display_as_bot": false,
            "username": "",
            "url_private": "https:\/\/files.slack.com\/files-pri\/T4AQZCLH2-F54MU5ETT\/main-menu.png?t=xoxe-146849428580-189841166806-189859908471-e99662fdd6",
            "url_private_download": "https:\/\/files.slack.com\/files-pri\/T4AQZCLH2-F54MU5ETT\/download\/main-menu.png?t=xoxe-146849428580-189841166806-189859908471-e99662fdd6",
            "thumb_64": "https:\/\/files.slack.com\/files-tmb\/T4AQZCLH2-F54MU5ETT-cee9463ba5\/main-menu_64.png?t=xoxe-146849428580-189841166806-189859908471-e99662fdd6",
            "thumb_80": "https:\/\/files.slack.com\/files-tmb\/T4AQZCLH2-F54MU5ETT-cee9463ba5\/main-menu_80.png?t=xoxe-146849428580-189841166806-189859908471-e99662fdd6",
            "thumb_360": "https:\/\/files.slack.com\/files-tmb\/T4AQZCLH2-F54MU5ETT-cee9463ba5\/main-menu_360.png?t=xoxe-146849428580-189841166806-189859908471-e99662fdd6",
            "thumb_360_w": 360,
            "thumb_360_h": 241,
            "thumb_480": "https:\/\/files.slack.com\/files-tmb\/T4AQZCLH2-F54MU5ETT-cee9463ba5\/main-menu_480.png?t=xoxe-146849428580-189841166806-189859908471-e99662fdd6",
            "thumb_480_w": 480,
            "thumb_480_h": 321,
            "thumb_160": "https:\/\/files.slack.com\/files-tmb\/T4AQZCLH2-F54MU5ETT-cee9463ba5\/main-menu_160.png?t=xoxe-146849428580-189841166806-189859908471-e99662fdd6",
            "thumb_720": "https:\/\/files.slack.com\/files-tmb\/T4AQZCLH2-F54MU5ETT-cee9463ba5\/main-menu_720.png?t=xoxe-146849428580-189841166806-189859908471-e99662fdd6",
            "thumb_720_w": 720,
            "thumb_720_h": 481,
            "thumb_800": "https:\/\/files.slack.com\/files-tmb\/T4AQZCLH2-F54MU5ETT-cee9463ba5\/main-menu_800.png?t=xoxe-146849428580-189841166806-189859908471-e99662fdd6",
            "thumb_800_w": 800,
            "thumb_800_h": 535,
            "thumb_960": "https:\/\/files.slack.com\/files-tmb\/T4AQZCLH2-F54MU5ETT-cee9463ba5\/main-menu_960.png?t=xoxe-146849428580-189841166806-189859908471-e99662fdd6",
            "thumb_960_w": 960,
            "thumb_960_h": 642,
            "thumb_1024": "https:\/\/files.slack.com\/files-tmb\/T4AQZCLH2-F54MU5ETT-cee9463ba5\/main-menu_1024.png?t=xoxe-146849428580-189841166806-189859908471-e99662fdd6",
            "thumb_1024_w": 1024,
            "thumb_1024_h": 684,
            "image_exif_rotation": 1,
            "original_w": 1900,
            "original_h": 1270,
            "permalink": "https:\/\/septsem12017.slack.com\/files\/jasmine\/F54MU5ETT\/main-menu.png",
            "permalink_public": "https:\/\/slack-files.com\/T4AQZCLH2-F54MU5ETT-5ed168f433",
            "channels": [
                "C4BDL1N5U"
            ],
            "groups": [],
            "ims": [],
            "comments_count": 1,
            "initial_comment": {
                "id": "Fc54JW1YLQ",
                "created": 1493276775,
                "timestamp": 1493276775,
                "user": "U4DPU1SNB",
                "is_intro": true,
                "comment": "Kay i've done the main menu according to declan's design. It's very colourful... does this look correct?"
            }
        },
        "user": "U4DPU1SNB",
        "upload": true,
        "display_as_bot": false,
        "username": "jasmine",
        "bot_id": null,
        "ts": "1493276779.138623"
    },
    {
        "type": "message",
        "user": "U4A27FREU",
        "text": "Looks good to me",
        "ts": "1493276845.150161"
    },
    {
        "type": "message",
        "user": "U4DPU1SNB",
        "text": "Yea there is a bug though. When I click one of the buttons, then return to the menu, the layout gets all wonky. Any ideas why that might be happening? I'll post a pic in a sec",
        "ts": "1493277137.197583"
    },
    {
        "type": "message",
        "subtype": "file_share",
        "text": "<@U4DPU1SNB|jasmine> uploaded a file: <https:\/\/septsem12017.slack.com\/files\/jasmine\/F5571KK43\/layout-bug.png|layout-bug.PNG>",
        "file": {
            "id": "F5571KK43",
            "created": 1493277151,
            "timestamp": 1493277151,
            "name": "layout-bug.PNG",
            "title": "layout-bug.PNG",
            "mimetype": "image\/png",
            "filetype": "png",
            "pretty_type": "PNG",
            "user": "U4DPU1SNB",
            "editable": false,
            "size": 166002,
            "mode": "hosted",
            "is_external": false,
            "external_type": "",
            "is_public": true,
            "public_url_shared": false,
            "display_as_bot": false,
            "username": "",
            "url_private": "https:\/\/files.slack.com\/files-pri\/T4AQZCLH2-F5571KK43\/layout-bug.png?t=xoxe-146849428580-189841166806-189859908471-e99662fdd6",
            "url_private_download": "https:\/\/files.slack.com\/files-pri\/T4AQZCLH2-F5571KK43\/download\/layout-bug.png?t=xoxe-146849428580-189841166806-189859908471-e99662fdd6",
            "thumb_64": "https:\/\/files.slack.com\/files-tmb\/T4AQZCLH2-F5571KK43-f6f5f59819\/layout-bug_64.png?t=xoxe-146849428580-189841166806-189859908471-e99662fdd6",
            "thumb_80": "https:\/\/files.slack.com\/files-tmb\/T4AQZCLH2-F5571KK43-f6f5f59819\/layout-bug_80.png?t=xoxe-146849428580-189841166806-189859908471-e99662fdd6",
            "thumb_360": "https:\/\/files.slack.com\/files-tmb\/T4AQZCLH2-F5571KK43-f6f5f59819\/layout-bug_360.png?t=xoxe-146849428580-189841166806-189859908471-e99662fdd6",
            "thumb_360_w": 360,
            "thumb_360_h": 242,
            "thumb_480": "https:\/\/files.slack.com\/files-tmb\/T4AQZCLH2-F5571KK43-f6f5f59819\/layout-bug_480.png?t=xoxe-146849428580-189841166806-189859908471-e99662fdd6",
            "thumb_480_w": 480,
            "thumb_480_h": 322,
            "thumb_160": "https:\/\/files.slack.com\/files-tmb\/T4AQZCLH2-F5571KK43-f6f5f59819\/layout-bug_160.png?t=xoxe-146849428580-189841166806-189859908471-e99662fdd6",
            "thumb_720": "https:\/\/files.slack.com\/files-tmb\/T4AQZCLH2-F5571KK43-f6f5f59819\/layout-bug_720.png?t=xoxe-146849428580-189841166806-189859908471-e99662fdd6",
            "thumb_720_w": 720,
            "thumb_720_h": 483,
            "thumb_800": "https:\/\/files.slack.com\/files-tmb\/T4AQZCLH2-F5571KK43-f6f5f59819\/layout-bug_800.png?t=xoxe-146849428580-189841166806-189859908471-e99662fdd6",
            "thumb_800_w": 800,
            "thumb_800_h": 537,
            "thumb_960": "https:\/\/files.slack.com\/files-tmb\/T4AQZCLH2-F5571KK43-f6f5f59819\/layout-bug_960.png?t=xoxe-146849428580-189841166806-189859908471-e99662fdd6",
            "thumb_960_w": 960,
            "thumb_960_h": 644,
            "thumb_1024": "https:\/\/files.slack.com\/files-tmb\/T4AQZCLH2-F5571KK43-f6f5f59819\/layout-bug_1024.png?t=xoxe-146849428580-189841166806-189859908471-e99662fdd6",
            "thumb_1024_w": 1024,
            "thumb_1024_h": 687,
            "image_exif_rotation": 1,
            "original_w": 1892,
            "original_h": 1270,
            "permalink": "https:\/\/septsem12017.slack.com\/files\/jasmine\/F5571KK43\/layout-bug.png",
            "permalink_public": "https:\/\/slack-files.com\/T4AQZCLH2-F5571KK43-ea7c63454b",
            "channels": [
                "C4BDL1N5U"
            ],
            "groups": [],
            "ims": [],
            "comments_count": 0
        },
        "user": "U4DPU1SNB",
        "upload": true,
        "display_as_bot": false,
        "username": "jasmine",
        "bot_id": null,
        "ts": "1493277155.200759"
    },
    {
        "type": "message",
        "user": "U4DPU1SNB",
        "text": "I thought i was finished too. :joy:",
        "ts": "1493277177.204981"
    },
    {
        "type": "message",
        "user": "U4A27FREU",
        "text": "Maybe check if the page is called differently from the return button than it is originally? Theoretically it shouldn't make a difference but you never know",
        "ts": "1493277313.228622"
    },
    {
        "type": "message",
        "user": "U4DPU1SNB",
        "text": "<@U4A27FREU> So in booksite.java, you're setting the stage to have the width and height of the screen?",
        "ts": "1493281058.975364"
    },
    {
        "type": "message",
        "user": "U4A27FREU",
        "text": "I think rob or declan added that but yes I believe it does that ",
        "ts": "1493281119.988844"
    },
    {
        "type": "message",
        "user": "U4A27FREU",
        "text": "Then that stage is passed around to all the rest of the windows save the 2 pop ups",
        "ts": "1493281177.001500"
    },
    {
        "type": "message",
        "user": "U4DPU1SNB",
        "text": "It's just that, the primary stage being defined there uses the came controller as main menu",
        "ts": "1493281231.013646"
    },
    {
        "type": "message",
        "user": "U4DPU1SNB",
        "text": "main menu doesn't have it's own controller. idk i'm kinda confused by the way it's set up",
        "ts": "1493281258.019878"
    },
    {
        "type": "message",
        "user": "U4CD3EY4R",
        "text": "I set it on primary stage for fullscreen. Which is just on bookinsute.java",
        "ts": "1493281303.029858"
    },
    {
        "type": "message",
        "user": "U4A27FREU",
        "text": "I'm prettt sure there's a main menu controller as to what it does anymore I can't quite remember as it used to be set up quite differently ",
        "ts": "1493281413.054745"
    },
    {
        "type": "message",
        "user": "U4CD3EY4R",
        "text": "Haha",
        "ts": "1493281439.060661"
    },
    {
        "type": "message",
        "user": "U4DPU1SNB",
        "text": "yeah i'm just not sure how to fix this. it seems like for whatever reason, when the stage is called from the return button, the sizing of the scene is totally different.",
        "ts": "1493281493.072920"
    },
    {
        "type": "message",
        "user": "U4A27FREU",
        "text": "Which is quite weird because the sizing isn't changed anywhere after the original setting if you upload it to the GitHub I'll take a look shortly ",
        "ts": "1493281608.099424"
    },
    {
        "type": "message",
        "user": "U4CD3EY4R",
        "text": "I hadnt noticed it do that",
        "ts": "1493281641.106778"
    },
    {
        "type": "message",
        "user": "U4DPU1SNB",
        "text": "Ok if I push to master or should I make a new branch?",
        "ts": "1493281680.115428"
    },
    {
        "type": "message",
        "user": "U4A27FREU",
        "text": "If you pulled it after the last change was made you can just go master",
        "ts": "1493281728.126120"
    },
    {
        "type": "message",
        "user": "U4DPU1SNB",
        "text": "Ok done",
        "ts": "1493281910.168998"
    },
    {
        "type": "message",
        "user": "U4A27FREU",
        "text": ":+1:",
        "ts": "1493281926.172873"
    },
    {
        "type": "message",
        "user": "U4A27FREU",
        "text": "Works perfectly on my machine ",
        "ts": "1493283199.467120"
    },
    {
        "type": "message",
        "user": "U4DPU1SNB",
        "text": "Really?",
        "ts": "1493285603.037525"
    },
    {
        "type": "message",
        "user": "U4DPU1SNB",
        "text": "Weird...",
        "ts": "1493285608.038808"
    },
    {
        "type": "message",
        "user": "U4DPU1SNB",
        "text": "Alright so just don't demo to homy on my laptop i guess. Lol",
        "ts": "1493285702.060024"
    },
    {
        "type": "message",
        "user": "U4CD3EY4R",
        "text": "Lol\n",
        "ts": "1493285912.107907"
    },
    {
        "type": "message",
        "user": "U4DPU1SNB",
        "text": "I can't register. Is this just on my end?",
        "ts": "1493292409.426293"
    },
    {
        "type": "message",
        "user": "U4A27FREU",
        "text": "I can do it on mine",
        "ts": "1493293065.548849"
    },
    {
        "type": "message",
        "user": "U4A27FREU",
        "text": "scratch that just downloaded the latest version and it doesnt work",
        "ts": "1493293227.577778"
    },
    {
        "type": "message",
        "user": "U4A27FREU",
        "text": "Im guessing something about the chamges to the booking view\/controller prevents it from loading",
        "ts": "1493293457.619503"
    },
    {
        "type": "message",
        "user": "U4DPU1SNB",
        "text": "You mean when I changed it to 60 minute slots? Sorry I can change it back.",
        "ts": "1493293521.631594"
    },
    {
        "type": "message",
        "user": "U4DPU1SNB",
        "text": "The new bookings were showing up when i logged in as business though, so idk if it's because of that",
        "ts": "1493293683.661422"
    },
    {
        "type": "message",
        "user": "U4A27FREU",
        "text": "couple issues it doesnt like where youve set the scene for whatever reason as well as trying to assign an id value to an element that isnt generated in the customer version",
        "ts": "1493293750.673986"
    },
    {
        "type": "message",
        "user": "U4DPU1SNB",
        "text": "ohh",
        "ts": "1493293798.683153"
    },
    {
        "type": "message",
        "user": "U4A27FREU",
        "text": "okay its something about the scroll pane it doesnt like and setting an id to switchpane in the customer version",
        "ts": "1493293891.701015"
    },
    {
        "type": "message",
        "user": "U4DPU1SNB",
        "text": "i fixed it",
        "ts": "1493293973.716185"
    },
    {
        "type": "message",
        "user": "U4A27FREU",
        "text": "Awesome",
        "ts": "1493294074.735475"
    },
    {
        "type": "message",
        "user": "U4A27FREU",
        "text": "In the morning i'll add a filter to the customer version so it only displays unfilled bookings and a (primative) message when bookings are confirmed",
        "ts": "1493294179.756145"
    },
    {
        "type": "message",
        "user": "U4DPU1SNB",
        "text": "Sounds good",
        "ts": "1493294192.758948"
    },
    {
        "type": "message",
        "user": "U4A27FREU",
        "text": "Didn't think of it until now but I'd guess that homy wouldnt be happy if it doesn't do those things when we show him",
        "ts": "1493294317.783809"
    },
    {
        "type": "message",
        "user": "U4A27FREU",
        "text": "So hard to think as someone delivering a product rather than solely a developer",
        "ts": "1493294380.796156"
    },
    {
        "type": "message",
        "user": "U4DPU1SNB",
        "text": "I'm not sure I'll have the new layout applied to login. Is that an issue? I'm having the same reoccurring problem with the scene resizing in odd ways.",
        "ts": "1493296210.188073"
    },
    {
        "type": "message",
        "user": "U4DPU1SNB",
        "text": "I'm sure it's fixable, but right now I'm just not sure what's going wrong.",
        "ts": "1493296229.192736"
    },
    {
        "type": "message",
        "user": "U4A27FREU",
        "text": "It's fine just do what you can with the time you have there's always going to be something that isn't done or doesn't work the way it's supposed to",
        "ts": "1493296372.226302"
    },
    {
        "type": "message",
        "user": "U4DPU1SNB",
        "text": "ok",
        "ts": "1493296386.229576"
    },
    {
        "type": "message",
        "user": "U4A27FREU",
        "text": "Also if you feel you can get any of the other pages done faster or more easily then go with those doesnt really make a difference what order they're done in",
        "ts": "1493296698.303644"
    },
    {
        "type": "message",
        "user": "U4CD3EY4R",
        "text": "Ive run some of the test cases on lean testing but i suppose that just has to be done prior to monday?",
        "ts": "1493297521.510700"
    },
    {
        "type": "message",
        "user": "U4DPU1SNB",
        "text": "Some of the tests don't really make sense. Definitely should fix them up beforehand. Like \"make booking without employee\".",
        "ts": "1493297636.541589"
    },
    {
        "type": "message",
        "user": "U4CD3EY4R",
        "text": "Yea fair enough",
        "ts": "1493297723.564971"
    },
    {
        "type": "message",
        "user": "U4CD3EY4R",
        "text": "At the same time though if we had designed the system that allowed for such behaviour, that test would be failable. Assuming tdd there should be tests to cover proper behaviour.",
        "ts": "1493297857.601720"
    },
    {
        "type": "message",
        "user": "U4CD3EY4R",
        "text": "Though i might be mistaken haha so up for debate of course",
        "ts": "1493297963.631617"
    },
    {
        "type": "message",
        "user": "U4DPU1SNB",
        "text": "Not sure what you mean? I think if it's not possible, we shouldn't test for it. Btw <@U4A27FREU> he issue with the layout seems to occur on every page that has primaryStage. I'll see if I can add style the pop ups maybe?",
        "ts": "1493297972.634468"
    },
    {
        "type": "message",
        "user": "U4CD3EY4R",
        "text": "Well we wrote the test cases prior to dev. So the test cases should cover functionality. If we had built the system in such a way that this behaviour were possible, that would be a bug. Hence one acceotibility test would be to make sure that that behaviour does not occur.",
        "ts": "1493298147.686892"
    },
    {
        "type": "message",
        "user": "U4A27FREU",
        "text": "<@U4CD3EY4R> in theory we should be changing the test cases to reflect any changes in design\/function we make then run them as for now we should just remove the ones that don't make sense any longer",
        "ts": "1493298167.692413"
    },
    {
        "type": "message",
        "user": "U4A27FREU",
        "text": "<@U4DPU1SNB> that's quite odd not sure why it would do that, if you can style the pop ups that would be fantastic ",
        "ts": "1493298226.709762"
    },
    {
        "type": "message",
        "user": "U4A27FREU",
        "text": "Added the customer filled booking filter and the basic confirmation message on booking only issue is it it doesn't update the display of bookings once it does as when I tried to do that it got mad at the scroll pane and threw and exception",
        "ts": "1493339006.583308"
    },
    {
        "type": "message",
        "user": "U4DPU1SNB",
        "text": "Be there in 10",
        "ts": "1493346890.585466"
    }
]