[
    {
        "type": "message",
        "user": "U4A27FREU",
        "text": "In theory the base elements and functions i uploaded should work covering making bookings including types and assigning\/unassigning those types from employees however after testing a few (or a lot) of things will need to be fixed and I cannot test it until the issue i raised on github has been fixed and base layout applied to the new windows (due to element stacking) if anyone who has time can take a look at the issue and see what ive missed that'd be great",
        "ts": "1492907219.138837"
    },
    {
        "type": "message",
        "user": "U4A27FREU",
        "text": "How's everyone going with their parts?",
        "ts": "1492918620.576495"
    },
    {
        "type": "message",
        "user": "U4CD3EY4R",
        "text": "Sorry was  abit busy the other day, have gotten started with validation on another branch. Might have to put the junit tests on the back burner for a sec while i do this bit, still can’t figure out scene builder integration but i suppose we ought to try at some point. \n\nDo we have new wireframes\/layouts etc for the next functions?",
        "ts": "1492918737.580734"
    },
    {
        "type": "message",
        "user": "U4CC4KN1E",
        "text": "I'll be making those wireframes today, was gonna start in an hour or so, but can do them now if anyone needs",
        "ts": "1492918856.585222"
    },
    {
        "type": "message",
        "user": "U4CD3EY4R",
        "text": "Nah no rush from me right now",
        "ts": "1492918869.585701"
    },
    {
        "type": "message",
        "user": "U4A27FREU",
        "text": "Leaving Junit for now is definitely a good idea. Should check for a open source Regex library online would cut down quite a bit of time and price to Homy we are listening to feedback. If you can get scenebuilder to work that would be great but don't sink huge amounts of time into it if it isn't cooperating ",
        "ts": "1492918937.587982"
    },
    {
        "type": "message",
        "user": "U4CD3EY4R",
        "text": "That’s a good idea for the validation",
        "ts": "1492918966.588996"
    },
    {
        "type": "message",
        "user": "U4DPU1SNB",
        "text": "Sorry guys, extremely busy with the capstone today. Will start my part tomorrow. Unless anything's urgent? And using scene builder this far into the project would be, imo, too much of a pain in the ass.",
        "ts": "1492919056.592166"
    },
    {
        "type": "message",
        "user": "U4CC4KN1E",
        "text": "i think our best bet, in line with what lawrence said, is to make a nice design, which ill get on today, and then once we have the core functions done and pages that match the wireframes we try to implement the design to as many pages as we can and make our modified criteria that we dont need to achieve all the pages, just show that we can maybe get one or two looking nice and to a design",
        "ts": "1492919193.597028"
    },
    {
        "type": "message",
        "user": "U4A27FREU",
        "text": "Agreed. Anyone had a chance to look at the issue I put on GitHub? I feel like it's something simple I've forgotten but I can't see it.",
        "ts": "1492919587.610553"
    },
    {
        "type": "message",
        "user": "U4CC4KN1E",
        "text": "doing some food now, ill take a look before i get started on the other stuff",
        "ts": "1492919656.612740"
    },
    {
        "type": "message",
        "user": "U4A27FREU",
        "text": "Thanks functions should be done but I need that fixed to check everything ",
        "ts": "1492919719.614840"
    },
    {
        "type": "message",
        "user": "U4CD3EY4R",
        "text": "Should we say that a user name can only have letters\/numbers?",
        "ts": "1492922347.700067"
    },
    {
        "type": "message",
        "user": "U4CC4KN1E",
        "text": "i think username should be anything, just limit between like 4 and 12 characters",
        "ts": "1492922373.700754"
    },
    {
        "type": "message",
        "user": "U4CC4KN1E",
        "text": "no spaces could also be an option",
        "ts": "1492922389.701192"
    },
    {
        "type": "message",
        "user": "U4A27FREU",
        "text": "Nah don't do spaces another group had that and he didn't like it just keep it basic number and letters",
        "ts": "1492922448.703211"
    },
    {
        "type": "message",
        "user": "U4CD3EY4R",
        "text": "Yea we can’t just have anything, needs to have some uniformity but how much is up to us. Numbers and letters seems good though",
        "ts": "1492924030.752317"
    },
    {
        "type": "message",
        "user": "U4CC4KN1E",
        "text": "im taking a look tryng to figure the error out, <@U4A27FREU> when is this being called\n'public Boolean setController(UserAccountMenuController controller){\n\t\tthis.cont=controller;\n\t\treturn true;\n\t}'",
        "ts": "1492926061.811603"
    },
    {
        "type": "message",
        "user": "U4CC4KN1E",
        "text": "hmm, that code segemtn didnt work",
        "ts": "1492926068.811819"
    },
    {
        "type": "message",
        "user": "U4A27FREU",
        "text": "That's called from the login function i believe",
        "ts": "1492926152.814262"
    },
    {
        "type": "message",
        "user": "U4CC4KN1E",
        "text": "i can only find the setController for setting the login controller",
        "ts": "1492926197.815330"
    },
    {
        "type": "message",
        "user": "U4CC4KN1E",
        "text": "is it possible that no (user\/business)MenuAccountController is being created?",
        "ts": "1492926229.816254"
    },
    {
        "type": "message",
        "user": "U4CC4KN1E",
        "text": "i cant see the changed you made on the first commit because of the one where you accidently deleted everything",
        "ts": "1492926313.818919"
    },
    {
        "type": "message",
        "user": "U4A27FREU",
        "text": "Perhaps I'll have to look when I get home but I thought it already used it to call heaps of other functions ",
        "ts": "1492926314.818940"
    },
    {
        "type": "message",
        "user": "U4CC4KN1E",
        "text": "is it possible for us to revert those commits and then you just commit your current version",
        "ts": "1492926332.819558"
    },
    {
        "type": "message",
        "user": "U4A27FREU",
        "text": "To do what sorry?",
        "ts": "1492926696.829904"
    },
    {
        "type": "message",
        "user": "U4CC4KN1E",
        "text": "dw, i think i fixed it",
        "ts": "1492926725.830649"
    },
    {
        "type": "message",
        "user": "U4A27FREU",
        "text": "Champion",
        "ts": "1492926753.831527"
    },
    {
        "type": "message",
        "user": "U4CC4KN1E",
        "text": "business menu is now able to view bookings again",
        "ts": "1492926783.832351"
    },
    {
        "type": "message",
        "user": "U4CC4KN1E",
        "text": "but none for user yet",
        "ts": "1492926788.832494"
    },
    {
        "type": "message",
        "user": "U4A27FREU",
        "text": "Excellent can you replicate the fix on user?",
        "ts": "1492926812.833204"
    },
    {
        "type": "message",
        "user": "U4CD3EY4R",
        "text": "I’ve got validation working for the register page, just need to add neat messages for whichever the error is. Possible to set a different error message from the view when the controller does ```pwordhbox.setId(\"incorrectForm\");``` for example?",
        "ts": "1492926813.833233"
    },
    {
        "type": "message",
        "user": "U4A27FREU",
        "text": "There's a method you can you to change there strings in the error boxes I believe",
        "ts": "1492926882.835055"
    },
    {
        "type": "message",
        "user": "U4CC4KN1E",
        "text": "so the messages are generated in the view and then passed to the controller when it checkers the entries, in that same method the controller decides which of the messages to display by assigning them to their respective boxes",
        "ts": "1492926896.835450"
    },
    {
        "type": "message",
        "user": "U4CD3EY4R",
        "text": "Yea nice. too easy",
        "ts": "1492926934.836672"
    },
    {
        "type": "message",
        "user": "U4CC4KN1E",
        "text": "the method to check the entries is passed:\n - the field entries\n - all the possible error messages\n - and a box corresponding to each message",
        "ts": "1492926935.836745"
    },
    {
        "type": "message",
        "user": "U4A27FREU",
        "text": "the EditAvailabilitiesView\/Controller probably is a good place to look for examples",
        "ts": "1492926957.837413"
    },
    {
        "type": "message",
        "user": "U4CC4KN1E",
        "text": "<@U4A27FREU>  the way i fixed the business one was it was simply missing this\n'newview.setController(newcont);'\nin the login function of login controller",
        "ts": "1492926976.837885"
    },
    {
        "type": "message",
        "user": "U4CC4KN1E",
        "text": "trying to see if it will wokr in user one now",
        "ts": "1492927013.839098"
    },
    {
        "type": "message",
        "user": "U4A27FREU",
        "text": "duplicated on mine and it did indeed fix it thanks, the action events i made for the bookings dont work as intended but i suspected that would be the case",
        "ts": "1492927231.846112"
    },
    {
        "type": "message",
        "user": "U4CC4KN1E",
        "text": "did it work better for the user version?",
        "ts": "1492927276.847667"
    },
    {
        "type": "message",
        "user": "U4CC4KN1E",
        "text": "as in like was it displaying anything?",
        "ts": "1492927285.848021"
    },
    {
        "type": "message",
        "user": "U4A27FREU",
        "text": "no sadly trying to figure that one out",
        "ts": "1492927542.855936"
    },
    {
        "type": "message",
        "user": "U4A27FREU",
        "text": "Bit weird it doesnt work since its essentially a copy paste",
        "ts": "1492927738.861600"
    },
    {
        "type": "message",
        "user": "U4CC4KN1E",
        "text": "yeah especially seeing as it almost looks liek an identical error",
        "ts": "1492927773.862672"
    },
    {
        "type": "message",
        "user": "U4A27FREU",
        "text": "clicking bookings should now pull up a assignment window",
        "ts": "1492928137.873845"
    },
    {
        "type": "message",
        "user": "U4A27FREU",
        "text": "just uploaded a fix",
        "ts": "1492928150.874230"
    }
]