[
    {
        "type": "message",
        "user": "U4DPU1SNB",
        "text": "So it occurred to me that testing login is actually an integration test, not a unit test.",
        "ts": "1489655425.221622"
    },
    {
        "type": "message",
        "user": "U4DPU1SNB",
        "text": "I'll do tests for the models. But I think integration testing is outside the scope of what JUnit can do.",
        "ts": "1489656046.353948"
    },
    {
        "type": "message",
        "user": "U4CD3EY4R",
        "text": "Yea as i understand it, JUnit can only perform unit tests. I might be wrong but ill have to do some more reading. We can potentially still test for whether the class de behaves as intended but not the gui component.",
        "ts": "1489658089.800295"
    },
    {
        "type": "message",
        "user": "U4A27FREU",
        "text": "You can replicate it to a certain extent by stringing together the same methods as featured in the flow of the program you just replace user input with predetermined strings obviously it isn't perfect but it is one way to go about it",
        "ts": "1489660359.293731"
    },
    {
        "type": "message",
        "user": "U4DPU1SNB",
        "text": "Where is stage defined? Is that part of JavaFX?",
        "ts": "1489665958.386861"
    },
    {
        "type": "message",
        "user": "U4A27FREU",
        "text": "Yeah it's essentially an application window the site only uses one window which is generated at the very start of the program the first reference will be called primaryStage as that is automatically generated by JavaFX",
        "ts": "1489666310.457044"
    },
    {
        "type": "message",
        "user": "U4DPU1SNB",
        "text": "Ok i'm just not sure javafx is working for me. I'm getting a ton of errors and I think that's why.",
        "ts": "1489666400.475295"
    },
    {
        "type": "message",
        "user": "U4DPU1SNB",
        "text": "Like I pulled your code down and almost every file had an error.",
        "ts": "1489666425.480427"
    },
    {
        "type": "message",
        "user": "U4DPU1SNB",
        "text": "Most of the tests of written so far are passing though, lol.",
        "ts": "1489666492.493681"
    },
    {
        "type": "message",
        "user": "U4DPU1SNB",
        "text": "It's just with the tests I'm writing for LoginController, I'm not sure what to put as the argument for LoginView()",
        "ts": "1489666525.500348"
    },
    {
        "type": "message",
        "user": "U4DPU1SNB",
        "text": "I know it needs a 'stage' but idk what to put there sorry.",
        "ts": "1489666538.502906"
    },
    {
        "type": "message",
        "user": "U4DPU1SNB",
        "text": "Alright I think I got it now.",
        "ts": "1489667512.702804"
    },
    {
        "type": "message",
        "user": "U4DPU1SNB",
        "text": "For whatever reason I can't push changes to the repo. I get error \"git-receive-pack not permitted\". Maybe I don't have write access?",
        "ts": "1489671270.658419"
    },
    {
        "type": "message",
        "user": "U4A27FREU",
        "text": "You need to accept the collaboration invitation should be in your email probably 2 weeks ago let me know if you would like me to resend it",
        "ts": "1489698830.413668"
    },
    {
        "type": "message",
        "user": "U4A27FREU",
        "text": "As for the stage you might just have to run a standard fx start",
        "ts": "1489699067.478627"
    },
    {
        "type": "message",
        "user": "U4A27FREU",
        "text": "Sorry scratch that my brain isn't working yet.\nFor the stage just make a stage object with \"Stage stage = new Stage()\" then put \"import javafx.stage.Stage;\" at the top of the file and pass the \"stage\" reference to it",
        "ts": "1489699417.575794"
    },
    {
        "type": "message",
        "user": "U4DPU1SNB",
        "text": "<http:\/\/bookings.simplesalon.com\/Login.aspx?api=8593858a-bee5-4c59-b618-24930a438982>",
        "ts": "1489720424.761304"
    },
    {
        "type": "message",
        "user": "U4DPU1SNB",
        "text": "Homy wants us to do Mockups, User Stories, Test Cases one week, following week we show him implementation. One function at a time.",
        "ts": "1489720479.766353"
    }
]