[
    {
        "type": "message",
        "user": "U4CC4KN1E",
        "text": "hey <@U4DPU1SNB>, did you run into any problems like this?",
        "ts": "1493808612.835013"
    },
    {
        "type": "message",
        "user": "U4CC4KN1E",
        "text": "<https:\/\/gyazo.com\/b74e658f65af779eec239591d1f96066>",
        "attachments": [
            {
                "service_name": "Gyazo",
                "service_url": "https:\/\/gyazo.com",
                "fallback": "Gyazo Photo: ",
                "image_url": "https:\/\/bot.gyazo.com\/b74e658f65af779eec239591d1f96066.png",
                "image_width": 1148,
                "image_height": 373,
                "from_url": "https:\/\/gyazo.com\/b74e658f65af779eec239591d1f96066",
                "image_bytes": 25052,
                "title_link": "https:\/\/gyazo.com\/b74e658f65af779eec239591d1f96066",
                "service_icon": "https:\/\/gyazo.com\/favicon.ico",
                "id": 1
            }
        ],
        "ts": "1493808613.835190"
    },
    {
        "type": "message",
        "user": "U4DPU1SNB",
        "text": "I haven't worked on a page with a form yet.",
        "ts": "1493808723.854690"
    },
    {
        "type": "message",
        "user": "U4A27FREU",
        "text": "Added a revised structure to a branch \"s3529120-edit\" let me know what you think of it also probably a good idea to pull that and work in there as with how different everything is any further alterations on the original structure will be a massive pain to merge",
        "ts": "1493858729.539327"
    },
    {
        "type": "message",
        "user": "U4A27FREU",
        "text": "also converted it to a Maven project so you may need to download it",
        "ts": "1493858755.542301"
    },
    {
        "type": "message",
        "user": "U4DPU1SNB",
        "text": "<@U4CC4KN1E> seems obvious but are you sure you're not putting the border on the hbox rather than the form field?",
        "edited": {
            "user": "U4DPU1SNB",
            "ts": "1493867809.000000"
        },
        "ts": "1493867798.445048"
    },
    {
        "type": "message",
        "user": "U4CC4KN1E",
        "text": "Haha yes that was the case. Took me a while because we do that in almost all places. So has to go change quite a few",
        "ts": "1493867876.452264"
    },
    {
        "type": "message",
        "user": "U4CC4KN1E",
        "text": "*had",
        "ts": "1493867889.453407"
    }
]