[
    {
        "type": "message",
        "user": "U4A27FREU",
        "text": "Since it's a public holiday do we want to do an earlier meeting on Tuesday?",
        "ts": "1492933025.027435"
    },
    {
        "type": "message",
        "user": "U4CD3EY4R",
        "text": "Uni wont be open but are any of you guys available monday? even if we havent got everything sorted just yet?",
        "ts": "1492933265.034938"
    },
    {
        "type": "message",
        "user": "U4CC4KN1E",
        "text": "i have something till about 11 on monday so can be around uni by 12",
        "ts": "1492933295.035881"
    },
    {
        "type": "message",
        "user": "U4CD3EY4R",
        "text": "Yea i have a class until 12:30 in 56. but after that nothing basically",
        "ts": "1492933318.036451"
    },
    {
        "type": "message",
        "user": "U4A27FREU",
        "text": "I think it stays open on public holidays. Would a 12:30 booking suit everyone?",
        "ts": "1492934763.085738"
    },
    {
        "type": "message",
        "user": "U4CC4KN1E",
        "text": "should be fine for me",
        "ts": "1492934774.086075"
    },
    {
        "type": "message",
        "user": "U4CD3EY4R",
        "text": "Still for tuesday?",
        "ts": "1492934788.086791"
    },
    {
        "type": "message",
        "user": "U4A27FREU",
        "text": "yeah gives everyone a chance to get a good start hopefully",
        "ts": "1492934827.088047"
    },
    {
        "type": "message",
        "user": "U4CC4KN1E",
        "text": "tuesdays also good for me",
        "ts": "1492934917.091352"
    },
    {
        "type": "message",
        "user": "U4A27FREU",
        "text": "Would that be okay for you <@U4DPU1SNB>?",
        "ts": "1492935319.105847"
    },
    {
        "type": "message",
        "user": "U4DPU1SNB",
        "text": "I can meet Monday before 3.",
        "ts": "1492935443.110438"
    },
    {
        "type": "message",
        "user": "U4DPU1SNB",
        "text": "Otherwise I'm still fine for Tuesday. We'd just have to find a spot.",
        "ts": "1492935450.110707"
    },
    {
        "type": "message",
        "user": "U4A27FREU",
        "text": "We were thinking Tuesday at 1230 if that's okay? I can still book the same room I believe",
        "ts": "1492935496.112297"
    },
    {
        "type": "message",
        "user": "U4A27FREU",
        "text": "Unless everyone would prefer the Monday and can get the stuff they need to done by then",
        "ts": "1492935671.118325"
    },
    {
        "type": "message",
        "user": "U4CD3EY4R",
        "text": "I think tuesday 12:30 is fine",
        "ts": "1492935692.119130"
    },
    {
        "type": "message",
        "user": "U4DPU1SNB",
        "text": "Yeah it's fine for me too but last time i checked all the rooms were booked. I'm sure we can find a place to sit tho.",
        "ts": "1492935826.123756"
    },
    {
        "type": "message",
        "user": "U4A27FREU",
        "text": "Yeah only Bundoora appears to have bookings available at that time but given its a public holiday it should be less crowded than usual ",
        "ts": "1492936337.141763"
    },
    {
        "type": "message",
        "user": "U4CD3EY4R",
        "text": "I’m assuming we don’t need validation on the login, as they can only match credentials, not modify the DB from login. Thoughts?",
        "ts": "1493008140.339015"
    },
    {
        "type": "message",
        "user": "U4A27FREU",
        "text": "Should check the fields before the registration function is called you dont want it to be the database that has to catch validation errors",
        "ts": "1493008962.405564"
    },
    {
        "type": "message",
        "user": "U4CD3EY4R",
        "text": "Yea that’s currently how it works. I resolved that issue i had as well on github",
        "ts": "1493009023.410251"
    },
    {
        "type": "message",
        "user": "U4A27FREU",
        "text": "Excellent",
        "ts": "1493009117.417643"
    },
    {
        "type": "message",
        "user": "U4CD3EY4R",
        "text": "Just realised that you can’t add an employee in the NT",
        "ts": "1493010032.492793"
    },
    {
        "type": "message",
        "user": "U4CD3EY4R",
        "text": "haha",
        "ts": "1493010035.493057"
    },
    {
        "type": "message",
        "user": "U4A27FREU",
        "text": "NT?",
        "ts": "1493010077.497000"
    },
    {
        "type": "message",
        "user": "U4CD3EY4R",
        "text": "Northern territory?",
        "ts": "1493010089.498072"
    },
    {
        "type": "message",
        "user": "U4A27FREU",
        "text": "oh thats weird",
        "ts": "1493010103.499297"
    },
    {
        "type": "message",
        "user": "U4CD3EY4R",
        "text": "i fixed it on my branch but not a big deal to fix",
        "ts": "1493010115.500404"
    },
    {
        "type": "message",
        "user": "U4A27FREU",
        "text": "I am having massive issues with trying to fix the layout on the editSpecs and  assignToBooking popups tried apply just the general rules we have have to the elements and the biggest impact it had was moving the stacked mess to a different part of the screen",
        "ts": "1493010326.519348"
    },
    {
        "type": "message",
        "user": "U4CD3EY4R",
        "text": "Hmm okay. Side note, have we spoken to Homy re lawrences reply yet? <@U4DPU1SNB> <@U4CC4KN1E>",
        "ts": "1493010366.523179"
    },
    {
        "type": "message",
        "user": "U4CD3EY4R",
        "text": "I’ve almost gotten all of the validation completed and implemented. After that I can try to get some of the test cases written, but I have work at 5:30 so I don’t know how much I’ll be able to get done.",
        "ts": "1493010417.527427"
    },
    {
        "type": "message",
        "user": "U4A27FREU",
        "text": "That's great dont stress if you cant get through everything today",
        "ts": "1493010501.534563"
    },
    {
        "type": "message",
        "user": "U4CD3EY4R",
        "text": "Alright, great news, there is now very rigid validation to the add employee and registration pages. If anyone gets a moment, take a look, otherwise we’ll explore it tomorrow. There are prbably bugs, but now I can write unit tests to cover a lot more cases with regsitration of employee and users",
        "ts": "1493013481.806497"
    }
]