[
    {
        "type": "message",
        "user": "U4CC4KN1E",
        "text": "In case you gust aren't here the link is",
        "ts": "1493623289.432718"
    },
    {
        "type": "message",
        "user": "U4CC4KN1E",
        "text": "<http:\/\/goo.gl\/RlyolO|goo.gl\/RlyolO>",
        "ts": "1493623310.434119"
    },
    {
        "type": "message",
        "user": "U4DPU1SNB",
        "text": "404",
        "ts": "1493623815.467263"
    },
    {
        "type": "message",
        "user": "U4CC4KN1E",
        "text": "It's a capital I, sorry",
        "ts": "1493623847.469513"
    },
    {
        "type": "message",
        "user": "U4CC4KN1E",
        "text": "The first one, second one is an L",
        "ts": "1493623863.470719"
    },
    {
        "type": "message",
        "user": "U4A27FREU",
        "text": "Wasn't able to get the room this week tried to book it before the weekend and it was already taken sadly",
        "ts": "1493636836.369907"
    },
    {
        "type": "message",
        "user": "U4CD3EY4R",
        "text": "Ah well. We'll figure something out",
        "ts": "1493641963.754153"
    },
    {
        "type": "message",
        "user": "U4CD3EY4R",
        "text": "Still meeting today at 2:30?",
        "ts": "1493697856.288451"
    },
    {
        "type": "message",
        "user": "U4A27FREU",
        "text": "Yeah I'm at flinders now. Where do we want to meet?",
        "ts": "1493697900.292495"
    },
    {
        "type": "message",
        "user": "U4CC4KN1E",
        "text": "Maybe one of those spaces in building 12\/10 from about 7 up",
        "ts": "1493698003.302320"
    },
    {
        "type": "message",
        "user": "U4CC4KN1E",
        "text": "There's a couple of open areas",
        "ts": "1493698018.303762"
    },
    {
        "type": "message",
        "user": "U4A27FREU",
        "text": "Cool whoever gets there first shout out a floor number if you find a free spot",
        "ts": "1493698071.308595"
    },
    {
        "type": "message",
        "user": "U4CD3EY4R",
        "text": "Well im sitting on the floor by the window in 12.10 haha",
        "ts": "1493698984.391808"
    },
    {
        "type": "message",
        "user": "U4A27FREU",
        "text": "Building 12 level 10?",
        "ts": "1493699194.410839"
    },
    {
        "type": "message",
        "user": "U4CC4KN1E",
        "text": "Yep",
        "ts": "1493699210.412252"
    },
    {
        "type": "message",
        "user": "U4CD3EY4R",
        "text": "<@U4DPU1SNB> we're actully in 10.10",
        "ts": "1493699989.480961"
    }
]