[
    {
        "type": "message",
        "user": "U4A27FREU",
        "text": "Depends on how the layout stuff goes the rest should be ready to go Friday ",
        "ts": "1493103892.444185"
    },
    {
        "type": "message",
        "user": "U4CD3EY4R",
        "text": "I think Homy wants an answer so lets get back to him by tomorrow.",
        "ts": "1493109258.501644"
    },
    {
        "type": "message",
        "user": "U4A27FREU",
        "text": "Uploaded the changes I discussed making today header is a bit clunky at the moment but it is functional",
        "ts": "1493114597.730365"
    },
    {
        "type": "message",
        "user": "U4CC4KN1E",
        "text": "sorry guys, fell asleep when i got home",
        "ts": "1493118183.423163"
    },
    {
        "type": "message",
        "user": "U4CC4KN1E",
        "text": "heres the first design mock up",
        "ts": "1493118190.424351"
    },
    {
        "type": "message",
        "user": "U4CC4KN1E",
        "text": "<https:\/\/gyazo.com\/8abaadefb63f43f48ef09ae18cfe4745>",
        "attachments": [
            {
                "service_name": "Gyazo",
                "service_url": "https:\/\/gyazo.com",
                "fallback": "Gyazo Photo: ",
                "image_url": "https:\/\/bot.gyazo.com\/8abaadefb63f43f48ef09ae18cfe4745.png",
                "image_width": 1277,
                "image_height": 796,
                "from_url": "https:\/\/gyazo.com\/8abaadefb63f43f48ef09ae18cfe4745",
                "image_bytes": 88572,
                "title_link": "https:\/\/gyazo.com\/8abaadefb63f43f48ef09ae18cfe4745",
                "service_icon": "https:\/\/gyazo.com\/favicon.ico",
                "id": 1
            }
        ],
        "ts": "1493118192.424619"
    },
    {
        "type": "message",
        "user": "U4CC4KN1E",
        "text": "im not entirely set on the color scheme, but is has good contrast",
        "ts": "1493118222.430412"
    },
    {
        "type": "message",
        "user": "U4CC4KN1E",
        "text": "gonna try get those 2 pages to work now",
        "ts": "1493118509.484068"
    },
    {
        "type": "message",
        "user": "U4CC4KN1E",
        "text": "fixed those pages where the elements were stacking on top of each other",
        "ts": "1493121120.974651"
    },
    {
        "type": "message",
        "user": "U4CC4KN1E",
        "text": "the way to avoid it is to make sure that you only ever add one VBox\/Hbox to the stack pane",
        "ts": "1493121222.994970"
    },
    {
        "type": "message",
        "user": "U4CD3EY4R",
        "text": "Do you guys think we'll be able to comlete by wednesday of next week without a reduced scope?",
        "ts": "1493176833.041456"
    },
    {
        "type": "message",
        "user": "U4A27FREU",
        "text": "I've only got a few minor fixes to do for the functionality and then the logging so I should be able to finish fairly comfortably by then",
        "ts": "1493181878.541034"
    },
    {
        "type": "message",
        "user": "U4CD3EY4R",
        "text": "Alright. How do we feel about a change to the UI?",
        "ts": "1493186976.067650"
    },
    {
        "type": "message",
        "user": "U4CC4KN1E",
        "text": "It's hard to say, I haven't started to try implement that design. We know we'll be able to get core functions, we should probably just let honey know that we're not sure if we'd be able to implement the design to every page in time",
        "ts": "1493188353.247272"
    },
    {
        "type": "message",
        "user": "U4CC4KN1E",
        "text": "I keep worrying about how hard it might be but I'm totally forgetting we have a whole week",
        "ts": "1493188383.251461"
    }
]