[
    {
        "type": "message",
        "user": "U4CC4KN1E",
        "text": "Were we planning on meeting today for any reason? Originally we were but managed to get everything done",
        "ts": "1491877101.956937"
    },
    {
        "type": "message",
        "user": "U4A27FREU",
        "text": "I had entirely forgot havent even booked the room so sorry",
        "ts": "1491877173.964861"
    },
    {
        "type": "message",
        "user": "U4CC4KN1E",
        "text": "Haha no worries, good thing we got it all done lol",
        "ts": "1491877196.967198"
    },
    {
        "type": "message",
        "user": "U4A27FREU",
        "text": "its probably still free not a popular timeslot for some reason",
        "ts": "1491877377.986907"
    },
    {
        "type": "message",
        "user": "U4DPU1SNB",
        "text": "Sorry I couldn't make it!!",
        "ts": "1491888314.052164"
    },
    {
        "type": "message",
        "user": "U4DPU1SNB",
        "text": "So busy today. :confused:",
        "ts": "1491888326.053444"
    },
    {
        "type": "message",
        "user": "U4CC4KN1E",
        "text": "Oh, that no worries, I assumed we weren't meeting",
        "ts": "1491888361.056583"
    }
]