[
    {
        "type": "message",
        "user": "U4A27FREU",
        "text": "<https:\/\/www.lucidchart.com\/invitations\/accept\/4cd1d2bf-a99f-4a9a-a829-cd7f9ff73aa0>\nis this the kind of thing they were referring to? very rough obviously",
        "ts": "1495870878.634568"
    },
    {
        "type": "message",
        "user": "U4CD3EY4R",
        "text": "It might be. Im not super sure, but i have seen diagrams like that mentioned",
        "ts": "1495871685.666717"
    },
    {
        "type": "message",
        "user": "U4DPU1SNB",
        "text": "Made the video. It demonstrates 90% of our app. Some things I couldn't demonstrate cause of bugs and such: <https:\/\/vimeo.com\/219203264>",
        "attachments": [
            {
                "service_name": "Vimeo",
                "service_url": "https:\/\/vimeo.com\/",
                "title": "SEPT Group 2 - Booking App",
                "title_link": "https:\/\/vimeo.com\/219203264",
                "author_name": "Jasmine Ellis",
                "author_link": "https:\/\/vimeo.com\/user59638923",
                "text": "Image credits:\n\n\n\nAudio credit:\n",
                "fallback": "Vimeo Video: SEPT Group 2 - Booking App",
                "video_html": "<iframe src=\"https:\/\/player.vimeo.com\/video\/219203264?autoplay=1\" width=\"400\" height=\"225\" frameborder=\"0\" title=\"SEPT Group 2 - Booking App\" webkitallowfullscreen mozallowfullscreen allowfullscreen><\/iframe>",
                "video_html_width": 400,
                "video_html_height": 225,
                "from_url": "https:\/\/vimeo.com\/219203264",
                "service_icon": "https:\/\/a.slack-edge.com\/bfaba\/img\/unfurl_icons\/vimeo.png",
                "id": 1
            }
        ],
        "ts": "1495890521.507425"
    },
    {
        "type": "message",
        "user": "U4A27FREU",
        "text": "That's awesome, thanks so much for putting it together :+1:",
        "ts": "1495893599.665911"
    },
    {
        "type": "message",
        "user": "U4CD3EY4R",
        "text": "Alright I’ve exported the trello now, so not much will change there beyond moving the docs cards",
        "ts": "1495899007.971824"
    },
    {
        "type": "message",
        "user": "U4A27FREU",
        "text": "Updated the architecture diagram same link works if people can check it and see if it seems accurate then let me know that would be helpful",
        "ts": "1495932631.691413"
    }
]