[
    {
        "type": "message",
        "user": "U4CD3EY4R",
        "text": "So merging this branch is gonna break some things.",
        "ts": "1494057614.173120"
    },
    {
        "type": "message",
        "user": "U4CD3EY4R",
        "text": "Couple of questions. In LoginView, let me know which lines i should remove",
        "ts": "1494057753.181713"
    },
    {
        "type": "message",
        "user": "U4DPU1SNB",
        "text": "What do you mean?",
        "ts": "1494057787.183168"
    },
    {
        "type": "message",
        "subtype": "file_share",
        "text": "<@U4CD3EY4R|roblw> uploaded a file: <https:\/\/septsem12017.slack.com\/files\/roblw\/F59P7GMSR\/loginview_merge_conflicts.txt|LoginView Merge conflicts>",
        "file": {
            "id": "F59P7GMSR",
            "created": 1494057840,
            "timestamp": 1494057840,
            "name": "LoginView_Merge_conflicts.txt",
            "title": "LoginView Merge conflicts",
            "mimetype": "text\/plain",
            "filetype": "text",
            "pretty_type": "Plain Text",
            "user": "U4CD3EY4R",
            "editable": true,
            "size": 1445,
            "mode": "snippet",
            "is_external": false,
            "external_type": "",
            "is_public": true,
            "public_url_shared": false,
            "display_as_bot": false,
            "username": "",
            "url_private": "https:\/\/files.slack.com\/files-pri\/T4AQZCLH2-F59P7GMSR\/loginview_merge_conflicts.txt?t=xoxe-146849428580-189841166806-189859908471-e99662fdd6",
            "url_private_download": "https:\/\/files.slack.com\/files-pri\/T4AQZCLH2-F59P7GMSR\/download\/loginview_merge_conflicts.txt?t=xoxe-146849428580-189841166806-189859908471-e99662fdd6",
            "permalink": "https:\/\/septsem12017.slack.com\/files\/roblw\/F59P7GMSR\/loginview_merge_conflicts.txt",
            "permalink_public": "https:\/\/slack-files.com\/T4AQZCLH2-F59P7GMSR-480ae9dd32",
            "edit_link": "https:\/\/septsem12017.slack.com\/files\/roblw\/F59P7GMSR\/loginview_merge_conflicts.txt\/edit",
            "preview": "  \/\/ Styles\r\n153 <<<<<<< HEAD:Booking Site\/src\/accounts\/operations\/LoginView.java\r\n154                 \t\tloginpageBox.getStyleClass().add(\"loginpageBox\");\r\n155                 vbox.getStyleClass().add(\"vbox\");\r\n156                 returnbtn.setId(\"loginbtn\");\r",
            "preview_highlight": "<div class=\"CodeMirror cm-s-default CodeMirrorServer\" oncopy=\"if(event.clipboardData){event.clipboardData.setData('text\/plain',window.getSelection().toString().replace(\/\\u200b\/g,''));event.preventDefault();event.stopPropagation();}\">\n<div class=\"CodeMirror-code\">\n<div><pre>  \/\/ Styles<\/pre><\/div>\n<div><pre>153 &lt;&lt;&lt;&lt;&lt;&lt;&lt; HEAD:Booking Site\/src\/accounts\/operations\/LoginView.java<\/pre><\/div>\n<div><pre>154                         loginpageBox.getStyleClass().add(&quot;loginpageBox&quot;);<\/pre><\/div>\n<div><pre>155                 vbox.getStyleClass().add(&quot;vbox&quot;);<\/pre><\/div>\n<div><pre>156                 returnbtn.setId(&quot;loginbtn&quot;);<\/pre><\/div>\n<div><pre><\/pre><\/div>\n<\/div>\n<\/div>\n",
            "lines": 29,
            "lines_more": 24,
            "preview_is_truncated": true,
            "channels": [
                "C4BDL1N5U"
            ],
            "groups": [],
            "ims": [],
            "comments_count": 0
        },
        "user": "U4CD3EY4R",
        "upload": true,
        "display_as_bot": false,
        "username": "roblw",
        "bot_id": null,
        "ts": "1494057843.185416"
    },
    {
        "type": "message",
        "user": "U4CD3EY4R",
        "text": "in that file, which lines need to be removed? use the numbers in the 100 range",
        "ts": "1494057870.186513"
    },
    {
        "type": "message",
        "user": "U4DPU1SNB",
        "text": "153 - 169 looks like the old version.",
        "ts": "1494057913.188208"
    },
    {
        "type": "message",
        "user": "U4CD3EY4R",
        "text": "Oky cool",
        "ts": "1494062026.343076"
    },
    {
        "type": "message",
        "user": "U4CD3EY4R",
        "text": "how about these lines?\n```",
        "ts": "1494065917.497628"
    },
    {
        "type": "message",
        "user": "U4CD3EY4R",
        "text": "```\n301 &lt;&lt;&lt;&lt;&lt;&lt;&lt; HEAD:Booking Site\/src\/employee\/AddEmployeeView.java\n302                 Scene scene = new Scene(pane, 850, 450);\n303                 scene.getStylesheets().add(getClass().getResource(\"\/resources\/display\/css\/styles.css\").toExternalForm());\n304 =======\n305                 Scene scene = new Scene(pane);\n306                 scene.getStylesheets().add(getClass().getResource(\"css\/styles.css\").toExternalForm());\n307 &gt;&gt;&gt;&gt;&gt;&gt;&gt; master:Booking Site\/src\/View\/AddEmployeeView.java\n```",
        "ts": "1494065926.497923"
    },
    {
        "type": "message",
        "user": "U4DPU1SNB",
        "text": "Delete the top one.",
        "ts": "1494066140.506106"
    },
    {
        "type": "message",
        "user": "U4CD3EY4R",
        "text": "Cheers",
        "ts": "1494067207.546913"
    },
    {
        "type": "message",
        "user": "U4CD3EY4R",
        "text": "Are you sure? I think that may have been a result of Thom’s conversion to maven",
        "ts": "1494067260.548903"
    },
    {
        "type": "message",
        "user": "U4DPU1SNB",
        "text": "Maybe? I just assumed it was old cause I was setting a width and height on scene.",
        "ts": "1494067307.550556"
    },
    {
        "type": "message",
        "user": "U4DPU1SNB",
        "text": "Probably the delete the bottom one then.",
        "ts": "1494067343.552016"
    },
    {
        "type": "message",
        "user": "U4A27FREU",
        "text": "keep the one in head i moved the css into resources\/display\/css",
        "ts": "1494067832.570677"
    },
    {
        "type": "message",
        "user": "U4CD3EY4R",
        "text": "Right. But what about the Scene lines?",
        "ts": "1494068261.586636"
    },
    {
        "type": "message",
        "user": "U4DPU1SNB",
        "text": "I mean it's basically the same. Just delete the height and width added to the scene.",
        "ts": "1494068381.590942"
    },
    {
        "type": "message",
        "user": "U4CD3EY4R",
        "text": "Oh haha so they are",
        "ts": "1494070762.685130"
    },
    {
        "type": "message",
        "user": "U4CD3EY4R",
        "text": "<https:\/\/github.com\/s3529120\/septsem12017\/pull\/15\/files> just make sure everything here is as it should be",
        "attachments": [
            {
                "service_name": "GitHub",
                "title": "Merge 's3529120-edit' branch into 'Master' by RobLW · Pull Request #15 · s3529120\/septsem12017",
                "title_link": "https:\/\/github.com\/s3529120\/septsem12017\/pull\/15\/files",
                "text": "This merge should successfully refactor the packages, and convert the project to a maven project.",
                "fallback": "GitHub: Merge 's3529120-edit' branch into 'Master' by RobLW · Pull Request #15 · s3529120\/septsem12017",
                "from_url": "https:\/\/github.com\/s3529120\/septsem12017\/pull\/15\/files",
                "thumb_url": "https:\/\/avatars1.githubusercontent.com\/u\/11449623?v=3&s=400",
                "thumb_width": 250,
                "thumb_height": 250,
                "service_icon": "https:\/\/a.slack-edge.com\/bfaba\/img\/unfurl_icons\/github.png",
                "id": 1
            }
        ],
        "ts": "1494071415.709477"
    }
]