[
    {
        "type": "message",
        "user": "U4DPU1SNB",
        "text": "This week are you doing business registration?",
        "ts": "1492759508.077574"
    },
    {
        "type": "message",
        "user": "U4A27FREU",
        "text": "I didnt know we had to do that?",
        "ts": "1492759594.092601"
    },
    {
        "type": "message",
        "user": "U4DPU1SNB",
        "text": "Ok i think you're right",
        "ts": "1492760039.172859"
    },
    {
        "type": "message",
        "user": "U4DPU1SNB",
        "text": "Btw we call it \"edit booking\" but it's technically just making booking isn't it? It's just the business is making it? I know it's just semantics but it's kinda confusing. I'm just going to change it from \"Edit booking\" to \"Owner Make Booking\".",
        "ts": "1492760137.190724"
    },
    {
        "type": "message",
        "user": "U4A27FREU",
        "text": "Yeah thats fine there are so many things at the moment that you could use the same name for but are different actions its very confusing",
        "ts": "1492760187.199472"
    },
    {
        "type": "message",
        "user": "U4DPU1SNB",
        "text": "It'd be pretty much the same action though, just different user types. The assignment spec also says \"You should checkpoint your Repository to indicate that Part A is Version 0.1. The Minimal Viable Product (i.e., on completion of Part B) will be Version 1.0.\" Anyone know how to do that?",
        "ts": "1492760352.228871"
    },
    {
        "type": "message",
        "user": "U4A27FREU",
        "text": "Think rob tagged it with \"PartA\"",
        "ts": "1492760504.256670"
    },
    {
        "type": "message",
        "user": "U4DPU1SNB",
        "text": "<@U4CD3EY4R> Kay so you did that already? Probably should make sure that's done before we push anything new for part b. And btw can you also go on trello and add yourself to any tasks you want to do this week? The tests are open if you want to keep doing that.",
        "ts": "1492760869.325841"
    },
    {
        "type": "message",
        "user": "U4DPU1SNB",
        "text": "Assignment spec also says: \"For Part B, you must include a logging framework and appropriate logging statements throughout your code.\" Not sure what that is?",
        "ts": "1492761758.501627"
    },
    {
        "type": "message",
        "user": "U4A27FREU",
        "text": "Never used it myself guess its to keep track of events and debug code",
        "ts": "1492763219.806971"
    },
    {
        "type": "message",
        "user": "U4CD3EY4R",
        "text": "Hey sorry i wasnt avail this arvom yea i added a tag at the commit where we submitted the code for part A. I have made a couple of unit test changes post that.\nThe logging framework stuff is related to reporting issues and errors to a log file. Im still trying to figure out how one can implement it.",
        "ts": "1492775973.347820"
    },
    {
        "type": "message",
        "user": "U4A27FREU",
        "text": "No worries I left like 2 minutes after you also. I've had a look also I think it's a more refined way you doing the error checking and making sure things work correctly rather than the 200 print statements and database reading that we have been using going to be a heap of work to put in place though ",
        "ts": "1492776181.389191"
    },
    {
        "type": "message",
        "user": "U4A27FREU",
        "text": "Post deployment error tracking as well I think it covers",
        "ts": "1492776335.417590"
    },
    {
        "type": "message",
        "user": "U4CD3EY4R",
        "text": "Hey Declan, btw, did we get an email out to Lawrence?",
        "ts": "1492777019.548148"
    },
    {
        "type": "message",
        "subtype": "file_share",
        "text": "<@U4CD3EY4R|roblw> uploaded a file: <https:\/\/septsem12017.slack.com\/files\/roblw\/F52HGAFEF\/email_to_lawrence.txt|Email to Lawrence>",
        "file": {
            "id": "F52HGAFEF",
            "created": 1492783686,
            "timestamp": 1492783686,
            "name": "Email_to_Lawrence.txt",
            "title": "Email to Lawrence",
            "mimetype": "text\/plain",
            "filetype": "text",
            "pretty_type": "Plain Text",
            "user": "U4CD3EY4R",
            "editable": true,
            "size": 552,
            "mode": "snippet",
            "is_external": false,
            "external_type": "",
            "is_public": true,
            "public_url_shared": false,
            "display_as_bot": false,
            "username": "",
            "url_private": "https:\/\/files.slack.com\/files-pri\/T4AQZCLH2-F52HGAFEF\/email_to_lawrence.txt?t=xoxe-146849428580-189841166806-189859908471-e99662fdd6",
            "url_private_download": "https:\/\/files.slack.com\/files-pri\/T4AQZCLH2-F52HGAFEF\/download\/email_to_lawrence.txt?t=xoxe-146849428580-189841166806-189859908471-e99662fdd6",
            "permalink": "https:\/\/septsem12017.slack.com\/files\/roblw\/F52HGAFEF\/email_to_lawrence.txt",
            "permalink_public": "https:\/\/slack-files.com\/T4AQZCLH2-F52HGAFEF-a4ac45c74a",
            "edit_link": "https:\/\/septsem12017.slack.com\/files\/roblw\/F52HGAFEF\/email_to_lawrence.txt\/edit",
            "preview": "Hi Lawrence,\r\n\r\nFor Software Eng. Proc. & Tools, our group is in Homy's Friday tutorial, and he is already aware of the following, but over the last week one of our group members has had a family member pass away, and I have been suffering from migraines.\r\n\r\nThe reason that I write, is that due to these circumstances, our group believes we will be unable to complete the project in due time. We will of course aim to do so and try our hardest, but is there a possibility of a one week extension such that we can assure we can complete the assignment?",
            "preview_highlight": "<div class=\"CodeMirror cm-s-default CodeMirrorServer\" oncopy=\"if(event.clipboardData){event.clipboardData.setData('text\/plain',window.getSelection().toString().replace(\/\\u200b\/g,''));event.preventDefault();event.stopPropagation();}\">\n<div class=\"CodeMirror-code\">\n<div><pre>Hi Lawrence,<\/pre><\/div>\n<div><pre><\/pre><\/div>\n<div><pre>For Software Eng. Proc. &amp; Tools, our group is in Homy's Friday tutorial, and he is already aware of the following, but over the last week one of our group members has had a family member pass away, and I have been suffering from migraines.<\/pre><\/div>\n<div><pre><\/pre><\/div>\n<div><pre>The reason that I write, is that due to these circumstances, our group believes we will be unable to complete the project in due time. We will of course aim to do so and try our hardest, but is there a possibility of a one week extension such that we can assure we can complete the assignment?<\/pre><\/div>\n<\/div>\n<\/div>\n",
            "lines": 5,
            "lines_more": 0,
            "preview_is_truncated": false,
            "channels": [
                "C4BDL1N5U"
            ],
            "groups": [],
            "ims": [],
            "comments_count": 0
        },
        "user": "U4CD3EY4R",
        "upload": true,
        "display_as_bot": false,
        "username": "roblw",
        "bot_id": null,
        "ts": "1492783686.356374"
    },
    {
        "type": "message",
        "user": "U4CD3EY4R",
        "text": "If we haven’t already, how does this sound?",
        "ts": "1492783693.358360"
    },
    {
        "type": "message",
        "user": "U4A27FREU",
        "text": "Looks good to me",
        "ts": "1492815707.499264"
    },
    {
        "type": "message",
        "user": "U4CC4KN1E",
        "text": "just wrote this quick, eveyone just lemme know if we're good to send it",
        "ts": "1492820896.032952"
    },
    {
        "type": "message",
        "user": "U4CC4KN1E",
        "text": "Hi there Lawrence\n\nI'm writing on behalf of Group 2 of Homys tutorial to request an extension to part B of the assignment. The members of our group are\n\nOur group has run into recent trouble towards the end of Part A and start of Part B. One of our members has had a death in the family and had a fare amount of time taken up by proceedings. Another of our members has had a recent bout with migraines resulting in being completely unable to do work for any of his subjects and very little communication was possible.\n\nHomy is aware of all our situations as well as our current progress through part B and was actually the one who suggested we request a special consideration due to our circumstances.\n\nAfter some discussion with homey we believe that a weeks extension will be an apt amount of time for us to complete the tasks of part B. We will obviously still be working hard on this and turn it in ASAP but we wouldn't be asking if we didn't think we would need it.\n\nThanks,\nDeclan",
        "ts": "1492820902.033500"
    },
    {
        "type": "message",
        "user": "U4CC4KN1E",
        "text": "just need to fill in our names",
        "ts": "1492820912.034237"
    },
    {
        "type": "message",
        "user": "U4CC4KN1E",
        "text": "ooohh jeez i havent caught up on messages",
        "ts": "1492821281.062583"
    },
    {
        "type": "message",
        "user": "U4A27FREU",
        "text": "Anyone else having an issue with the hit repo where it always seems to think that it's massively out of sync with your local even if you've just cloned it and it wants to delete about 15 files and add about the same wasn't game to push anything invade I overwrite important files",
        "ts": "1492821773.096188"
    },
    {
        "type": "message",
        "user": "U4CC4KN1E",
        "text": "sorry i was basicly asleep by 10 last night, did that email wind up getting sent?",
        "ts": "1492821774.096228"
    },
    {
        "type": "message",
        "user": "U4CD3EY4R",
        "text": "I havent aent an email; yours is better.\n",
        "ts": "1492828936.487452"
    },
    {
        "type": "message",
        "user": "U4CD3EY4R",
        "text": "The only trouble i had with the repo was on some branches not being pulled",
        "ts": "1492828960.488632"
    },
    {
        "type": "message",
        "user": "U4A27FREU",
        "text": "Anyone know how i can pass variables from outside the handle function to those called within it?",
        "ts": "1492834323.714449"
    },
    {
        "type": "message",
        "user": "U4A27FREU",
        "text": "figured it out",
        "ts": "1492835451.756393"
    },
    {
        "type": "message",
        "user": "U4CD3EY4R",
        "text": "Declan, just make sure to cc Homy as well as all of us",
        "ts": "1492836379.789651"
    },
    {
        "type": "message",
        "user": "U4CD3EY4R",
        "text": "SO Im trying to figure out how to incorporate Scene Builder into our project, what were some of the issues we ran into when we tried earlier?",
        "ts": "1492836683.800135"
    },
    {
        "type": "message",
        "user": "U4CC4KN1E",
        "text": "i think one of the largest problem we had was that it also required us to build the controller in a specific way",
        "ts": "1492836760.802751"
    },
    {
        "type": "message",
        "user": "U4CC4KN1E",
        "text": "liek you need to, kind of, bind a controller to a scene builder page",
        "ts": "1492836781.803366"
    },
    {
        "type": "message",
        "user": "U4CD3EY4R",
        "text": "Ok, given we can do that, are you able to update said scene builder page in the same way one can update a view presently?",
        "ts": "1492836821.804734"
    },
    {
        "type": "message",
        "user": "U4CC4KN1E",
        "text": "we'd need to take another look at it to be sure",
        "ts": "1492837831.841180"
    },
    {
        "type": "message",
        "user": "U4CC4KN1E",
        "text": "also did you guys recieve the email saying lawrence was out of the office?",
        "ts": "1492838077.849948"
    },
    {
        "type": "message",
        "user": "U4A27FREU",
        "text": "i didnt get it",
        "ts": "1492839231.889809"
    },
    {
        "type": "message",
        "user": "U4A27FREU",
        "text": "havent figured out how to pass it to the event after all eclipse just thought it would work",
        "ts": "1492839256.890560"
    },
    {
        "type": "message",
        "user": "U4A27FREU",
        "text": "after i figure that out basic bookings will be done and most of the other stuff should be fairly straightforward",
        "ts": "1492839466.897423"
    },
    {
        "type": "message",
        "user": "U4CD3EY4R",
        "text": "No I’ve recieved a response.\n\nhere it is in case you cannot view it:\n\nHi Declan and team.\nThe situation you have described definitely warrants special consideration.\n\nOne possibility is an extension; the other is to make a submission on time but with reduced scope--i.e., perhaps reduced functionality and\/or reduced expectations on testing etc. Or some combination: i.e,. short extension and some scope reduction.\n\nSince Homy is your Product Owner, I think the best approach is to negotiate with him on these two factors. \nMy preference is for an on-time submission or a short extension, max of up to 9AM Friday morning, April 5, and a reduction of scope if required, so you can demo on that Friday. \nBut if after discussion with Homy he agrees that it’s better just to take the 1-week extension (e.g. so as not to disrupt development) then that is OK by me.\nWe’ll take into account the issues that team members have had which may have impacted collaboration.\n\nAnd my sincere condolences to the team member with the death in the family.",
        "ts": "1492842057.985714"
    },
    {
        "type": "message",
        "user": "U4A27FREU",
        "text": "We'd best email Homy then and see whether he wants us to go the route we discussed on friday or whether he would rather go with Lawrence's suggestion",
        "ts": "1492842275.993415"
    },
    {
        "type": "message",
        "user": "U4CD3EY4R",
        "text": "Yea seems wise. Seems options are either extension, or reduced scope. Im guessing Homy will opt for the extension option though",
        "ts": "1492842407.998051"
    },
    {
        "type": "message",
        "user": "U4A27FREU",
        "text": "Agreed but discussing the response with him would be a good idea",
        "ts": "1492842474.000502"
    },
    {
        "type": "message",
        "user": "U4CD3EY4R",
        "text": "Yea totally",
        "ts": "1492843038.021128"
    }
]