[
    {
        "type": "message",
        "user": "U4A27FREU",
        "text": "Uploaded logger + a few revisions to new branch for some reason it gives a 1 line error message but then works fine  spent ages trying to fix it but didnt make much headway",
        "ts": "1493535657.036709"
    },
    {
        "type": "message",
        "user": "U4A27FREU",
        "text": "slack export has also been uploaded to trello card",
        "ts": "1493535748.040138"
    },
    {
        "type": "message",
        "user": "U4CD3EY4R",
        "text": "Ill do the exports and repo checkpoint for my bit around 10pm. Not at home atm, hope that that isnt too late",
        "ts": "1493536353.057707"
    },
    {
        "type": "message",
        "user": "U4A27FREU",
        "text": "As long as its before 9 tomorrow doesn't make a difference to me :stuck_out_tongue:",
        "ts": "1493536850.073330"
    },
    {
        "type": "message",
        "user": "U4CD3EY4R",
        "text": "Haha",
        "ts": "1493537094.080567"
    },
    {
        "type": "message",
        "user": "U4A27FREU",
        "text": "Was it only 2 pages we had to do logging  for?",
        "ts": "1493537936.106943"
    },
    {
        "type": "message",
        "user": "U4CC4KN1E",
        "text": "yeah two of our min classes",
        "ts": "1493537955.107500"
    },
    {
        "type": "message",
        "user": "U4CC4KN1E",
        "text": "i took that to mean like 2 that got used the most",
        "ts": "1493537964.107738"
    },
    {
        "type": "message",
        "user": "U4CC4KN1E",
        "text": "*main, not min",
        "ts": "1493537978.108086"
    },
    {
        "type": "message",
        "user": "U4DPU1SNB",
        "text": "Can someone make a new documentation file for part b? I tried but it didn't seem to work. Git's being weird on my desktop compy.",
        "ts": "1493538000.108810"
    },
    {
        "type": "message",
        "user": "U4CC4KN1E",
        "text": "yep, ill push now",
        "ts": "1493538020.109593"
    },
    {
        "type": "message",
        "user": "U4CD3EY4R",
        "text": "Do it via the github?",
        "ts": "1493538031.109954"
    },
    {
        "type": "message",
        "user": "U4CD3EY4R",
        "text": "Nvm",
        "ts": "1493538034.110061"
    },
    {
        "type": "message",
        "user": "U4CC4KN1E",
        "text": "ok my push isnt working, ill just upload it",
        "ts": "1493538175.114587"
    },
    {
        "type": "message",
        "user": "U4DPU1SNB",
        "text": "Lol i always forget you can just upload files directly to github",
        "ts": "1493538290.118022"
    },
    {
        "type": "message",
        "user": "U4DPU1SNB",
        "text": "I think mockups and wireframes should all just be in one file.",
        "ts": "1493538390.121396"
    },
    {
        "type": "message",
        "user": "U4CD3EY4R",
        "text": "Yep no need to separate them",
        "ts": "1493538445.122956"
    },
    {
        "type": "message",
        "user": "U4A27FREU",
        "text": "Anyone gotten the marks email yet btw?",
        "ts": "1493538824.133885"
    },
    {
        "type": "message",
        "user": "U4CC4KN1E",
        "text": "i havent",
        "ts": "1493538842.134577"
    },
    {
        "type": "message",
        "user": "U4CD3EY4R",
        "text": "No just a bunch about the mid sem haha",
        "ts": "1493538941.137508"
    },
    {
        "type": "message",
        "user": "U4DPU1SNB",
        "text": "<@U4CC4KN1E> just create a pdf doc for all the wireframes and another one for all the mockups.",
        "ts": "1493539018.139927"
    },
    {
        "type": "message",
        "user": "U4DPU1SNB",
        "text": "or i can do it actually",
        "ts": "1493539028.140304"
    },
    {
        "type": "message",
        "user": "U4CC4KN1E",
        "text": "i dont mind, i can do it after te user stories",
        "ts": "1493539083.141974"
    },
    {
        "type": "message",
        "user": "U4CC4KN1E",
        "text": "i assume those shouldnt be all in one doc right?",
        "ts": "1493539093.142329"
    },
    {
        "type": "message",
        "user": "U4CD3EY4R",
        "text": "Check how we did it last time",
        "ts": "1493539121.143080"
    },
    {
        "type": "message",
        "user": "U4CC4KN1E",
        "text": "ahh yep",
        "ts": "1493539146.143834"
    },
    {
        "type": "message",
        "user": "U4CD3EY4R",
        "text": "Unsure if its in the spec and i havent got it on my phone",
        "ts": "1493539189.145074"
    },
    {
        "type": "message",
        "user": "U4DPU1SNB",
        "text": "I'm pretty sure it was",
        "ts": "1493539229.146962"
    },
    {
        "type": "message",
        "user": "U4CD3EY4R",
        "text": "We're supposed to put our team contributions in the readme apparently",
        "ts": "1493539343.151508"
    },
    {
        "type": "message",
        "user": "U4CC4KN1E",
        "text": "was it me who put all the user stories together last time? because god damn, google docs is being uncooperative",
        "ts": "1493541731.226737"
    },
    {
        "type": "message",
        "user": "U4DPU1SNB",
        "text": "Save them all as pdf and then Google combine pdf.",
        "ts": "1493541782.228333"
    },
    {
        "type": "message",
        "user": "U4CC4KN1E",
        "text": "oh cool",
        "ts": "1493541804.228983"
    },
    {
        "type": "message",
        "user": "U4DPU1SNB",
        "text": "Do we have validation to check that username has numbers and letters?",
        "ts": "1493542126.239183"
    },
    {
        "type": "message",
        "user": "U4DPU1SNB",
        "text": "Just wondering cause I'm doing the testing suite rn. Our test cases are lacking.",
        "ts": "1493542224.242308"
    },
    {
        "type": "message",
        "user": "U4A27FREU",
        "text": "numbers and letters no spaces i believe",
        "ts": "1493542617.254340"
    },
    {
        "type": "message",
        "user": "U4DPU1SNB",
        "text": "why's there a booking type called \"none\"?",
        "ts": "1493542735.258123"
    },
    {
        "type": "message",
        "user": "U4CC4KN1E",
        "text": "fk me, i was spending so long trying to figure out why the tables were going over two pages, turned out it was just another empty table",
        "ts": "1493542739.258280"
    },
    {
        "type": "message",
        "user": "U4DPU1SNB",
        "text": "yeah i remember it took me forever to do that last time",
        "ts": "1493542771.259238"
    },
    {
        "type": "message",
        "user": "U4DPU1SNB",
        "text": "before we demo we should probably seed a past booking or two. just so we can show homy.",
        "ts": "1493542920.265082"
    },
    {
        "type": "message",
        "user": "U4DPU1SNB",
        "text": "btw were we submitting tonight? or wednesday? i forget",
        "ts": "1493542937.265923"
    },
    {
        "type": "message",
        "user": "U4A27FREU",
        "text": "tonight",
        "ts": "1493542952.266432"
    },
    {
        "type": "message",
        "user": "U4DPU1SNB",
        "text": "but we demo friday?",
        "ts": "1493542965.266877"
    },
    {
        "type": "message",
        "user": "U4A27FREU",
        "text": "yeah",
        "ts": "1493542970.267032"
    },
    {
        "type": "message",
        "user": "U4DPU1SNB",
        "text": "so just getting the docs in order is the important part i guess.",
        "ts": "1493543026.268929"
    },
    {
        "type": "message",
        "user": "U4A27FREU",
        "text": "yeah need to merge the branches and make exports (one with seed commented out one normal) so we can make a submit of the program as well",
        "ts": "1493543164.273604"
    },
    {
        "type": "message",
        "user": "U4CC4KN1E",
        "text": "holy fuck, i cant figure out what google docs is doing",
        "ts": "1493543326.278830"
    },
    {
        "type": "message",
        "user": "U4CC4KN1E",
        "text": "could someone take a look at user story 9, try download it as a pdf, see if you blank pages?",
        "ts": "1493543340.279279"
    },
    {
        "type": "message",
        "user": "U4CC4KN1E",
        "text": "its currently where im trying to put them together for now",
        "ts": "1493543356.279731"
    },
    {
        "type": "message",
        "user": "U4DPU1SNB",
        "text": "don't try to combine them yourself",
        "ts": "1493543490.283907"
    },
    {
        "type": "message",
        "user": "U4DPU1SNB",
        "text": "save them individual as pdf files, then combine the pdf files. much easier",
        "ts": "1493543506.284335"
    },
    {
        "type": "message",
        "user": "U4CC4KN1E",
        "text": "its adding a blank page after every table even if id ownload them indiviualy",
        "ts": "1493543511.284520"
    },
    {
        "type": "message",
        "user": "U4DPU1SNB",
        "text": "yea i know. just delete it. that's what i did last time",
        "ts": "1493543536.285218"
    },
    {
        "type": "message",
        "user": "U4CC4KN1E",
        "text": "oh, how do i delete the pages?",
        "ts": "1493543570.286115"
    },
    {
        "type": "message",
        "user": "U4CC4KN1E",
        "text": "ah, found a way to do it",
        "ts": "1493543640.288116"
    },
    {
        "type": "message",
        "user": "U4CC4KN1E",
        "text": "i think you might have replaced the documents in the folder with shortcuts",
        "ts": "1493543863.295257"
    },
    {
        "type": "message",
        "user": "U4CD3EY4R",
        "text": "Got a marks email from Mohammed. Cant really veiw the comments on my phone",
        "ts": "1493547908.424762"
    },
    {
        "type": "message",
        "user": "U4CC4KN1E",
        "text": "im trying to look at them now and its almost as bad as the mobile one",
        "ts": "1493547938.425795"
    },
    {
        "type": "message",
        "user": "U4DPU1SNB",
        "text": "yeah i can't really see comments on desktop either",
        "ts": "1493547956.426440"
    },
    {
        "type": "message",
        "user": "U4CD3EY4R",
        "text": "Haha i think 81.5% is the overall?",
        "ts": "1493547960.426630"
    },
    {
        "type": "message",
        "user": "U4DPU1SNB",
        "text": "Not bad. Btw <@U4CC4KN1E> i had to delete the wireframes and mockups cause ofthe weird shortcut thing. Can you re-add them as pdf files?",
        "ts": "1493548014.428375"
    },
    {
        "type": "message",
        "user": "U4CC4KN1E",
        "text": "yep, ill put them together now",
        "ts": "1493548030.428898"
    },
    {
        "type": "message",
        "user": "U4CC4KN1E",
        "text": "this marking thing is impossible to read",
        "ts": "1493548057.429690"
    },
    {
        "type": "message",
        "user": "U4CC4KN1E",
        "text": "i tried to make a readable version",
        "ts": "1493548280.437489"
    },
    {
        "type": "message",
        "user": "U4CC4KN1E",
        "text": "<https:\/\/docs.google.com\/a\/rmit.edu.au\/spreadsheets\/d\/1Om6OpaG_gvBhHFoku9mVfNsavgZ_z9SebFNNq1wZZ2M\/edit?usp=sharing>",
        "ts": "1493548281.437514"
    },
    {
        "type": "message",
        "user": "U4CC4KN1E",
        "text": "still pretty terrible, doesn't show the available marks for any section, only what we got",
        "ts": "1493548390.441215"
    },
    {
        "type": "message",
        "user": "U4DPU1SNB",
        "text": "it does at the top",
        "ts": "1493548465.443474"
    },
    {
        "type": "message",
        "user": "U4DPU1SNB",
        "text": "He mentioned lack of comments. Just make sure they're there when we submit",
        "ts": "1493548518.445312"
    },
    {
        "type": "message",
        "user": "U4A27FREU",
        "text": "0 for the running instructions I don't see how I could have spoonfed it any more tbh",
        "ts": "1493548525.445530"
    },
    {
        "type": "message",
        "user": "U4CC4KN1E",
        "text": "lets email homy, ask him what he expects for something like that and show what we did",
        "ts": "1493548584.447483"
    },
    {
        "type": "message",
        "user": "U4CC4KN1E",
        "text": "wont be in time for this assignment, but he might ajust the marks",
        "ts": "1493548596.447769"
    },
    {
        "type": "message",
        "user": "U4A27FREU",
        "text": "Also he wants the packages divided up more which would be for feasable if java allowed subpackages personally didnt think there were enough files to justify it but i stand corrected i guess",
        "ts": "1493548718.451829"
    },
    {
        "type": "message",
        "user": "U4CC4KN1E",
        "text": "probs start moving stuff of the sprint backlog when its done guys",
        "ts": "1493548998.460721"
    },
    {
        "type": "message",
        "user": "U4CD3EY4R",
        "text": "Should I export trello as is, or after we’ve gotten stuff of of the sprint backlog?",
        "ts": "1493549629.480518"
    },
    {
        "type": "message",
        "user": "U4CC4KN1E",
        "text": "maybe should be one of the last things we do",
        "ts": "1493549660.481584"
    },
    {
        "type": "message",
        "user": "U4CC4KN1E",
        "text": "how close are we to submission are we thinking?",
        "ts": "1493549669.481890"
    },
    {
        "type": "message",
        "user": "U4CD3EY4R",
        "text": "yea good idea",
        "ts": "1493549671.481906"
    },
    {
        "type": "message",
        "user": "U4DPU1SNB",
        "text": "I'm almost done w\/ testing suite",
        "edited": {
            "user": "U4DPU1SNB",
            "ts": "1493549808.000000"
        },
        "ts": "1493549783.485759"
    },
    {
        "type": "message",
        "user": "U4DPU1SNB",
        "text": "Still need to add Slack and Class Diagram",
        "ts": "1493549795.486103"
    },
    {
        "type": "message",
        "user": "U4A27FREU",
        "text": "slack is on the trello and i shared the class diagram with everyone incase they made revisions unless someone has made changes its good to go",
        "ts": "1493549909.490053"
    },
    {
        "type": "message",
        "user": "U4CD3EY4R",
        "text": "Has everyone added javadocs to the source code?",
        "ts": "1493550193.501068"
    },
    {
        "type": "message",
        "user": "U4DPU1SNB",
        "text": "I haven't. Which files? I can see which ones in the view need them?",
        "ts": "1493550332.505905"
    },
    {
        "type": "message",
        "user": "U4CD3EY4R",
        "text": "Just add some comments here and there. I think we’ll need to thoroughly go through at some point though.",
        "ts": "1493550386.507784"
    },
    {
        "type": "message",
        "user": "U4CD3EY4R",
        "text": "I just didn’t see a point in doing it before i abstracted those methods, but i wasn’t able to do it yet",
        "ts": "1493550410.508492"
    },
    {
        "type": "message",
        "user": "U4DPU1SNB",
        "text": "I'm adding some comments do view files rn. Will push",
        "ts": "1493550638.516312"
    },
    {
        "type": "message",
        "user": "U4CD3EY4R",
        "text": "Okay, Just pull on master real quick",
        "ts": "1493550659.517064"
    },
    {
        "type": "message",
        "user": "U4CD3EY4R",
        "text": "i just did a merge + push of what i did",
        "ts": "1493550675.517704"
    },
    {
        "type": "message",
        "user": "U4CD3EY4R",
        "text": "<@U4A27FREU> Do you want me to merge logging into master?",
        "ts": "1493550699.518523"
    },
    {
        "type": "message",
        "user": "U4A27FREU",
        "text": "Its actually \"Logging\" i think i acidentally made one by the same name as another but with a capital",
        "ts": "1493550772.520906"
    },
    {
        "type": "message",
        "user": "U4CD3EY4R",
        "text": "Thats fine i can delete the one i made and merge yours",
        "ts": "1493550868.523921"
    },
    {
        "type": "message",
        "user": "U4A27FREU",
        "text": "Awesome thanks",
        "ts": "1493550925.525947"
    },
    {
        "type": "message",
        "user": "U4CD3EY4R",
        "text": "So for the peer assessment, on the spec it says to include it in the readme and add some lines outlining what each person has done?",
        "ts": "1493551873.557756"
    },
    {
        "type": "message",
        "user": "U4A27FREU",
        "text": "So same thing as last time but do it in the readme.md in the repo?",
        "ts": "1493551930.559884"
    },
    {
        "type": "message",
        "user": "U4CD3EY4R",
        "text": "I think so",
        "ts": "1493551938.560130"
    },
    {
        "type": "message",
        "user": "U4CC4KN1E",
        "text": "lets still do it in a g doc first",
        "ts": "1493551958.560697"
    },
    {
        "type": "message",
        "user": "U4CC4KN1E",
        "text": "then just put it in a text file",
        "ts": "1493551968.561029"
    },
    {
        "type": "message",
        "user": "U4A27FREU",
        "text": "Is anyone else able to do the instructions this time? given how badly I failed at it last time",
        "ts": "1493552106.565561"
    },
    {
        "type": "message",
        "user": "U4CC4KN1E",
        "text": "ill gve it a try",
        "ts": "1493552123.566107"
    },
    {
        "type": "message",
        "user": "U4CC4KN1E",
        "text": "where were the old ones",
        "ts": "1493552155.567115"
    },
    {
        "type": "message",
        "user": "U4A27FREU",
        "text": "In program file",
        "ts": "1493552176.567800"
    },
    {
        "type": "message",
        "user": "U4DPU1SNB",
        "text": "Yeah i don't get how you got 0",
        "ts": "1493552209.568804"
    },
    {
        "type": "message",
        "user": "U4DPU1SNB",
        "text": "You'd think with 0 nothing would be there? Maybe homy didn't see the file?",
        "ts": "1493552224.569360"
    },
    {
        "type": "message",
        "user": "U4CD3EY4R",
        "text": "its possible",
        "ts": "1493552242.570033"
    },
    {
        "type": "message",
        "user": "U4CD3EY4R",
        "text": "but with 0 and no comment seems strange",
        "ts": "1493552249.570280"
    },
    {
        "type": "message",
        "user": "U4CD3EY4R",
        "text": "might struggle with unit tests this time :S",
        "ts": "1493552288.571570"
    },
    {
        "type": "message",
        "user": "U4CD3EY4R",
        "text": "haha",
        "ts": "1493552290.571655"
    },
    {
        "type": "message",
        "user": "U4DPU1SNB",
        "text": "`public void updateTypeView()` is called when someone adds or removes a type right?",
        "ts": "1493552429.576375"
    },
    {
        "type": "message",
        "user": "U4A27FREU",
        "text": "I believe so it refreshes the values to match the changes",
        "ts": "1493552656.584349"
    },
    {
        "type": "message",
        "user": "U4CD3EY4R",
        "text": "Did we submit trello as json last time? anyone remember?",
        "ts": "1493552752.588165"
    },
    {
        "type": "message",
        "user": "U4CD3EY4R",
        "text": "It was pdf nvm",
        "ts": "1493553000.596784"
    },
    {
        "type": "message",
        "user": "U4CC4KN1E",
        "text": "when writing the instructions is it safe to assume the layout will be identical to our previouse one?",
        "ts": "1493553189.603549"
    },
    {
        "type": "message",
        "user": "U4A27FREU",
        "text": "The instructions are just install\/run not walk through I think",
        "ts": "1493553329.608344"
    },
    {
        "type": "message",
        "user": "U4CD3EY4R",
        "text": "Yea it should just be deployment instructions for the tutors\/end user",
        "ts": "1493553365.609657"
    },
    {
        "type": "message",
        "user": "U4CC4KN1E",
        "text": "well you covered that clearly last time",
        "ts": "1493553430.611986"
    },
    {
        "type": "message",
        "user": "U4CC4KN1E",
        "text": "so i was thinking of adding instructions on how to perform the functions in the requirments",
        "ts": "1493553444.612512"
    },
    {
        "type": "message",
        "user": "U4CD3EY4R",
        "text": "I’ve added the trello docs to github but they can be overwritten. not sure that there’s much else i can do tonight",
        "ts": "1493553448.612623"
    },
    {
        "type": "message",
        "user": "U4CD3EY4R",
        "text": "What do you mean?",
        "ts": "1493553455.612843"
    },
    {
        "type": "message",
        "user": "U4DPU1SNB",
        "text": "We still need to do peer review",
        "ts": "1493553518.614913"
    },
    {
        "type": "message",
        "user": "U4A27FREU",
        "text": "Do you want to build the executables or do you want me to do that",
        "ts": "1493553549.616139"
    },
    {
        "type": "message",
        "user": "U4CD3EY4R",
        "text": "True.",
        "ts": "1493553562.616638"
    },
    {
        "type": "message",
        "user": "U4CC4KN1E",
        "text": "we'll get on that now",
        "ts": "1493553575.617029"
    },
    {
        "type": "message",
        "user": "U4CC4KN1E",
        "text": "hop on this one",
        "ts": "1493553634.620173"
    },
    {
        "type": "message",
        "user": "U4CC4KN1E",
        "text": "<https:\/\/docs.google.com\/a\/rmit.edu.au\/document\/d\/1bfgs1rRltzqC2-Be9sl6XZSDxt4tuwoQcdQ_zA0zMq8\/edit?usp=sharing>",
        "ts": "1493553634.620197"
    },
    {
        "type": "message",
        "user": "U4CD3EY4R",
        "text": "Is there a file? ANd should we split the marks 25% for all this time?",
        "ts": "1493553640.620475"
    },
    {
        "type": "message",
        "user": "U4CD3EY4R",
        "text": "oh nice",
        "ts": "1493553641.620547"
    },
    {
        "type": "message",
        "user": "U4CC4KN1E",
        "text": "wait until we all explained what we've done. ill be honest, rn im not comfortable with 25",
        "ts": "1493553671.621987"
    },
    {
        "type": "message",
        "user": "U4CD3EY4R",
        "text": "sure",
        "ts": "1493553761.626028"
    },
    {
        "type": "message",
        "user": "U4CD3EY4R",
        "text": "Sorry my wifis being a bir dumb",
        "ts": "1493553853.629589"
    },
    {
        "type": "message",
        "user": "U4CC4KN1E",
        "text": "so for the instructions do you think maybe we should go with something similar and ill email homey?",
        "ts": "1493553941.633147"
    },
    {
        "type": "message",
        "user": "U4CC4KN1E",
        "text": "i cant think of much other than literally explain how to use and navigate the program",
        "ts": "1493553979.634790"
    },
    {
        "type": "message",
        "user": "U4DPU1SNB",
        "text": "Do we need test cases as well as the testing suite?",
        "ts": "1493554312.647681"
    },
    {
        "type": "message",
        "user": "U4DPU1SNB",
        "text": "I kinda assumed testing suite is all we need, so we don't need test cases doc",
        "ts": "1493554326.648205"
    },
    {
        "type": "message",
        "user": "U4CC4KN1E",
        "text": "i thought test cases were what the testing suite kinda comprised of?",
        "ts": "1493554404.651183"
    },
    {
        "type": "message",
        "user": "U4CC4KN1E",
        "text": "as well as acutaly running said tests\\",
        "ts": "1493554416.651559"
    },
    {
        "type": "message",
        "user": "U4DPU1SNB",
        "text": "yeah same. i think we'll be ok in that regard. i made the testing suite more detailed",
        "ts": "1493554541.656314"
    },
    {
        "type": "message",
        "user": "U4DPU1SNB",
        "text": "i'm doing peer assessment now",
        "ts": "1493554645.660394"
    },
    {
        "type": "message",
        "user": "U4DPU1SNB",
        "text": "everyone type out your role and a list of what you did on here and i'll copy it over",
        "ts": "1493554677.661616"
    },
    {
        "type": "message",
        "user": "U4DPU1SNB",
        "text": "guys?",
        "ts": "1493555044.675427"
    },
    {
        "type": "message",
        "user": "U4DPU1SNB",
        "text": "Doesn't have to be super detailed. Can be general",
        "ts": "1493555251.683018"
    },
    {
        "type": "message",
        "user": "U4DPU1SNB",
        "text": "Then we need to decide on percent contribution",
        "ts": "1493555263.683422"
    },
    {
        "type": "message",
        "user": "U4A27FREU",
        "text": "Service functionality \nSpecialisation functionality\nBooking type assignment \nBooking customer assignment \nDashboard implementation \nBase GUI elements for above functions\nLogging implementation \nClass diagram",
        "ts": "1493555335.686143"
    },
    {
        "type": "message",
        "user": "U4CC4KN1E",
        "text": "ah damn, slack not giving me notifications",
        "ts": "1493555464.691339"
    },
    {
        "type": "message",
        "user": "U4CC4KN1E",
        "text": "go to this one, me n rob have done ours",
        "ts": "1493555472.691650"
    },
    {
        "type": "message",
        "user": "U4CC4KN1E",
        "text": "<https:\/\/docs.google.com\/a\/rmit.edu.au\/document\/d\/1bfgs1rRltzqC2-Be9sl6XZSDxt4tuwoQcdQ_zA0zMq8\/edit?usp=sharing>",
        "ts": "1493555477.691910"
    },
    {
        "type": "message",
        "user": "U4DPU1SNB",
        "text": "kay now the percentages part. maybe same as last time?",
        "ts": "1493555628.698081"
    },
    {
        "type": "message",
        "user": "U4DPU1SNB",
        "text": "i probably did less than everyone tho",
        "ts": "1493555642.698676"
    },
    {
        "type": "message",
        "user": "U4DPU1SNB",
        "text": "i think tom and rob did the most",
        "ts": "1493555775.703809"
    },
    {
        "type": "message",
        "user": "U4DPU1SNB",
        "text": "<@U4CC4KN1E> maybe we did about the same?",
        "ts": "1493555803.704828"
    },
    {
        "type": "message",
        "user": "U4DPU1SNB",
        "text": "so tom - 34, rob - 24, declan - 21, jasmine - 21",
        "ts": "1493555835.706226"
    },
    {
        "type": "message",
        "user": "U4DPU1SNB",
        "text": "ok?",
        "ts": "1493555864.707294"
    },
    {
        "type": "message",
        "user": "U4CC4KN1E",
        "text": "if you think so then im ok with that",
        "ts": "1493556038.713745"
    },
    {
        "type": "message",
        "user": "U4CC4KN1E",
        "text": "also does anyone know why slack might have turn of notifications",
        "ts": "1493556064.714760"
    },
    {
        "type": "message",
        "user": "U4DPU1SNB",
        "text": "you probably set them to turn off after 10PM",
        "ts": "1493556078.715350"
    },
    {
        "type": "message",
        "user": "U4DPU1SNB",
        "text": "guys after peer assessment how close are we do done? and who wants to submit?",
        "ts": "1493556170.718716"
    },
    {
        "type": "message",
        "user": "U4DPU1SNB",
        "text": "also there's an error for me in Validator.java",
        "ts": "1493556311.724194"
    },
    {
        "type": "message",
        "user": "U4A27FREU",
        "text": "What's missing at this point? What error is it throwig?",
        "ts": "1493556350.725762"
    },
    {
        "type": "message",
        "user": "U4DPU1SNB",
        "text": "econt isn't there. i'll put it in.",
        "ts": "1493556443.729349"
    },
    {
        "type": "message",
        "user": "U4DPU1SNB",
        "text": "There's still errors cause a lot of variables missing. Not sure what happened there. <@U4CD3EY4R> ?",
        "ts": "1493556691.738524"
    },
    {
        "type": "message",
        "user": "U4DPU1SNB",
        "text": "Is this just on my end?",
        "ts": "1493556800.742610"
    },
    {
        "type": "message",
        "user": "U4DPU1SNB",
        "text": "I think someone should text rob. Doesn't anyone have rob's number? lol",
        "ts": "1493556971.749167"
    },
    {
        "type": "message",
        "user": "U4CD3EY4R",
        "text": "What? weird. let me see",
        "ts": "1493556981.749530"
    },
    {
        "type": "message",
        "user": "U4CD3EY4R",
        "text": "sorry slack notifications turned off. must be the default? anyway",
        "ts": "1493556991.749939"
    },
    {
        "type": "message",
        "user": "U4CC4KN1E",
        "text": "im having the same thing",
        "ts": "1493557001.750252"
    },
    {
        "type": "message",
        "user": "U4CC4KN1E",
        "text": "still tryna fix it",
        "ts": "1493557009.750610"
    },
    {
        "type": "message",
        "user": "U4DPU1SNB",
        "text": "yea turns off at 10",
        "ts": "1493557012.750731"
    },
    {
        "type": "message",
        "user": "U4CD3EY4R",
        "text": "Which class? UserRegistration?",
        "ts": "1493557012.750736"
    },
    {
        "type": "message",
        "user": "U4CD3EY4R",
        "text": "Controller",
        "ts": "1493557015.750837"
    },
    {
        "type": "message",
        "user": "U4DPU1SNB",
        "text": "oh right. validator.java",
        "ts": "1493557027.751379"
    },
    {
        "type": "message",
        "user": "U4CD3EY4R",
        "text": "oh uhh, validator isnt actually used at this point",
        "ts": "1493557030.751505"
    },
    {
        "type": "message",
        "user": "U4DPU1SNB",
        "text": "can i delete?",
        "ts": "1493557041.752016"
    },
    {
        "type": "message",
        "user": "U4CD3EY4R",
        "text": "Yea, iv’e got it on my own branch so shouldnt be an issue",
        "ts": "1493557063.752887"
    },
    {
        "type": "message",
        "user": "U4CC4KN1E",
        "text": "im going to make an email to send to the marker and homy about the instructions mark, i dont know what we could be missing really",
        "ts": "1493557136.755900"
    },
    {
        "type": "message",
        "user": "U4CC4KN1E",
        "text": "where are the intructions in the specifications, i couldnt see them",
        "ts": "1493557151.756556"
    },
    {
        "type": "message",
        "user": "U4CD3EY4R",
        "text": "Sure, just ask for some clarification maybe. Not sure on that, ill skim through",
        "ts": "1493557162.756996"
    },
    {
        "type": "message",
        "user": "U4DPU1SNB",
        "text": "So is there anything we still need to add to github?",
        "ts": "1493557210.759733"
    },
    {
        "type": "message",
        "user": "U4CD3EY4R",
        "text": "Basic user documentation should be provided, including screenshots, making clear how to \ninstall and run your program.",
        "ts": "1493557274.762987"
    },
    {
        "type": "message",
        "user": "U4CD3EY4R",
        "text": "is in part a spec",
        "ts": "1493557280.763239"
    },
    {
        "type": "message",
        "user": "U4CD3EY4R",
        "text": "I guess they wanted screen shots on how to install, but its literally 1-2 lines from console",
        "ts": "1493557299.763998"
    },
    {
        "type": "message",
        "user": "U4CC4KN1E",
        "text": "ah k, ill do one in a googledoc with some pictures and guide through the actual application",
        "ts": "1493557351.766327"
    },
    {
        "type": "message",
        "user": "U4DPU1SNB",
        "text": "anything i can do?",
        "ts": "1493557910.791323"
    },
    {
        "type": "message",
        "user": "U4CD3EY4R",
        "text": "Umm i think document what we did on the doc Declan made? but other than that not sure that there’s heaps to do atm",
        "ts": "1493557942.792577"
    },
    {
        "type": "message",
        "user": "U4CD3EY4R",
        "text": "<https:\/\/docs.google.com\/document\/d\/1bfgs1rRltzqC2-Be9sl6XZSDxt4tuwoQcdQ_zA0zMq8\/edit> here it is, again",
        "ts": "1493557965.793465"
    },
    {
        "type": "message",
        "user": "U4DPU1SNB",
        "text": "You mean peer assessment? It's in readme.",
        "ts": "1493557969.793601"
    },
    {
        "type": "message",
        "user": "U4CD3EY4R",
        "text": "oh right. haha",
        "ts": "1493558002.795071"
    },
    {
        "type": "message",
        "user": "U4CD3EY4R",
        "text": "i think declan wanted to do it in a google doc first?",
        "ts": "1493558011.795446"
    },
    {
        "type": "message",
        "user": "U4CC4KN1E",
        "text": "oh, doesnt matter if you've got it all written down now",
        "ts": "1493558028.796188"
    },
    {
        "type": "message",
        "user": "U4CC4KN1E",
        "text": "just though it might be easier for us to do it on the same document and then one person just cpoy it",
        "ts": "1493558043.796858"
    },
    {
        "type": "message",
        "user": "U4CD3EY4R",
        "text": "oh wait you already did it haha",
        "ts": "1493558055.797335"
    },
    {
        "type": "message",
        "user": "U4DPU1SNB",
        "text": "ya. btw we still need to export slack",
        "ts": "1493558098.799062"
    },
    {
        "type": "message",
        "user": "U4CC4KN1E",
        "text": "weird, i cant checkout the repo, i think because of the trello pdf",
        "ts": "1493558356.810215"
    },
    {
        "type": "message",
        "user": "U4CC4KN1E",
        "text": "getting this",
        "ts": "1493558357.810279"
    },
    {
        "type": "message",
        "user": "U4CC4KN1E",
        "text": "Cloning into 'C:\\Users\\Declan\\Documents\\septsem12017'...\nwarning: templates not found C:\\Users\\Declan\\AppData\\Local\\Atlassian\\SourceTree\\git_local\\share\\git-core\\templates\nerror: unable to create file Part B Docs\/Group 2 Booking Site | Trello.pdf: Invalid argument\nfatal: unable to checkout working tree\nwarning: Clone succeeded, but checkout failed.\nYou can inspect what was checked out with 'git status'\nand retry the checkout with 'git checkout -f HEAD'",
        "ts": "1493558363.810506"
    },
    {
        "type": "message",
        "user": "U4A27FREU",
        "text": "The slack is on the Trello card I did it earlier today",
        "ts": "1493558426.813347"
    },
    {
        "type": "message",
        "user": "U4CD3EY4R",
        "text": "Um, it shouldn’t be doing that. Try opening a git terminal in the directory and running ```git pull```",
        "ts": "1493558514.817074"
    },
    {
        "type": "message",
        "user": "U4CD3EY4R",
        "text": "i think its an issue with the file name and source tree, but it shouldn’t have an issue on command line",
        "ts": "1493558539.818015"
    },
    {
        "type": "message",
        "user": "U4CC4KN1E",
        "text": "not a problem for now, just downloaded it",
        "ts": "1493558744.826834"
    },
    {
        "type": "message",
        "user": "U4CC4KN1E",
        "text": "if anyones looking for something to do, could help me make instructions for the functions",
        "ts": "1493558761.827558"
    },
    {
        "type": "message",
        "user": "U4CC4KN1E",
        "text": "its on this document here",
        "ts": "1493558768.827910"
    },
    {
        "type": "message",
        "user": "U4CC4KN1E",
        "text": "<https:\/\/docs.google.com\/a\/rmit.edu.au\/document\/d\/17eFSugFb5nB3G_IVCNErSE3v7oU5vHO1JouOPE7un94\/edit?usp=sharing>",
        "ts": "1493558778.828364"
    },
    {
        "type": "message",
        "user": "U4CC4KN1E",
        "text": "we happy with the instructions?",
        "ts": "1493560893.921426"
    },
    {
        "type": "message",
        "user": "U4CC4KN1E",
        "text": "have we made some jar's o the program yet?",
        "ts": "1493561083.930317"
    },
    {
        "type": "message",
        "user": "U4CC4KN1E",
        "text": "*of",
        "ts": "1493561086.930531"
    },
    {
        "type": "message",
        "user": "U4CD3EY4R",
        "text": "The instructions look pretty complete",
        "edited": {
            "user": "U4CD3EY4R",
            "ts": "1493561116.000000"
        },
        "ts": "1493561104.931420"
    },
    {
        "type": "message",
        "user": "U4DPU1SNB",
        "text": "<@U4A27FREU> is program.zip up to date?",
        "ts": "1493561447.947065"
    },
    {
        "type": "message",
        "user": "U4A27FREU",
        "text": "I haven't touched it didn't know whether everyone was finished with the program. Whoever has a completed version just has to export as a file system then export as a Javac twice once with seed commented out once normally",
        "ts": "1493561694.957768"
    },
    {
        "type": "message",
        "user": "U4CC4KN1E",
        "text": "im gonna add the instruction manual to the docs now",
        "ts": "1493561733.959667"
    },
    {
        "type": "message",
        "user": "U4CC4KN1E",
        "text": "Im not to confident on that, is someone currently doing this?",
        "ts": "1493562145.979388"
    },
    {
        "type": "message",
        "user": "U4DPU1SNB",
        "text": "i'll try",
        "ts": "1493562164.980174"
    },
    {
        "type": "message",
        "user": "U4CD3EY4R",
        "text": "im building the executables now, can someone verify them once I push to github?",
        "ts": "1493562415.991625"
    },
    {
        "type": "message",
        "user": "U4CD3EY4R",
        "text": "sorry my internet keeps dropping out for some reason",
        "ts": "1493562425.992033"
    },
    {
        "type": "message",
        "user": "U4CD3EY4R",
        "text": "Have you done it yet Jasmine?",
        "ts": "1493562432.992365"
    },
    {
        "type": "message",
        "user": "U4DPU1SNB",
        "text": "Nah mine aren't working",
        "ts": "1493562485.994801"
    },
    {
        "type": "message",
        "user": "U4CD3EY4R",
        "text": "Yea haha mine can’t find the main class",
        "ts": "1493562537.997084"
    },
    {
        "type": "message",
        "user": "U4DPU1SNB",
        "text": "same lol",
        "ts": "1493562546.997472"
    },
    {
        "type": "message",
        "user": "U4DPU1SNB",
        "text": "i think i accidentally added the application package",
        "ts": "1493562694.004790"
    },
    {
        "type": "message",
        "user": "U4DPU1SNB",
        "text": "yeah can't seem to get it to work. i click it and nothing happens",
        "ts": "1493563046.021460"
    },
    {
        "type": "message",
        "user": "U4CD3EY4R",
        "text": "Mine is launching, but no app is appearing or anthing haha",
        "ts": "1493563066.022400"
    },
    {
        "type": "message",
        "user": "U4DPU1SNB",
        "text": "it might be using the other  main class. i removed it. try pulling",
        "ts": "1493563132.025336"
    },
    {
        "type": "message",
        "user": "U4CD3EY4R",
        "text": "nah i set it using BookingSite.java",
        "ts": "1493563235.030005"
    },
    {
        "type": "message",
        "user": "U4CD3EY4R",
        "text": "as the main class",
        "ts": "1493563238.030126"
    },
    {
        "type": "message",
        "subtype": "file_share",
        "text": "<@U4DPU1SNB|jasmine> uploaded a file: <https:\/\/septsem12017.slack.com\/files\/jasmine\/F563JDERF\/exception.txt|Exception>",
        "file": {
            "id": "F563JDERF",
            "created": 1493563706,
            "timestamp": 1493563706,
            "name": "Exception.txt",
            "title": "Exception",
            "mimetype": "text\/plain",
            "filetype": "text",
            "pretty_type": "Plain Text",
            "user": "U4DPU1SNB",
            "editable": true,
            "size": 1777,
            "mode": "snippet",
            "is_external": false,
            "external_type": "",
            "is_public": true,
            "public_url_shared": false,
            "display_as_bot": false,
            "username": "",
            "url_private": "https:\/\/files.slack.com\/files-pri\/T4AQZCLH2-F563JDERF\/exception.txt?t=xoxe-146849428580-189841166806-189859908471-e99662fdd6",
            "url_private_download": "https:\/\/files.slack.com\/files-pri\/T4AQZCLH2-F563JDERF\/download\/exception.txt?t=xoxe-146849428580-189841166806-189859908471-e99662fdd6",
            "permalink": "https:\/\/septsem12017.slack.com\/files\/jasmine\/F563JDERF\/exception.txt",
            "permalink_public": "https:\/\/slack-files.com\/T4AQZCLH2-F563JDERF-164ef982c6",
            "edit_link": "https:\/\/septsem12017.slack.com\/files\/jasmine\/F563JDERF\/exception.txt\/edit",
            "preview": "Exception in Application start method\r\nException in thread \"main\" java.lang.reflect.InvocationTargetException\r\n        at sun.reflect.NativeMethodAccessorImpl.invoke0(Native Method)\r\n        at sun.reflect.NativeMethodAccessorImpl.invoke(Unknown Source)\r\n        at sun.reflect.DelegatingMethodAccessorImpl.invoke(Unknown Source)\r",
            "preview_highlight": "<div class=\"CodeMirror cm-s-default CodeMirrorServer\" oncopy=\"if(event.clipboardData){event.clipboardData.setData('text\/plain',window.getSelection().toString().replace(\/\\u200b\/g,''));event.preventDefault();event.stopPropagation();}\">\n<div class=\"CodeMirror-code\">\n<div><pre>Exception in Application start method<\/pre><\/div>\n<div><pre>Exception in thread &quot;main&quot; java.lang.reflect.InvocationTargetException<\/pre><\/div>\n<div><pre>        at sun.reflect.NativeMethodAccessorImpl.invoke0(Native Method)<\/pre><\/div>\n<div><pre>        at sun.reflect.NativeMethodAccessorImpl.invoke(Unknown Source)<\/pre><\/div>\n<div><pre>        at sun.reflect.DelegatingMethodAccessorImpl.invoke(Unknown Source)<\/pre><\/div>\n<div><pre><\/pre><\/div>\n<\/div>\n<\/div>\n",
            "lines": 24,
            "lines_more": 19,
            "preview_is_truncated": true,
            "channels": [
                "C4BDL1N5U"
            ],
            "groups": [],
            "ims": [],
            "comments_count": 0
        },
        "user": "U4DPU1SNB",
        "upload": true,
        "display_as_bot": false,
        "username": "jasmine",
        "bot_id": null,
        "ts": "1493563709.051559"
    },
    {
        "type": "message",
        "user": "U4DPU1SNB",
        "text": "get this exception when i try to run jar file. :frowning:",
        "ts": "1493563805.056233"
    },
    {
        "type": "message",
        "user": "U4CD3EY4R",
        "text": "yea i get something similary",
        "ts": "1493563816.056807"
    },
    {
        "type": "message",
        "subtype": "file_share",
        "text": "<@U4CD3EY4R|roblw> uploaded a file: <https:\/\/septsem12017.slack.com\/files\/roblw\/F56MNNL76\/exception_from_console.txt|Exception from console>",
        "file": {
            "id": "F56MNNL76",
            "created": 1493563863,
            "timestamp": 1493563863,
            "name": "Exception_from_console.txt",
            "title": "Exception from console",
            "mimetype": "text\/plain",
            "filetype": "text",
            "pretty_type": "Plain Text",
            "user": "U4CD3EY4R",
            "editable": true,
            "size": 2805,
            "mode": "snippet",
            "is_external": false,
            "external_type": "",
            "is_public": true,
            "public_url_shared": false,
            "display_as_bot": false,
            "username": "",
            "url_private": "https:\/\/files.slack.com\/files-pri\/T4AQZCLH2-F56MNNL76\/exception_from_console.txt?t=xoxe-146849428580-189841166806-189859908471-e99662fdd6",
            "url_private_download": "https:\/\/files.slack.com\/files-pri\/T4AQZCLH2-F56MNNL76\/download\/exception_from_console.txt?t=xoxe-146849428580-189841166806-189859908471-e99662fdd6",
            "permalink": "https:\/\/septsem12017.slack.com\/files\/roblw\/F56MNNL76\/exception_from_console.txt",
            "permalink_public": "https:\/\/slack-files.com\/T4AQZCLH2-F56MNNL76-1eec3bd696",
            "edit_link": "https:\/\/septsem12017.slack.com\/files\/roblw\/F56MNNL76\/exception_from_console.txt\/edit",
            "preview": "[rob]-|12:50:02|: Runnables $ java -jar BookingSiteClear.jar >> errorMessage.txt\r\njava.lang.NullPointerException\r\n\tat Controller.DatabaseController.prepareStatement(DatabaseController.java:58)\r\n\tat Seed.initialize(Seed.java:21)\r\n\tat BookingSite.start(BookingSite.java:28)\r",
            "preview_highlight": "<div class=\"CodeMirror cm-s-default CodeMirrorServer\" oncopy=\"if(event.clipboardData){event.clipboardData.setData('text\/plain',window.getSelection().toString().replace(\/\\u200b\/g,''));event.preventDefault();event.stopPropagation();}\">\n<div class=\"CodeMirror-code\">\n<div><pre>[rob]-|12:50:02|: Runnables $ java -jar BookingSiteClear.jar &gt;&gt; errorMessage.txt<\/pre><\/div>\n<div><pre>java.lang.NullPointerException<\/pre><\/div>\n<div><pre>    at Controller.DatabaseController.prepareStatement(DatabaseController.java:58)<\/pre><\/div>\n<div><pre>    at Seed.initialize(Seed.java:21)<\/pre><\/div>\n<div><pre>    at BookingSite.start(BookingSite.java:28)<\/pre><\/div>\n<div><pre><\/pre><\/div>\n<\/div>\n<\/div>\n",
            "lines": 39,
            "lines_more": 34,
            "preview_is_truncated": true,
            "channels": [
                "C4BDL1N5U"
            ],
            "groups": [],
            "ims": [],
            "comments_count": 0
        },
        "user": "U4CD3EY4R",
        "upload": true,
        "display_as_bot": false,
        "username": "roblw",
        "bot_id": null,
        "ts": "1493563866.059210"
    },
    {
        "type": "message",
        "user": "U4DPU1SNB",
        "text": "<@U4A27FREU> any ideas?",
        "ts": "1493563991.065037"
    },
    {
        "type": "message",
        "user": "U4DPU1SNB",
        "text": "<@U4CC4KN1E> have you tried?",
        "ts": "1493564057.068107"
    },
    {
        "type": "message",
        "user": "U4CC4KN1E",
        "text": "ive been fixing my git, but i can give it a try, just download the files",
        "ts": "1493564169.073206"
    },
    {
        "type": "message",
        "subtype": "file_share",
        "text": "<@U4CC4KN1E|declan> uploaded a file: <https:\/\/septsem12017.slack.com\/files\/declan\/F57EL994N\/-.txt|Untitled>",
        "file": {
            "id": "F57EL994N",
            "created": 1493564540,
            "timestamp": 1493564540,
            "name": "-.txt",
            "title": "Untitled",
            "mimetype": "text\/plain",
            "filetype": "text",
            "pretty_type": "Plain Text",
            "user": "U4CC4KN1E",
            "editable": true,
            "size": 2243,
            "mode": "snippet",
            "is_external": false,
            "external_type": "",
            "is_public": true,
            "public_url_shared": false,
            "display_as_bot": false,
            "username": "",
            "url_private": "https:\/\/files.slack.com\/files-pri\/T4AQZCLH2-F57EL994N\/-.txt?t=xoxe-146849428580-189841166806-189859908471-e99662fdd6",
            "url_private_download": "https:\/\/files.slack.com\/files-pri\/T4AQZCLH2-F57EL994N\/download\/-.txt?t=xoxe-146849428580-189841166806-189859908471-e99662fdd6",
            "permalink": "https:\/\/septsem12017.slack.com\/files\/declan\/F57EL994N\/-.txt",
            "permalink_public": "https:\/\/slack-files.com\/T4AQZCLH2-F57EL994N-a578ae754b",
            "edit_link": "https:\/\/septsem12017.slack.com\/files\/declan\/F57EL994N\/-.txt\/edit",
            "preview": "Exception in Application start method\r\njava.lang.reflect.InvocationTargetException\r\n        at sun.reflect.NativeMethodAccessorImpl.invoke0(Native Method)\r\n        at sun.reflect.NativeMethodAccessorImpl.invoke(Unknown Source)\r\n        at sun.reflect.DelegatingMethodAccessorImpl.invoke(Unknown Source)\r",
            "preview_highlight": "<div class=\"CodeMirror cm-s-default CodeMirrorServer\" oncopy=\"if(event.clipboardData){event.clipboardData.setData('text\/plain',window.getSelection().toString().replace(\/\\u200b\/g,''));event.preventDefault();event.stopPropagation();}\">\n<div class=\"CodeMirror-code\">\n<div><pre>Exception in Application start method<\/pre><\/div>\n<div><pre>java.lang.reflect.InvocationTargetException<\/pre><\/div>\n<div><pre>        at sun.reflect.NativeMethodAccessorImpl.invoke0(Native Method)<\/pre><\/div>\n<div><pre>        at sun.reflect.NativeMethodAccessorImpl.invoke(Unknown Source)<\/pre><\/div>\n<div><pre>        at sun.reflect.DelegatingMethodAccessorImpl.invoke(Unknown Source)<\/pre><\/div>\n<div><pre><\/pre><\/div>\n<\/div>\n<\/div>\n",
            "lines": 31,
            "lines_more": 26,
            "preview_is_truncated": true,
            "channels": [
                "C4BDL1N5U"
            ],
            "groups": [],
            "ims": [],
            "comments_count": 0
        },
        "user": "U4CC4KN1E",
        "upload": true,
        "display_as_bot": false,
        "username": "declan",
        "bot_id": null,
        "ts": "1493564544.092197"
    },
    {
        "type": "message",
        "user": "U4CC4KN1E",
        "text": "got something similar",
        "ts": "1493564549.092421"
    },
    {
        "type": "message",
        "user": "U4CC4KN1E",
        "text": "able to create it but when i run it, nothing opens",
        "ts": "1493564565.093308"
    },
    {
        "type": "message",
        "user": "U4CD3EY4R",
        "text": "Must be the way we’re trying to export it, it works fine in Eclipse",
        "ts": "1493564601.095351"
    },
    {
        "type": "message",
        "user": "U4CD3EY4R",
        "text": "So what do we do? I’m guessing Thom’s gone to sleep.",
        "ts": "1493565286.129934"
    },
    {
        "type": "message",
        "user": "U4DPU1SNB",
        "text": "got it to work",
        "ts": "1493565317.131686"
    },
    {
        "type": "message",
        "user": "U4CD3EY4R",
        "text": "Nice!",
        "ts": "1493565324.132044"
    },
    {
        "type": "message",
        "user": "U4DPU1SNB",
        "text": "it was for a really dumb reason",
        "ts": "1493565348.133336"
    },
    {
        "type": "message",
        "user": "U4CD3EY4R",
        "text": "Haha what was the solution?",
        "ts": "1493565374.134711"
    },
    {
        "type": "message",
        "user": "U4DPU1SNB",
        "text": "In MainMenuView, `scene.getStylesheets().add(getClass().getResource(\"\/View\/css\/styles.css\").toExternalForm());` needed to be changed",
        "ts": "1493565391.135565"
    },
    {
        "type": "message",
        "user": "U4DPU1SNB",
        "text": "from \/view to \/View",
        "ts": "1493565402.136100"
    },
    {
        "type": "message",
        "user": "U4CD3EY4R",
        "text": "How did that even change?",
        "ts": "1493565467.139564"
    },
    {
        "type": "message",
        "user": "U4CC4KN1E",
        "text": "damn",
        "ts": "1493565507.141472"
    },
    {
        "type": "message",
        "user": "U4DPU1SNB",
        "text": "Well it was like that originally, but it worked fine in eclipse. Just not in the jar for some reason.",
        "ts": "1493565535.142795"
    },
    {
        "type": "message",
        "user": "U4CC4KN1E",
        "text": "im surprised that it didnt cause that problem when launching it in eclipse",
        "ts": "1493565535.142798"
    },
    {
        "type": "message",
        "user": "U4CD3EY4R",
        "text": "Ah right",
        "ts": "1493565544.143253"
    },
    {
        "type": "message",
        "user": "U4DPU1SNB",
        "text": "so this is weird. i commented out the seed file, but the data still seems to be in the db",
        "ts": "1493565995.165797"
    },
    {
        "type": "message",
        "user": "U4CC4KN1E",
        "text": "trying it now",
        "ts": "1493566097.171203"
    },
    {
        "type": "message",
        "user": "U4CD3EY4R",
        "text": "Yea so when the seed file starts, it drops tables if they exist. at the end of the last run, where seed was run, the tables were dropped, then populated. if you never rerurn seed.java, the tables arent dropped before the program is run, hence the data is retained",
        "ts": "1493566147.173518"
    },
    {
        "type": "message",
        "user": "U4CD3EY4R",
        "text": "So how is the actual submission going?",
        "ts": "1493566227.177772"
    },
    {
        "type": "message",
        "user": "U4DPU1SNB",
        "text": "I think this is the last thing",
        "ts": "1493566257.179390"
    },
    {
        "type": "message",
        "user": "U4DPU1SNB",
        "text": "how do i rerun seed?",
        "ts": "1493566262.179660"
    },
    {
        "type": "message",
        "user": "U4CC4KN1E",
        "text": "i just tried it, seemed to work",
        "ts": "1493566302.181770"
    },
    {
        "type": "message",
        "user": "U4CC4KN1E",
        "text": "created one where it doesnt clear the db",
        "ts": "1493566313.182465"
    },
    {
        "type": "message",
        "user": "U4DPU1SNB",
        "text": "you created a clear version?",
        "ts": "1493566407.187164"
    },
    {
        "type": "message",
        "user": "U4CC4KN1E",
        "text": "one where it clears, one where it keep",
        "ts": "1493566424.188021"
    },
    {
        "type": "message",
        "user": "U4CC4KN1E",
        "text": "s",
        "ts": "1493566425.188072"
    },
    {
        "type": "message",
        "user": "U4DPU1SNB",
        "text": "oh cool",
        "ts": "1493566464.190066"
    },
    {
        "type": "message",
        "user": "U4DPU1SNB",
        "text": "you want to submit then?",
        "ts": "1493566470.190351"
    },
    {
        "type": "message",
        "user": "U4CC4KN1E",
        "text": "sure",
        "ts": "1493566481.190864"
    },
    {
        "type": "message",
        "user": "U4CD3EY4R",
        "text": "Cool. :d",
        "ts": "1493566604.196992"
    },
    {
        "type": "message",
        "user": "U4CD3EY4R",
        "text": ":D",
        "ts": "1493566610.197283"
    },
    {
        "type": "message",
        "user": "U4CC4KN1E",
        "text": "so ill just have all the docs in the root",
        "ts": "1493566614.197479"
    },
    {
        "type": "message",
        "user": "U4CC4KN1E",
        "text": "then a folder called booking application",
        "ts": "1493566629.198243"
    },
    {
        "type": "message",
        "user": "U4CC4KN1E",
        "text": "with the source and executables",
        "ts": "1493566636.198610"
    },
    {
        "type": "message",
        "user": "U4CC4KN1E",
        "text": "just updating the instructions now with the folder names",
        "ts": "1493566728.203368"
    },
    {
        "type": "message",
        "user": "U4DPU1SNB",
        "text": "bookingsiteclear for part a has data in db as well?",
        "ts": "1493566830.208264"
    },
    {
        "type": "message",
        "user": "U4DPU1SNB",
        "text": "ah well not important",
        "ts": "1493566887.211076"
    },
    {
        "type": "message",
        "user": "U4CC4KN1E",
        "text": "hold on",
        "ts": "1493566998.216495"
    },
    {
        "type": "message",
        "user": "U4CC4KN1E",
        "text": "i dont have a readme",
        "ts": "1493567005.216839"
    },
    {
        "type": "message",
        "user": "U4CC4KN1E",
        "text": "with like the peer review",
        "ts": "1493567011.217071"
    },
    {
        "type": "message",
        "user": "U4DPU1SNB",
        "text": "it's on github",
        "ts": "1493567024.217723"
    },
    {
        "type": "message",
        "user": "U4CC4KN1E",
        "text": "oh",
        "ts": "1493567045.218736"
    },
    {
        "type": "message",
        "user": "U4CC4KN1E",
        "text": "i know what happened",
        "ts": "1493567049.218936"
    },
    {
        "type": "message",
        "user": "U4CC4KN1E",
        "text": "was in a different space from the docs",
        "ts": "1493567058.219358"
    },
    {
        "type": "message",
        "user": "U4CC4KN1E",
        "text": "its currently a .md file",
        "ts": "1493567141.223552"
    },
    {
        "type": "message",
        "user": "U4CC4KN1E",
        "text": "does that matter?",
        "ts": "1493567145.223728"
    },
    {
        "type": "message",
        "user": "U4DPU1SNB",
        "text": "That's what the assignment spec said to do I tink",
        "ts": "1493567219.227524"
    },
    {
        "type": "message",
        "user": "U4DPU1SNB",
        "text": "*think",
        "ts": "1493567223.227789"
    },
    {
        "type": "message",
        "user": "U4CC4KN1E",
        "text": "is that how we submitted it last time?",
        "ts": "1493567277.230381"
    },
    {
        "type": "message",
        "user": "U4DPU1SNB",
        "text": "nah but assignment spec did say it put peer review in readme",
        "ts": "1493567319.232403"
    },
    {
        "type": "message",
        "user": "U4CC4KN1E",
        "text": "last time we did peer assesment in a pdf",
        "ts": "1493567461.239746"
    },
    {
        "type": "message",
        "user": "U4DPU1SNB",
        "text": "yea",
        "ts": "1493567518.242735"
    },
    {
        "type": "message",
        "user": "U4DPU1SNB",
        "text": "i don't think it matters either way",
        "ts": "1493567527.243116"
    },
    {
        "type": "message",
        "user": "U4DPU1SNB",
        "text": "but assignment spec did say to put it in readme",
        "ts": "1493567538.243636"
    },
    {
        "type": "message",
        "user": "U4CC4KN1E",
        "text": "but our current readme is a .md file",
        "ts": "1493567572.245214"
    },
    {
        "type": "message",
        "user": "U4CC4KN1E",
        "text": "my computer cant read that, just wanna make sure thats fine",
        "ts": "1493567599.246474"
    },
    {
        "type": "message",
        "user": "U4DPU1SNB",
        "text": "i mean if you're worried you can make a pdf file if you want",
        "ts": "1493567671.249891"
    },
    {
        "type": "message",
        "user": "U4CC4KN1E",
        "text": "yeah ill do that",
        "ts": "1493567725.252775"
    },
    {
        "type": "message",
        "user": "U4DPU1SNB",
        "text": "just noticed instruction manual has a lot of blank pages? i can upload a new one",
        "ts": "1493567937.263418"
    },
    {
        "type": "message",
        "user": "U4CC4KN1E",
        "text": "really",
        "ts": "1493567981.265982"
    },
    {
        "type": "message",
        "user": "U4CD3EY4R",
        "text": "Md is markdown. Open it as .txt",
        "ts": "1493567982.266052"
    },
    {
        "type": "message",
        "user": "U4CC4KN1E",
        "text": "ill check the one i have downloaded",
        "ts": "1493567989.266488"
    },
    {
        "type": "message",
        "user": "U4CD3EY4R",
        "text": "Md is for github essentially",
        "ts": "1493567992.266657"
    },
    {
        "type": "message",
        "user": "U4CC4KN1E",
        "text": "i tried to rename it to .txt",
        "ts": "1493568018.268837"
    },
    {
        "type": "message",
        "user": "U4CC4KN1E",
        "text": "and its formatting is no good",
        "ts": "1493568023.269123"
    },
    {
        "type": "message",
        "user": "U4CC4KN1E",
        "text": "i just made this quickly",
        "ts": "1493568045.270416"
    },
    {
        "type": "message",
        "subtype": "file_share",
        "text": "<@U4CC4KN1E|declan> uploaded a file: <https:\/\/septsem12017.slack.com\/files\/declan\/F57F5P24F\/-.txt|Untitled>",
        "file": {
            "id": "F57F5P24F",
            "created": 1493568042,
            "timestamp": 1493568042,
            "name": "-.txt",
            "title": "Untitled",
            "mimetype": "text\/plain",
            "filetype": "text",
            "pretty_type": "Plain Text",
            "user": "U4CC4KN1E",
            "editable": true,
            "size": 1274,
            "mode": "snippet",
            "is_external": false,
            "external_type": "",
            "is_public": true,
            "public_url_shared": false,
            "display_as_bot": false,
            "username": "",
            "url_private": "https:\/\/files.slack.com\/files-pri\/T4AQZCLH2-F57F5P24F\/-.txt?t=xoxe-146849428580-189841166806-189859908471-e99662fdd6",
            "url_private_download": "https:\/\/files.slack.com\/files-pri\/T4AQZCLH2-F57F5P24F\/download\/-.txt?t=xoxe-146849428580-189841166806-189859908471-e99662fdd6",
            "permalink": "https:\/\/septsem12017.slack.com\/files\/declan\/F57F5P24F\/-.txt",
            "permalink_public": "https:\/\/slack-files.com\/T4AQZCLH2-F57F5P24F-e0c5fd1817",
            "edit_link": "https:\/\/septsem12017.slack.com\/files\/declan\/F57F5P24F\/-.txt\/edit",
            "preview": "SEPT Assignment Part B\r\n\r\nTeam Members\r\n\r\nThomas Higgins - s3529120\r",
            "preview_highlight": "<div class=\"CodeMirror cm-s-default CodeMirrorServer\" oncopy=\"if(event.clipboardData){event.clipboardData.setData('text\/plain',window.getSelection().toString().replace(\/\\u200b\/g,''));event.preventDefault();event.stopPropagation();}\">\n<div class=\"CodeMirror-code\">\n<div><pre>SEPT Assignment Part B<\/pre><\/div>\n<div><pre><\/pre><\/div>\n<div><pre>Team Members<\/pre><\/div>\n<div><pre><\/pre><\/div>\n<div><pre>Thomas Higgins - s3529120<\/pre><\/div>\n<div><pre><\/pre><\/div>\n<\/div>\n<\/div>\n",
            "lines": 51,
            "lines_more": 46,
            "preview_is_truncated": true,
            "channels": [
                "C4BDL1N5U"
            ],
            "groups": [],
            "ims": [],
            "comments_count": 0
        },
        "user": "U4CC4KN1E",
        "upload": true,
        "display_as_bot": false,
        "username": "declan",
        "bot_id": null,
        "ts": "1493568045.270426"
    },
    {
        "type": "message",
        "user": "U4CC4KN1E",
        "text": "leaving both in",
        "ts": "1493568050.270748"
    },
    {
        "type": "message",
        "user": "U4DPU1SNB",
        "text": "ok",
        "ts": "1493568239.283030"
    },
    {
        "type": "message",
        "user": "U4DPU1SNB",
        "text": "i uploaded new manual w\/o blank pages",
        "ts": "1493568250.283607"
    },
    {
        "type": "message",
        "user": "U4CC4KN1E",
        "text": "just ot git?",
        "ts": "1493568277.284898"
    },
    {
        "type": "message",
        "user": "U4CC4KN1E",
        "text": "*to",
        "ts": "1493568280.285010"
    },
    {
        "type": "message",
        "user": "U4DPU1SNB",
        "text": "yeah",
        "ts": "1493568284.285315"
    },
    {
        "type": "message",
        "user": "U4DPU1SNB",
        "text": "were you going to upload the new program.zip?",
        "ts": "1493568295.286056"
    },
    {
        "type": "message",
        "user": "U4CC4KN1E",
        "text": "oh, i just had them both in a folder",
        "ts": "1493568342.288642"
    },
    {
        "type": "message",
        "user": "U4DPU1SNB",
        "text": "where?",
        "ts": "1493568466.295285"
    },
    {
        "type": "message",
        "user": "U4CC4KN1E",
        "text": "ill upload what i planned on submitting in just a sec so you can see",
        "ts": "1493568496.296746"
    },
    {
        "type": "message",
        "user": "U4CC4KN1E",
        "text": "give it a check, not sure if i have the right idea",
        "ts": "1493568593.301800"
    },
    {
        "type": "message",
        "user": "U4DPU1SNB",
        "text": "i don't see it",
        "ts": "1493568655.305565"
    },
    {
        "type": "message",
        "user": "U4CC4KN1E",
        "text": "that was weird chrome stopped",
        "ts": "1493568715.308892"
    },
    {
        "type": "message",
        "user": "U4CC4KN1E",
        "text": "should be there soon",
        "ts": "1493568718.309052"
    },
    {
        "type": "message",
        "user": "U4DPU1SNB",
        "text": "looks good",
        "ts": "1493569044.325506"
    },
    {
        "type": "message",
        "user": "U4DPU1SNB",
        "text": "i can submit if you want",
        "ts": "1493569119.329294"
    },
    {
        "type": "message",
        "user": "U4DPU1SNB",
        "text": "maybe first though label program.zip as part a",
        "ts": "1493569132.329991"
    },
    {
        "type": "message",
        "user": "U4CC4KN1E",
        "text": "wait what?",
        "ts": "1493569161.331596"
    },
    {
        "type": "message",
        "user": "U4CC4KN1E",
        "text": "oohohohohhh",
        "ts": "1493569169.331990"
    },
    {
        "type": "message",
        "user": "U4CC4KN1E",
        "text": "were you gonna download the repo and submit that",
        "ts": "1493569178.332428"
    },
    {
        "type": "message",
        "user": "U4CC4KN1E",
        "text": "theres a zip i just uploaded to the repo that i was gonna submit, has the part A stuff removed",
        "ts": "1493569211.334241"
    },
    {
        "type": "message",
        "user": "U4CC4KN1E",
        "text": "that makes more sense",
        "ts": "1493569219.334688"
    },
    {
        "type": "message",
        "user": "U4DPU1SNB",
        "text": "i guess either way is fine",
        "ts": "1493569436.345759"
    },
    {
        "type": "message",
        "user": "U4CC4KN1E",
        "text": "if you do submit the repo, make sure to delete the \"SEPT Assignment PartB.zip\"",
        "ts": "1493569482.347999"
    },
    {
        "type": "message",
        "user": "U4DPU1SNB",
        "text": "it has executables though",
        "ts": "1493569496.348724"
    },
    {
        "type": "message",
        "user": "U4CC4KN1E",
        "text": "ahh, dont worry",
        "ts": "1493569511.349491"
    },
    {
        "type": "message",
        "user": "U4DPU1SNB",
        "text": "they weren't really clear tbh",
        "ts": "1493569517.349799"
    },
    {
        "type": "message",
        "user": "U4CC4KN1E",
        "text": "ill upload the one i have and spend some time syncing them later",
        "ts": "1493569521.350054"
    },
    {
        "type": "message",
        "user": "U4DPU1SNB",
        "text": "ok",
        "ts": "1493569531.350534"
    },
    {
        "type": "message",
        "user": "U4CC4KN1E",
        "text": "ok, should be good",
        "ts": "1493569708.359824"
    },
    {
        "type": "message",
        "user": "U4DPU1SNB",
        "text": "?",
        "ts": "1493569749.362152"
    },
    {
        "type": "message",
        "user": "U4CC4KN1E",
        "text": "its submitted",
        "ts": "1493569758.362616"
    },
    {
        "type": "message",
        "user": "U4CC4KN1E",
        "text": "is what i mean",
        "ts": "1493569762.362865"
    },
    {
        "type": "message",
        "user": "U4DPU1SNB",
        "text": "ohh",
        "ts": "1493569762.362873"
    },
    {
        "type": "message",
        "user": "U4DPU1SNB",
        "text": "awesome!!",
        "ts": "1493569766.363070"
    },
    {
        "type": "message",
        "user": "U4CC4KN1E",
        "text": "catchya tomorrow for the test",
        "ts": "1493569778.363734"
    },
    {
        "type": "message",
        "user": "U4DPU1SNB",
        "text": "yea see you then probs. woo i finally get to go to bed lol",
        "ts": "1493569803.365208"
    },
    {
        "type": "message",
        "user": "U4DPU1SNB",
        "text": "night everyone :slightly_smiling_face:",
        "ts": "1493569857.368377"
    },
    {
        "type": "message",
        "user": "U4CC4KN1E",
        "text": "Hey, any of you guys around?",
        "ts": "1493619648.201003"
    },
    {
        "type": "message",
        "user": "U4A27FREU",
        "text": "I'm a couple of minutes off",
        "ts": "1493619695.203826"
    },
    {
        "type": "message",
        "user": "U4CD3EY4R",
        "text": "Test is at 5:30, doable by phone, just need the url.",
        "ts": "1493620673.262526"
    }
]