[
    {
        "type": "message",
        "user": "U4DPU1SNB",
        "text": "Yeah looks good.",
        "ts": "1495698176.181763"
    },
    {
        "type": "message",
        "user": "U4CD3EY4R",
        "text": "So its no problem?",
        "ts": "1495698256.193661"
    },
    {
        "type": "message",
        "user": "U4DPU1SNB",
        "text": "Well just a minor one. When you cancel a booking, it cancels all of them rather than the one you selected.",
        "ts": "1495698490.230048"
    },
    {
        "type": "message",
        "user": "U4CD3EY4R",
        "text": "Oh, okay. Obviously an issue. Ill take a look at it",
        "ts": "1495698559.240504"
    },
    {
        "type": "message",
        "user": "U4CD3EY4R",
        "text": "I cant seem to get back to the dashboard after clicking cancel, as well, btw",
        "ts": "1495698593.245753"
    },
    {
        "type": "message",
        "user": "U4DPU1SNB",
        "text": "It gets booking id and cancels based on that which is weird cause wouldn't ID be unique for each booking?",
        "ts": "1495698601.246842"
    },
    {
        "type": "message",
        "user": "U4DPU1SNB",
        "text": "I just pushed",
        "ts": "1495698605.247490"
    },
    {
        "type": "message",
        "user": "U4CD3EY4R",
        "text": "Ah cool",
        "ts": "1495698613.248730"
    },
    {
        "type": "message",
        "user": "U4DPU1SNB",
        "text": "it goes back to available appointments",
        "ts": "1495698614.248955"
    },
    {
        "type": "message",
        "user": "U4CD3EY4R",
        "text": "Cool",
        "ts": "1495698657.255756"
    },
    {
        "type": "message",
        "user": "U4A27FREU",
        "text": "Bookings share ids if theyre booked by a customer at the same time they dont have their own ids its a appointment id rather than an individual one",
        "ts": "1495699101.325972"
    },
    {
        "type": "message",
        "user": "U4DPU1SNB",
        "text": "So ID isn't a primary key?",
        "ts": "1495699158.335084"
    },
    {
        "type": "message",
        "user": "U4A27FREU",
        "text": "no",
        "ts": "1495699198.341300"
    },
    {
        "type": "message",
        "user": "U4DPU1SNB",
        "text": "We shouldn't cancel bookings by id then. Should use something else maybe?",
        "ts": "1495699204.342944"
    },
    {
        "type": "message",
        "user": "U4A27FREU",
        "text": "yes we can the id is there for that purpose",
        "ts": "1495699232.348669"
    },
    {
        "type": "message",
        "user": "U4DPU1SNB",
        "text": "But what if you want to cancel on booking but no the other?",
        "ts": "1495699273.355536"
    },
    {
        "type": "message",
        "user": "U4DPU1SNB",
        "text": "*one",
        "ts": "1495699279.356604"
    },
    {
        "type": "message",
        "user": "U4CD3EY4R",
        "text": "Can we not use ID to represent a booking? as in cut and style at 10am uses id 1, cut at 2pm uses id 2, etc",
        "ts": "1495699283.357251"
    },
    {
        "type": "message",
        "user": "U4CD3EY4R",
        "text": "presently they all have the same id",
        "ts": "1495699289.358381"
    },
    {
        "type": "message",
        "user": "U4A27FREU",
        "text": "bookings are in blocks you can cancel one half or third of an appointment",
        "ts": "1495699302.360350"
    },
    {
        "type": "message",
        "user": "U4CD3EY4R",
        "text": "```\nbus001|2017-05-25|10:00|1|10:15|janeoliver@example.com|cus001|Style\nbus001|2017-05-25|10:15|1|10:30|janeoliver@example.com|cus001|Style\nbus001|2017-05-25|10:45|1|11:00|janeoliver@example.com|cus001|Style\nbus001|2017-05-25|11:00|1|11:15|janeoliver@example.com|cus001|Style```",
        "ts": "1495699309.361492"
    },
    {
        "type": "message",
        "user": "U4CD3EY4R",
        "text": "that’s 2 separate appointments, but theres no way to distinguish that other than the gap in time",
        "ts": "1495699331.364844"
    },
    {
        "type": "message",
        "user": "U4A27FREU",
        "text": "it just increments based on how many have been used well its supposed to",
        "ts": "1495699348.367949"
    },
    {
        "type": "message",
        "user": "U4A27FREU",
        "text": "stuffed up the function ill fix now",
        "ts": "1495699463.386887"
    },
    {
        "type": "message",
        "user": "U4CD3EY4R",
        "text": "Ahh cool",
        "ts": "1495699512.394458"
    },
    {
        "type": "message",
        "user": "U4A27FREU",
        "text": "should work now",
        "ts": "1495699529.397340"
    },
    {
        "type": "message",
        "user": "U4DPU1SNB",
        "text": "Still seems to cancel all appointments indiscriminately.",
        "ts": "1495699820.444374"
    },
    {
        "type": "message",
        "user": "U4A27FREU",
        "text": "looking now",
        "ts": "1495699996.473822"
    },
    {
        "type": "message",
        "user": "U4A27FREU",
        "text": "Cancelling works now on my machine after change, the view wasnt adjusted to call the previous page correctly when it was changed from a popup",
        "ts": "1495700365.537292"
    },
    {
        "type": "message",
        "user": "U4DPU1SNB",
        "text": "It was cancelling before. I mean when we cancel, it cancels all bookings. Like if you make two bookings and you cancel one, both get cancelled.",
        "ts": "1495700562.571872"
    },
    {
        "type": "message",
        "user": "U4DPU1SNB",
        "text": "Ohh i see it works now.",
        "ts": "1495700800.614807"
    },
    {
        "type": "message",
        "user": "U4DPU1SNB",
        "text": "Cool :slightly_smiling_face:",
        "ts": "1495700980.646980"
    },
    {
        "type": "message",
        "user": "U4A27FREU",
        "text": "Yeah before the I'd wasn't incrementing as I mixed the order up on a statement so they all had the same id ",
        "ts": "1495701395.724953"
    },
    {
        "type": "message",
        "user": "U4DPU1SNB",
        "text": "I hate to be the bearer of bad news again: <https:\/\/github.com\/s3529120\/septsem12017\/issues\/38>",
        "attachments": [
            {
                "service_name": "GitHub",
                "title": "Null pointer exception in View Bookings after changing roster · Issue #38 · s3529120\/septsem12017",
                "title_link": "https:\/\/github.com\/s3529120\/septsem12017\/issues\/38",
                "text": "Exception in thread \"JavaFX Application Thread\" java.lang.NullPointerException at booking.BookingsView.lambda$2(BookingsView.java:343) at java.util.ArrayList.forEach(ArrayList.java:1249) at book...",
                "fallback": "GitHub: Null pointer exception in View Bookings after changing roster · Issue #38 · s3529120\/septsem12017",
                "from_url": "https:\/\/github.com\/s3529120\/septsem12017\/issues\/38",
                "thumb_url": "https:\/\/avatars3.githubusercontent.com\/u\/22196200?v=3&s=400",
                "thumb_width": 250,
                "thumb_height": 250,
                "service_icon": "https:\/\/fst.slack-edge.com\/bfaba\/img\/unfurl_icons\/github.png",
                "id": 1
            }
        ],
        "ts": "1495701653.772377"
    },
    {
        "type": "message",
        "user": "U4A27FREU",
        "text": "Check the cancel booking function and see if I misspelled unfilled",
        "ts": "1495701749.790143"
    },
    {
        "type": "message",
        "user": "U4CD3EY4R",
        "text": "Make sure its capital U as well",
        "ts": "1495701868.812447"
    },
    {
        "type": "message",
        "user": "U4DPU1SNB",
        "text": "doesn't look like it",
        "ts": "1495701906.819578"
    },
    {
        "type": "message",
        "user": "U4CD3EY4R",
        "text": "```bus001|2017-06-22|17:15||17:30|janeoliver@example.com|Unfilled|None\n```",
        "ts": "1495701922.822499"
    },
    {
        "type": "message",
        "user": "U4CD3EY4R",
        "text": "is a tuple from the table. Pretty sure it has to be capitalised. Still on master",
        "ts": "1495701954.828584"
    },
    {
        "type": "message",
        "user": "U4CD3EY4R",
        "text": "?",
        "ts": "1495701955.828766"
    },
    {
        "type": "message",
        "user": "U4DPU1SNB",
        "text": "`compareToIgnoreCase` would mean it's case insensitive.",
        "ts": "1495702064.849669"
    },
    {
        "type": "message",
        "user": "U4A27FREU",
        "text": "Split the lines and see which of the comparison it points to",
        "ts": "1495702131.862034"
    },
    {
        "type": "message",
        "user": "U4CD3EY4R",
        "text": "So cancel function works great now",
        "ts": "1495702319.897570"
    },
    {
        "type": "message",
        "user": "U4CD3EY4R",
        "text": "Only cancels the one you select :smile:",
        "ts": "1495702334.900387"
    },
    {
        "type": "message",
        "user": "U4A27FREU",
        "text": "Wait after changing roster the bookings doesn't work?",
        "ts": "1495702379.908927"
    },
    {
        "type": "message",
        "user": "U4DPU1SNB",
        "text": "Yeah",
        "ts": "1495702478.927095"
    },
    {
        "type": "message",
        "user": "U4CD3EY4R",
        "text": "```@Override\n    public void forEach(Consumer&lt;? super E&gt; action) {\n        Objects.requireNonNull(action);\n        final int expectedModCount = modCount;\n        @SuppressWarnings(\"unchecked\")\n        final E[] elementData = (E[]) this.elementData;\n        final int size = this.size;\n        for (int i=0; modCount == expectedModCount &amp;&amp; i &lt; size; i++) {\n            action.accept(elementData[i]);\n        }\n        if (modCount != expectedModCount) {\n            throw new ConcurrentModificationException();\n        }\n    }```\n\nSeems to cause it",
        "edited": {
            "user": "U4CD3EY4R",
            "ts": "1495702520.000000"
        },
        "ts": "1495702495.930501"
    },
    {
        "type": "message",
        "user": "U4DPU1SNB",
        "text": "I have no idea what i'm looking at lol",
        "ts": "1495702544.939854"
    },
    {
        "type": "message",
        "user": "U4A27FREU",
        "text": "Where did that come from?",
        "ts": "1495702548.940650"
    },
    {
        "type": "message",
        "user": "U4CD3EY4R",
        "text": "oh haha, ah, thats not our code, haha. its built into java, ignore that, the real cause is…",
        "ts": "1495702583.947018"
    },
    {
        "type": "message",
        "user": "U4CD3EY4R",
        "text": "in bookingview",
        "ts": "1495702604.950976"
    },
    {
        "type": "message",
        "user": "U4CD3EY4R",
        "text": "```\t\t\tif (booking.getUser().compareToIgnoreCase(\"Unfilled\") != 0 ```",
        "ts": "1495702663.961711"
    },
    {
        "type": "message",
        "user": "U4CD3EY4R",
        "text": "That’s what is throwing the error it seems",
        "ts": "1495702672.963370"
    },
    {
        "type": "message",
        "user": "U4A27FREU",
        "text": "I'm guessing the function that deletes bookings outside those times is not working correctly ",
        "ts": "1495702762.980042"
    },
    {
        "type": "message",
        "user": "U4CD3EY4R",
        "text": "Fixed it, just rearranged the if so instead of checking both at once, it checks ``` if(AppData.CALLER instanceof UserAccountModel){}``` first",
        "edited": {
            "user": "U4CD3EY4R",
            "ts": "1495702917.000000"
        },
        "ts": "1495702894.007787"
    },
    {
        "type": "message",
        "user": "U4CD3EY4R",
        "text": "ie",
        "ts": "1495702930.014713"
    },
    {
        "type": "message",
        "user": "U4CD3EY4R",
        "text": "if(AppData.CALLER instanceof UserAccountModel){\n\t\t\t\tif (booking.getUser().compareTo(“Unfilled”) != 0) {\n\t\t\t\t\treturn;\n\t\t\t\t}\n\t\t\t}",
        "ts": "1495702931.014887"
    },
    {
        "type": "message",
        "user": "U4A27FREU",
        "text": "Thanks.works now?",
        "ts": "1495702972.022981"
    },
    {
        "type": "message",
        "user": "U4CD3EY4R",
        "text": "Should do. I tested that it works for business, not yet for customer",
        "ts": "1495703028.033438"
    },
    {
        "type": "message",
        "user": "U4A27FREU",
        "text": "Awesome",
        "ts": "1495703067.040665"
    },
    {
        "type": "message",
        "user": "U4CD3EY4R",
        "text": "Okay, i think itss broken for customer in that a  customer cant even login, because updateview for bookingsview throws a null pointer exception, hence the view isn’t being updated",
        "ts": "1495703097.046043"
    },
    {
        "type": "message",
        "user": "U4CD3EY4R",
        "text": "Nvm, works after a restart",
        "ts": "1495703127.051508"
    },
    {
        "type": "message",
        "user": "U4CD3EY4R",
        "text": "So haven’t been able to do anything with the css regarding the actual colours, so essentially its the default and red i think",
        "ts": "1495704740.354727"
    },
    {
        "type": "message",
        "user": "U4A27FREU",
        "text": "I don't have time to implement more sorry I've got another assignment due tomorrow that I still have to finish",
        "ts": "1495705197.436639"
    },
    {
        "type": "message",
        "user": "U4DPU1SNB",
        "text": "<@U4CC4KN1E> how's your internet?",
        "ts": "1495705832.554474"
    },
    {
        "type": "message",
        "user": "U4CC4KN1E",
        "text": "Back up, but trying to catch up on the AI stuff I had to do lol",
        "ts": "1495705879.563362"
    },
    {
        "type": "message",
        "user": "U4CC4KN1E",
        "text": "Thanks for covering my bit rob",
        "ts": "1495705888.565141"
    },
    {
        "type": "message",
        "user": "U4DPU1SNB",
        "text": "I don't think rob was able to fully implement it",
        "ts": "1495705988.583552"
    },
    {
        "type": "message",
        "user": "U4DPU1SNB",
        "text": "Do you have time?",
        "ts": "1495706007.587031"
    },
    {
        "type": "message",
        "user": "U4CC4KN1E",
        "text": "Yeah it shouldn't be too much, last I check it looked to be working on all the pages except manage employee",
        "ts": "1495706438.667065"
    },
    {
        "type": "message",
        "user": "U4CD3EY4R",
        "text": "It does apply properly, but theres not heaps of difference in the css",
        "ts": "1495707269.813618"
    },
    {
        "type": "message",
        "user": "U4A27FREU",
        "text": "If the background changes and only that then it's fine just have to show some degree of customisation ",
        "ts": "1495707434.842262"
    },
    {
        "type": "message",
        "user": "U4CD3EY4R",
        "text": "Alright, ill just add some colour difference to the background",
        "ts": "1495707525.857916"
    },
    {
        "type": "message",
        "user": "U4CC4KN1E",
        "text": "Hold on, is the whole thing not changing for you guys?",
        "ts": "1495707554.862577"
    },
    {
        "type": "message",
        "user": "U4CC4KN1E",
        "text": "I'll take some screen shots of what I'm seeing",
        "ts": "1495707563.864180"
    },
    {
        "type": "message",
        "user": "U4CC4KN1E",
        "text": "<https:\/\/gyazo.com\/8a6860ab94c6ba6b8a7b7e7196e8a97d>",
        "attachments": [
            {
                "service_name": "Gyazo",
                "service_url": "https:\/\/gyazo.com",
                "fallback": "Gyazo Photo: ",
                "image_url": "https:\/\/bot.gyazo.com\/8a6860ab94c6ba6b8a7b7e7196e8a97d.png",
                "image_width": 751,
                "image_height": 649,
                "from_url": "https:\/\/gyazo.com\/8a6860ab94c6ba6b8a7b7e7196e8a97d",
                "image_bytes": 26346,
                "title_link": "https:\/\/gyazo.com\/8a6860ab94c6ba6b8a7b7e7196e8a97d",
                "service_icon": "https:\/\/gyazo.com\/favicon.ico",
                "id": 1
            }
        ],
        "ts": "1495707635.876183"
    },
    {
        "type": "message",
        "user": "U4CC4KN1E",
        "text": "<https:\/\/gyazo.com\/903ab5870a021c53bafa0439595101f5>",
        "attachments": [
            {
                "service_name": "Gyazo",
                "service_url": "https:\/\/gyazo.com",
                "fallback": "Gyazo Photo: ",
                "image_url": "https:\/\/bot.gyazo.com\/903ab5870a021c53bafa0439595101f5.png",
                "image_width": 742,
                "image_height": 714,
                "from_url": "https:\/\/gyazo.com\/903ab5870a021c53bafa0439595101f5",
                "image_bytes": 26962,
                "title_link": "https:\/\/gyazo.com\/903ab5870a021c53bafa0439595101f5",
                "service_icon": "https:\/\/gyazo.com\/favicon.ico",
                "id": 1
            }
        ],
        "ts": "1495707639.876922"
    },
    {
        "type": "message",
        "user": "U4CC4KN1E",
        "text": "<https:\/\/gyazo.com\/67cd50bc5cf9beb1e78a828636d61a24>",
        "attachments": [
            {
                "service_name": "Gyazo",
                "service_url": "https:\/\/gyazo.com",
                "fallback": "Gyazo Photo: ",
                "image_url": "https:\/\/bot.gyazo.com\/67cd50bc5cf9beb1e78a828636d61a24.png",
                "image_width": 802,
                "image_height": 711,
                "from_url": "https:\/\/gyazo.com\/67cd50bc5cf9beb1e78a828636d61a24",
                "image_bytes": 27429,
                "title_link": "https:\/\/gyazo.com\/67cd50bc5cf9beb1e78a828636d61a24",
                "service_icon": "https:\/\/gyazo.com\/favicon.ico",
                "id": 1
            }
        ],
        "ts": "1495707644.877841"
    },
    {
        "type": "message",
        "user": "U4CC4KN1E",
        "text": "<https:\/\/gyazo.com\/7374f783d09888f8d1514c53577e6179>",
        "attachments": [
            {
                "service_name": "Gyazo",
                "service_url": "https:\/\/gyazo.com",
                "fallback": "Gyazo Photo: ",
                "image_url": "https:\/\/bot.gyazo.com\/7374f783d09888f8d1514c53577e6179.png",
                "image_width": 749,
                "image_height": 675,
                "from_url": "https:\/\/gyazo.com\/7374f783d09888f8d1514c53577e6179",
                "image_bytes": 26787,
                "title_link": "https:\/\/gyazo.com\/7374f783d09888f8d1514c53577e6179",
                "service_icon": "https:\/\/gyazo.com\/favicon.ico",
                "id": 1
            }
        ],
        "ts": "1495707648.878627"
    },
    {
        "type": "message",
        "user": "U4CC4KN1E",
        "text": "<https:\/\/gyazo.com\/519d1de975448b99ce0f65c58af542f4>",
        "attachments": [
            {
                "service_name": "Gyazo",
                "service_url": "https:\/\/gyazo.com",
                "fallback": "Gyazo Photo: ",
                "image_url": "https:\/\/bot.gyazo.com\/519d1de975448b99ce0f65c58af542f4.png",
                "image_width": 799,
                "image_height": 726,
                "from_url": "https:\/\/gyazo.com\/519d1de975448b99ce0f65c58af542f4",
                "image_bytes": 27624,
                "title_link": "https:\/\/gyazo.com\/519d1de975448b99ce0f65c58af542f4",
                "service_icon": "https:\/\/gyazo.com\/favicon.ico",
                "id": 1
            }
        ],
        "ts": "1495707653.879313"
    },
    {
        "type": "message",
        "user": "U4CD3EY4R",
        "text": "Huh, cool then",
        "ts": "1495707664.881121"
    },
    {
        "type": "message",
        "user": "U4CD3EY4R",
        "text": "Im seeing that as well now",
        "ts": "1495707738.893714"
    },
    {
        "type": "message",
        "user": "U4CD3EY4R",
        "text": "Do we need to have 2 businesses in the database?",
        "ts": "1495708023.943261"
    },
    {
        "type": "message",
        "user": "U4A27FREU",
        "text": "Mint",
        "ts": "1495708026.943843"
    },
    {
        "type": "message",
        "user": "U4A27FREU",
        "text": "He'll want to make his own in real time ",
        "ts": "1495708058.949253"
    },
    {
        "type": "message",
        "user": "U4CD3EY4R",
        "text": "True",
        "ts": "1495708082.953295"
    },
    {
        "type": "message",
        "user": "U4CD3EY4R",
        "text": "super user can create a business which is able to login with some default bookings, one default employee, and default type, but when a business is logged in it sees all businesses employees but it can be shippable known issue",
        "ts": "1495708905.093409"
    },
    {
        "type": "message",
        "user": "U4A27FREU",
        "text": "We could fix that by adding a where business=appdata.caller.getUsername() couldn't we?",
        "ts": "1495709020.112697"
    },
    {
        "type": "message",
        "user": "U4A27FREU",
        "text": "To the getEmployees() function",
        "ts": "1495709038.115754"
    },
    {
        "type": "message",
        "user": "U4DPU1SNB",
        "text": "There's still the issue of not being able to see logout link",
        "ts": "1495709675.221017"
    },
    {
        "type": "message",
        "user": "U4CD3EY4R",
        "text": "its there but only shows as 3 dots underlined",
        "ts": "1495709705.226100"
    },
    {
        "type": "message",
        "user": "U4DPU1SNB",
        "text": "I mean an easy fix would be to make the buttons have their own line",
        "ts": "1495709735.231039"
    },
    {
        "type": "message",
        "user": "U4DPU1SNB",
        "text": "I'll just do that",
        "ts": "1495709768.236567"
    },
    {
        "type": "message",
        "user": "U4CD3EY4R",
        "text": "Thats fair i think",
        "ts": "1495709915.260509"
    },
    {
        "type": "message",
        "user": "U4CC4KN1E",
        "text": "also theres the options of just making the default business name smaller",
        "ts": "1495709937.263931"
    },
    {
        "type": "message",
        "user": "U4CC4KN1E",
        "text": "but that wouldnt fix it if he made one with a long name",
        "ts": "1495709945.265217"
    },
    {
        "type": "message",
        "user": "U4DPU1SNB",
        "text": "Setting business hours doesn't seem to change hours in roster",
        "ts": "1495710592.372591"
    },
    {
        "type": "message",
        "user": "U4DPU1SNB",
        "text": "Also theme for manage employee doesn't change",
        "ts": "1495710637.380330"
    },
    {
        "type": "message",
        "user": "U4CC4KN1E",
        "text": "yeah i was gonna push that \\",
        "ts": "1495710655.383081"
    },
    {
        "type": "message",
        "user": "U4DPU1SNB",
        "text": "Alright another known issue: bookings don't update when you change employee specialisation. Type displays as null.",
        "ts": "1495710846.413314"
    },
    {
        "type": "message",
        "user": "U4CD3EY4R",
        "text": "interesting",
        "ts": "1495710977.434868"
    },
    {
        "type": "message",
        "user": "U4DPU1SNB",
        "text": "Employee filter doesn't work...",
        "ts": "1495711583.528181"
    },
    {
        "type": "message",
        "user": "U4CD3EY4R",
        "text": "Hmm, added the checkin emp controller for if AppData.CALLER.getUsername() == bus, but it only returns Jane’s bookings, not Johns.",
        "ts": "1495711588.529120"
    },
    {
        "type": "message",
        "user": "U4A27FREU",
        "text": "Is the assignment in the seed file correct for John?",
        "ts": "1495711637.536534"
    },
    {
        "type": "message",
        "user": "U4A27FREU",
        "text": "I meant replace line 575 with 'sql=\"SELECT Name FROM Employee WHERE Email=? AND Business=?;\";' and add 'dbcont.getState().setString(2, AppData.CALLER.getUsername());' after line 578 of employee controller",
        "ts": "1495712641.692019"
    },
    {
        "type": "message",
        "user": "U4A27FREU",
        "text": "dw im looking in the wrong place",
        "ts": "1495712729.705315"
    },
    {
        "type": "message",
        "user": "U4A27FREU",
        "text": "it should already only return the employees of the business thats calling for them",
        "ts": "1495712887.729869"
    },
    {
        "type": "message",
        "user": "U4CD3EY4R",
        "text": "Yea thats what i thought it would do. but when i add a new business it gets john + jane + defaultNewEmp",
        "ts": "1495713169.774176"
    },
    {
        "type": "message",
        "user": "U4A27FREU",
        "text": "yeah that's going to have to be a shipped error in theory it shouldnt do that",
        "ts": "1495713317.796818"
    },
    {
        "type": "message",
        "user": "U4CD3EY4R",
        "text": "Cant seem to figure out why, either as the sql should only pull where busname = bus001, etc",
        "ts": "1495713426.813967"
    },
    {
        "type": "message",
        "user": "U4DPU1SNB",
        "text": "Fixed a bug with filtering by business name",
        "ts": "1495713486.823383"
    },
    {
        "type": "message",
        "user": "U4DPU1SNB",
        "text": "I noticed many strange thing when I logged in as another business. Like a lot of bugs.",
        "ts": "1495713511.827349"
    },
    {
        "type": "message",
        "user": "U4DPU1SNB",
        "text": "Idk if we have time to fix it all.",
        "ts": "1495713521.828901"
    },
    {
        "type": "message",
        "user": "U4CD3EY4R",
        "text": "Did you create a business then log in to it?",
        "ts": "1495713710.861449"
    },
    {
        "type": "message",
        "user": "U4CD3EY4R",
        "text": "It might be as simple as there aren’t defaults set for things like services\/types, or a default roster",
        "ts": "1495713728.864452"
    },
    {
        "type": "message",
        "user": "U4DPU1SNB",
        "text": "When I log in as another business, I see bookings for the other one. We need to filter them by whichever business account is logged in. I wasn't able to create an employee either.",
        "ts": "1495713925.897808"
    },
    {
        "type": "message",
        "user": "U4CD3EY4R",
        "text": "Hmm, I made it such that it createsa default employee in the form ‘busnameDefEmp’ and the email is similar so that when a new bus is made there wont be an attempt for a primary key which already exists",
        "ts": "1495713990.908410"
    },
    {
        "type": "message",
        "user": "U4CD3EY4R",
        "text": "but i think it has to do with that employee not having default roster",
        "ts": "1495714009.911433"
    },
    {
        "type": "message",
        "user": "U4CD3EY4R",
        "text": "I was trying to filter, but in doing so i think it hid some bookings wrongly",
        "ts": "1495714037.915870"
    },
    {
        "type": "message",
        "user": "U4DPU1SNB",
        "text": "I just noticed i t happens with any business account actually. Error is `org.sqlite.SQLiteException: [SQLITE_CONSTRAINT_NOTNULL]  A NOT NULL constraint failed (NOT NULL constraint failed: Employee.Business)`",
        "ts": "1495714053.918700"
    },
    {
        "type": "message",
        "user": "U4CD3EY4R",
        "text": "Any idea which column?",
        "ts": "1495714115.928811"
    },
    {
        "type": "message",
        "user": "U4CD3EY4R",
        "text": "oh thats probably because the admin make bus method doesnt set up althe tables correctly, so when any bus logs in and tries to read rom the bookings table it freaks out",
        "edited": {
            "user": "U4CD3EY4R",
            "ts": "1495714178.000000"
        },
        "ts": "1495714167.937012"
    },
    {
        "type": "message",
        "user": "U4DPU1SNB",
        "text": "It happens with the seeded business as well.",
        "ts": "1495714202.942674"
    },
    {
        "type": "message",
        "user": "U4A27FREU",
        "text": "To fix the business seeing other ones booking you just need to change a line in the login controller where it goes to call the new view put AppData.CALLER.getUsername() inside the parentheses for the non admin one",
        "ts": "1495714220.945704"
    },
    {
        "type": "message",
        "user": "U4CD3EY4R",
        "text": "Still showing all bookings, regardless of which bus logged in",
        "ts": "1495714422.979049"
    },
    {
        "type": "message",
        "user": "U4CD3EY4R",
        "text": ":confused:",
        "ts": "1495714426.979567"
    },
    {
        "type": "message",
        "user": "U4DPU1SNB",
        "text": "I think we should try to fix the add employee thing first cause homy is more likely to test that function imo.",
        "ts": "1495714700.026753"
    },
    {
        "type": "message",
        "user": "U4DPU1SNB",
        "text": "I'll try to fix it. I think i know the problem",
        "ts": "1495714823.047254"
    },
    {
        "type": "message",
        "user": "U4A27FREU",
        "text": "If everyone can try and comment\/javadoc their functions as well that would be good then I'll do the leftovers in the morning",
        "ts": "1495714939.066614"
    },
    {
        "type": "message",
        "user": "U4DPU1SNB",
        "text": "Kay fixed add emp",
        "ts": "1495715264.123699"
    },
    {
        "type": "message",
        "user": "U4CD3EY4R",
        "text": "What turned out to be the problem?",
        "ts": "1495717916.697516"
    },
    {
        "type": "message",
        "user": "U4DPU1SNB",
        "text": "It needed data for the column 'business'",
        "ts": "1495718144.754827"
    },
    {
        "type": "message",
        "user": "U4CD3EY4R",
        "text": "Ah right, which table?",
        "ts": "1495718173.762370"
    },
    {
        "type": "message",
        "user": "U4DPU1SNB",
        "text": "employee",
        "ts": "1495718567.866209"
    },
    {
        "type": "message",
        "user": "U4CD3EY4R",
        "text": "I must have missed it when doing it earlier",
        "ts": "1495718651.888791"
    },
    {
        "type": "message",
        "user": "U4DPU1SNB",
        "text": "Added more bugs: <https:\/\/github.com\/s3529120\/septsem12017\/issues>",
        "attachments": [
            {
                "service_name": "GitHub",
                "title": "s3529120\/septsem12017",
                "title_link": "https:\/\/github.com\/s3529120\/septsem12017\/issues",
                "text": "Contribute to septsem12017 development by creating an account on GitHub.",
                "fallback": "GitHub: s3529120\/septsem12017",
                "from_url": "https:\/\/github.com\/s3529120\/septsem12017\/issues",
                "thumb_url": "https:\/\/avatars3.githubusercontent.com\/u\/13671972?v=3&s=400",
                "thumb_width": 250,
                "thumb_height": 250,
                "service_icon": "https:\/\/fst.slack-edge.com\/bfaba\/img\/unfurl_icons\/github.png",
                "id": 1
            }
        ],
        "ts": "1495722817.249870"
    },
    {
        "type": "message",
        "user": "U4CD3EY4R",
        "text": "Sometimes in seed accounts is referred to as account",
        "ts": "1495725869.373035"
    },
    {
        "type": "message",
        "user": "U4CD3EY4R",
        "text": "Assuming its a mistake and am changing it",
        "ts": "1495725876.375687"
    },
    {
        "type": "message",
        "user": "U4A27FREU",
        "text": "Bad news guys for whatever reason the maven SQLite dependancy despite packaging and installing (which should throw an error if there is one which it doesn't) does not function spent three hours trying to fix it to no avail everything looks and acts right until you run the installed program still compiles and runs as a normal java project have also uploaded a precompiled version with database and resource dependencies to the GitHub ",
        "ts": "1495763364.274867"
    },
    {
        "type": "message",
        "user": "U4CD3EY4R",
        "text": "Hmm. Okay. How do we make it looklike it works?",
        "ts": "1495763590.300429"
    },
    {
        "type": "message",
        "user": "U4A27FREU",
        "text": "The uploaded ones look identical to those created via the maven process however there is no way to make it compile package install and then function via maven methods you can compile package and install it but not run \"correctly\" with maven but it won't run. If you compile via standard javac -jar etc it will run ",
        "ts": "1495763800.324450"
    },
    {
        "type": "message",
        "user": "U4A27FREU",
        "text": "I don't understand why it didn't work straight off the bat I spent many many hours setting up converting and configuring it when they first released part c",
        "ts": "1495763916.337665"
    },
    {
        "type": "message",
        "user": "U4CD3EY4R",
        "text": "Im having someproblems with maven not knowing what junit 4.x is even if i specify to use junit 4.12. it errors out not recognising the junit 4 keywords.\nIve edited the pom, but only on my own branch so masterisnt touched by that... But doubpe check the pom?",
        "ts": "1495763979.345117"
    },
    {
        "type": "message",
        "user": "U4A27FREU",
        "text": "I reconfigured the Pom yet again this morning (appears to have been overwritten at some point likely by me) and double checked the .m2\/repository files to make sure everything lined up but still nothing even tried setting it so that the dependencies would be automatically updated based on the authors remote specifications but still no dice",
        "ts": "1495764201.372958"
    },
    {
        "type": "message",
        "user": "U4A27FREU",
        "text": "I'll just explain my failure to him. Did get the commenting done this morning though also fixed an error that prevented you from logging in as a new business",
        "ts": "1495764350.390075"
    },
    {
        "type": "message",
        "user": "U4CD3EY4R",
        "text": "Alright cool. I cant think they expwct everything doneperfectly",
        "ts": "1495764650.424294"
    },
    {
        "type": "message",
        "user": "U4A27FREU",
        "text": "Particularly when they tell you to use a system that fundamentally changes the nature of a project that you have never seen before",
        "ts": "1495764787.439437"
    },
    {
        "type": "message",
        "user": "U4A27FREU",
        "text": "Did anyone email the code to homy ",
        "ts": "1495773869.367593"
    },
    {
        "type": "message",
        "user": "U4CD3EY4R",
        "text": "Declan did",
        "ts": "1495773886.369262"
    },
    {
        "type": "message",
        "user": "U4CC4KN1E",
        "text": "Yep I did, cc'd you guys",
        "ts": "1495773897.370279"
    },
    {
        "type": "message",
        "user": "U4A27FREU",
        "text": "Cool just had a mental blank",
        "ts": "1495773940.374623"
    }
]