[
    {
        "type": "message",
        "user": "U4CD3EY4R",
        "text": "Hey so it looks like the post-mortem is to be written as a group based on a group brainstorm we have regarding issues and things we did well, things we did poorly, individually and as a team, as well as the process, ie. not ebing told we had to use maven till week 10 etc",
        "ts": "1495525419.867699"
    },
    {
        "type": "message",
        "user": "U4A27FREU",
        "text": "Well we can pump that out after our Friday demo",
        "ts": "1495525479.879878"
    },
    {
        "type": "message",
        "user": "U4CD3EY4R",
        "text": "haha no problem then",
        "ts": "1495525490.882224"
    },
    {
        "type": "message",
        "user": "U4CD3EY4R",
        "text": "Say a business account is logged in, how would I go about setting the business’ name to the header field for the dashboard?",
        "ts": "1495529764.862744"
    },
    {
        "type": "message",
        "user": "U4A27FREU",
        "text": "In the views for the functions you'll just have to replace the string \"booking site\" with AppData.caller.getName()",
        "ts": "1495537670.653681"
    },
    {
        "type": "message",
        "user": "U4CD3EY4R",
        "text": "Cool. thanks",
        "ts": "1495537921.702111"
    },
    {
        "type": "message",
        "user": "U4CD3EY4R",
        "text": "Is the business ties branch needing to merged into master? there’s a pull request up on github at the moment",
        "ts": "1495543388.889481"
    },
    {
        "type": "message",
        "user": "U4CD3EY4R",
        "text": "(i just made it)",
        "ts": "1495543396.891829"
    },
    {
        "type": "message",
        "user": "U4A27FREU",
        "text": "Yeah that's a naming accident that's my stuff from the weekend ",
        "ts": "1495545330.466544"
    },
    {
        "type": "message",
        "user": "U4CD3EY4R",
        "text": "Okay, just take a look at the pull request and manually merge it as its giving a few conflicts, but i imagine that they’ll mostly be two lines are the same but on a different line or some such thing",
        "ts": "1495545568.544123"
    },
    {
        "type": "message",
        "user": "U4A27FREU",
        "text": "Yeah I've had to do that 4-5 times with the seed file this week it's really not liking minor spacing changes for some reason",
        "ts": "1495545673.579384"
    },
    {
        "type": "message",
        "user": "U4CD3EY4R",
        "text": "Yea its a bit of a pain sometimes. Anyway i made it so that the business dashboard when changing colour doesn’t raise a null pointer exception, and it correctly applies a style sheet named RED,YELLLOW,BLACK, etc.]",
        "ts": "1495548061.450648"
    },
    {
        "type": "message",
        "user": "U4CD3EY4R",
        "text": "Just need to double check that each sheet name corresponds to the correct style, and that there are different styles in each sheet. I jsut copy pasted them for the time being",
        "ts": "1495548096.465891"
    },
    {
        "type": "message",
        "user": "U4CD3EY4R",
        "text": "<@U4CC4KN1E> Take a look at this pull request (<https:\/\/github.com\/s3529120\/septsem12017\/pull\/25>) and then go off of those changes I proposed. I imagine that they won’t differ too much but i just had some time so i set the css on each of the views for the bus dashboard.",
        "attachments": [
            {
                "service_name": "GitHub",
                "title": "Change the way the css is loaded by RobLW · Pull Request #25 · s3529120\/septsem12017",
                "title_link": "https:\/\/github.com\/s3529120\/septsem12017\/pull\/25",
                "text": "scene.getStylesheets().add(getClass().getResource(\"\/resources\/display\/css\/styles.css\").toExternalForm()); if (ColourController.getAccountColour(AppData.CALLER.getUsername())) { System.out.printl...",
                "fallback": "GitHub: Change the way the css is loaded by RobLW · Pull Request #25 · s3529120\/septsem12017",
                "from_url": "https:\/\/github.com\/s3529120\/septsem12017\/pull\/25",
                "thumb_url": "https:\/\/avatars1.githubusercontent.com\/u\/11449623?v=3&s=400",
                "thumb_width": 250,
                "thumb_height": 250,
                "service_icon": "https:\/\/fst.slack-edge.com\/bfaba\/img\/unfurl_icons\/github.png",
                "id": 1
            }
        ],
        "edited": {
            "user": "U4CD3EY4R",
            "ts": "1495548678.000000"
        },
        "ts": "1495548659.688194"
    },
    {
        "type": "message",
        "user": "U4A27FREU",
        "text": "What did you guys want me to do before Friday?",
        "ts": "1495592855.169629"
    },
    {
        "type": "message",
        "user": "U4CC4KN1E",
        "text": "I think we just put you down for the things you messaged us about",
        "ts": "1495592889.173387"
    },
    {
        "type": "message",
        "user": "U4CC4KN1E",
        "text": "I know one of them was getting the default filter return for the date",
        "ts": "1495592916.176425"
    },
    {
        "type": "message",
        "user": "U4A27FREU",
        "text": "Might just set a default for 01\/01\/2000 and have the function ignore it if it receives that.\nOther was updated class diagram but I'll do that after Friday so all classes and methods are final.\nWe all probably need to go back through and comment\/Javadoc our parts I think most of the new stuff (especially mine) is missing that",
        "ts": "1495593087.196623"
    },
    {
        "type": "message",
        "user": "U4CD3EY4R",
        "text": "So maven doesnt build for the test cases properly. Theres an open issue about it but im not sure if its isolated to my machine or not.",
        "ts": "1495594535.359162"
    },
    {
        "type": "message",
        "user": "U4A27FREU",
        "text": "Do we need to be able to run the test cases from the built version?",
        "ts": "1495597143.633078"
    },
    {
        "type": "message",
        "user": "U4DPU1SNB",
        "text": "<@U4A27FREU> i think so. i was just going to finish the test cases now. i also put you down for updating the class diagram and the \"more comprehensive architecture doc\". i can email homy and ask him to clarify that one.",
        "ts": "1495601673.337318"
    },
    {
        "type": "message",
        "user": "U4A27FREU",
        "text": "<@U4CD3EY4R> have you made sure your .m2\/settings.xml and .m2\/dependencies (or some similar name can't remember exact name) is configured correctly for junit?",
        "ts": "1495602119.384614"
    },
    {
        "type": "message",
        "user": "U4DPU1SNB",
        "text": "i just pulled from master and i can't make a booking as customer?",
        "ts": "1495602166.389744"
    },
    {
        "type": "message",
        "user": "U4DPU1SNB",
        "text": "`java.sql.SQLException: no such column: 'Business'`",
        "ts": "1495602202.393367"
    },
    {
        "type": "message",
        "user": "U4A27FREU",
        "text": "The damn seed file might have been overwritten again check whether the booking table has business in it",
        "ts": "1495602274.400707"
    },
    {
        "type": "message",
        "user": "U4DPU1SNB",
        "text": "Looks like it does",
        "ts": "1495602356.409140"
    },
    {
        "type": "message",
        "subtype": "file_share",
        "text": "<@U4DPU1SNB|jasmine> uploaded a file: <https:\/\/septsem12017.slack.com\/files\/jasmine\/F5H2E4Q1Z\/-.txt|Untitled>",
        "file": {
            "id": "F5H2E4Q1Z",
            "created": 1495602366,
            "timestamp": 1495602366,
            "name": "-.txt",
            "title": "Untitled",
            "mimetype": "text\/plain",
            "filetype": "text",
            "pretty_type": "Plain Text",
            "user": "U4DPU1SNB",
            "editable": true,
            "size": 628,
            "mode": "snippet",
            "is_external": false,
            "external_type": "",
            "is_public": true,
            "public_url_shared": false,
            "display_as_bot": false,
            "username": "",
            "url_private": "https:\/\/files.slack.com\/files-pri\/T4AQZCLH2-F5H2E4Q1Z\/-.txt?t=xoxe-146849428580-189841166806-189859908471-e99662fdd6",
            "url_private_download": "https:\/\/files.slack.com\/files-pri\/T4AQZCLH2-F5H2E4Q1Z\/download\/-.txt?t=xoxe-146849428580-189841166806-189859908471-e99662fdd6",
            "permalink": "https:\/\/septsem12017.slack.com\/files\/jasmine\/F5H2E4Q1Z\/-.txt",
            "permalink_public": "https:\/\/slack-files.com\/T4AQZCLH2-F5H2E4Q1Z-d2d7f7f1bf",
            "edit_link": "https:\/\/septsem12017.slack.com\/files\/jasmine\/F5H2E4Q1Z\/-.txt\/edit",
            "preview": "\/\/ Booking\r\n\t\t\tsql = \"CREATE TABLE Booking(Business TEXT NOT NULL, Date TEXT NOT NULL, \" \r\n\t\t\t      + \"StartTime TEXT NOT NULL, Id INTEGER,\"\r\n\t\t\t\t\t+ \"FinishTime TEXT NOT NULL, \" + \"EmployeeEmail TEXT NOT NULL, \" \r\n\t\t\t      + \"Username TEXT, \" + \"Type TEXT, \"\r",
            "preview_highlight": "<div class=\"CodeMirror cm-s-default CodeMirrorServer\" oncopy=\"if(event.clipboardData){event.clipboardData.setData('text\/plain',window.getSelection().toString().replace(\/\\u200b\/g,''));event.preventDefault();event.stopPropagation();}\">\n<div class=\"CodeMirror-code\">\n<div><pre>\/\/ Booking<\/pre><\/div>\n<div><pre>            sql = &quot;CREATE TABLE Booking(Business TEXT NOT NULL, Date TEXT NOT NULL, &quot; <\/pre><\/div>\n<div><pre>                  + &quot;StartTime TEXT NOT NULL, Id INTEGER,&quot;<\/pre><\/div>\n<div><pre>                    + &quot;FinishTime TEXT NOT NULL, &quot; + &quot;EmployeeEmail TEXT NOT NULL, &quot; <\/pre><\/div>\n<div><pre>                  + &quot;Username TEXT, &quot; + &quot;Type TEXT, &quot;<\/pre><\/div>\n<div><pre><\/pre><\/div>\n<\/div>\n<\/div>\n",
            "lines": 12,
            "lines_more": 7,
            "preview_is_truncated": false,
            "channels": [
                "C4BDL1N5U"
            ],
            "groups": [],
            "ims": [],
            "comments_count": 0
        },
        "user": "U4DPU1SNB",
        "upload": true,
        "display_as_bot": false,
        "username": "jasmine",
        "bot_id": null,
        "ts": "1495602366.410223"
    },
    {
        "type": "message",
        "user": "U4A27FREU",
        "text": "Does setUser() attempt to set the business?",
        "ts": "1495602410.414572"
    },
    {
        "type": "message",
        "user": "U4CD3EY4R",
        "text": "<@U4A27FREU> Not sure, will have to have a look.",
        "ts": "1495602526.426386"
    },
    {
        "type": "message",
        "user": "U4DPU1SNB",
        "text": "You mean setUser in booking model?",
        "ts": "1495602530.426728"
    },
    {
        "type": "message",
        "user": "U4CD3EY4R",
        "text": "that merge didnt have any conflicts, its possible that one line wasn’t deleted as it should have been?",
        "ts": "1495602546.428383"
    },
    {
        "type": "message",
        "subtype": "file_share",
        "text": "<@U4DPU1SNB|jasmine> uploaded a file: <https:\/\/septsem12017.slack.com\/files\/jasmine\/F5H4KU0JE\/-.txt|Untitled> and commented: from booking model",
        "file": {
            "id": "F5H4KU0JE",
            "created": 1495602578,
            "timestamp": 1495602578,
            "name": "-.txt",
            "title": "Untitled",
            "mimetype": "text\/plain",
            "filetype": "text",
            "pretty_type": "Plain Text",
            "user": "U4DPU1SNB",
            "editable": true,
            "size": 81,
            "mode": "snippet",
            "is_external": false,
            "external_type": "",
            "is_public": true,
            "public_url_shared": false,
            "display_as_bot": false,
            "username": "",
            "url_private": "https:\/\/files.slack.com\/files-pri\/T4AQZCLH2-F5H4KU0JE\/-.txt?t=xoxe-146849428580-189841166806-189859908471-e99662fdd6",
            "url_private_download": "https:\/\/files.slack.com\/files-pri\/T4AQZCLH2-F5H4KU0JE\/download\/-.txt?t=xoxe-146849428580-189841166806-189859908471-e99662fdd6",
            "permalink": "https:\/\/septsem12017.slack.com\/files\/jasmine\/F5H4KU0JE\/-.txt",
            "permalink_public": "https:\/\/slack-files.com\/T4AQZCLH2-F5H4KU0JE-d29faa3f0d",
            "edit_link": "https:\/\/septsem12017.slack.com\/files\/jasmine\/F5H4KU0JE\/-.txt\/edit",
            "preview": "public Boolean setUser(String uname){\r\n\t   this.user=uname;\r\n\t   return true;\r\n\t}",
            "preview_highlight": "<div class=\"CodeMirror cm-s-default CodeMirrorServer\" oncopy=\"if(event.clipboardData){event.clipboardData.setData('text\/plain',window.getSelection().toString().replace(\/\\u200b\/g,''));event.preventDefault();event.stopPropagation();}\">\n<div class=\"CodeMirror-code\">\n<div><pre>public Boolean setUser(String uname){<\/pre><\/div>\n<div><pre>       this.user=uname;<\/pre><\/div>\n<div><pre>       return true;<\/pre><\/div>\n<div><pre>    }<\/pre><\/div>\n<\/div>\n<\/div>\n",
            "lines": 4,
            "lines_more": 0,
            "preview_is_truncated": false,
            "channels": [
                "C4BDL1N5U"
            ],
            "groups": [],
            "ims": [],
            "comments_count": 1,
            "initial_comment": {
                "id": "Fc5HUTHABZ",
                "created": 1495602578,
                "timestamp": 1495602578,
                "user": "U4DPU1SNB",
                "is_intro": true,
                "comment": "from booking model"
            }
        },
        "user": "U4DPU1SNB",
        "upload": true,
        "display_as_bot": false,
        "username": "jasmine",
        "bot_id": null,
        "ts": "1495602578.431681"
    },
    {
        "type": "message",
        "user": "U4A27FREU",
        "text": "The one in bookingcontroller might not be the exact name",
        "ts": "1495602616.435788"
    },
    {
        "type": "message",
        "user": "U4A27FREU",
        "text": "It's more likely I screwed up than a git conflict",
        "ts": "1495602654.439669"
    },
    {
        "type": "message",
        "user": "U4A27FREU",
        "text": "Wait what am I talking about it shouldn't need to set business when the user assigns it to themselves",
        "ts": "1495602715.445937"
    },
    {
        "type": "message",
        "user": "U4DPU1SNB",
        "text": "There wasn't an option to choose business",
        "ts": "1495602754.449966"
    },
    {
        "type": "message",
        "user": "U4A27FREU",
        "text": "There shouldn't be it's set when the booking is generated",
        "ts": "1495602796.454220"
    },
    {
        "type": "message",
        "user": "U4DPU1SNB",
        "text": "But how does customer know which business they're selecting?",
        "ts": "1495602851.459764"
    },
    {
        "type": "message",
        "user": "U4A27FREU",
        "text": "We just need to add a field in the view that displays it",
        "ts": "1495602897.464580"
    },
    {
        "type": "message",
        "user": "U4A27FREU",
        "text": "okay to fix add the following line\ndbcont.prepareStatement(sql);\nto BookingController AFTER line 514 (which should be \"sql= \"UPDATE Id SET High=? WHERE High=?;\";\") \nand REPLACE TypeController line 283 with the following\nsql=\"SELECT Spec.Type AS Type, Type.Duration as Duration, Type.Business AS Business FROM Spec INNER JOIN Type ON Spec.Type=Type.Type WHERE EmployeeEmail=?;\";",
        "ts": "1495604390.619999"
    }
]