[
    {
        "type": "message",
        "subtype": "file_share",
        "text": "<@U4DPU1SNB|jasmine> shared a file: <https:\/\/septsem12017.slack.com\/files\/jasmine\/F4NDQ911A\/template|Template.docx>",
        "file": {
            "id": "F4NDQ911A",
            "created": 1490230581,
            "timestamp": 1490230581,
            "name": "Template",
            "title": "Template.docx",
            "mimetype": "application\/vnd.google-apps.document",
            "filetype": "gdoc",
            "pretty_type": "GDocs Document",
            "user": "U4DPU1SNB",
            "editable": false,
            "size": 802,
            "mode": "external",
            "is_external": true,
            "external_type": "gdrive",
            "is_public": true,
            "public_url_shared": false,
            "display_as_bot": false,
            "username": "",
            "url_private": "https:\/\/docs.google.com\/a\/student.rmit.edu.au\/document\/d\/1oANalmQUAKUAtnHmIaD3MeTUdl6xGK4qtubFRiWie6g\/edit?usp=drive_web",
            "thumb_64": "https:\/\/slack.com\/img\/files\/gdoc_64.v.png",
            "thumb_360": "https:\/\/slack.com\/img\/files\/gdoc_360.v.png",
            "thumb_360_w": 360,
            "thumb_360_h": 167,
            "permalink": "https:\/\/septsem12017.slack.com\/files\/jasmine\/F4NDQ911A\/template",
            "channels": [
                "C4BDL1N5U"
            ],
            "groups": [],
            "ims": [],
            "comments_count": 0,
            "has_rich_preview": false
        },
        "user": "U4DPU1SNB",
        "upload": false,
        "display_as_bot": false,
        "username": "jasmine",
        "bot_id": null,
        "ts": "1490230581.395933"
    },
    {
        "type": "message",
        "user": "U4DPU1SNB",
        "text": "So Homy really wants us to use the User story template from blackboard. He doesn't like the typed out one. I went ahead and added a new template to drive.",
        "ts": "1490230594.397645"
    },
    {
        "type": "message",
        "user": "U4CD3EY4R",
        "text": "Essentially the same so not a huge deal",
        "ts": "1490232150.598945"
    },
    {
        "type": "message",
        "user": "U4CC4KN1E",
        "text": "so i got the password confirm working but unrelated im not actually able to get past the registration because it keep catching an SQL exception",
        "ts": "1490236039.055081"
    },
    {
        "type": "message",
        "user": "U4CC4KN1E",
        "text": "is anyone able to give the registration functiona quick test, see if just something wrong with my setup",
        "ts": "1490236063.057465"
    },
    {
        "type": "message",
        "user": "U4CC4KN1E",
        "text": "also somehow im logged into and able to push from my personal account, thats not on the project i thought",
        "ts": "1490236501.107674"
    },
    {
        "type": "message",
        "user": "U4A27FREU",
        "text": "With the changes that were just made I would strongly recommend not using console prints to communicate information given that we already have the GUI in place ",
        "ts": "1490237385.205749"
    },
    {
        "type": "message",
        "user": "U4CC4KN1E",
        "text": "no worries, ill remove them. it was so i could see ones were causing it to be rejected",
        "ts": "1490237420.209748"
    },
    {
        "type": "message",
        "user": "U4CC4KN1E",
        "text": "ah there we gop, im loged into the right account now aswel",
        "ts": "1490237518.220719"
    },
    {
        "type": "message",
        "user": "U4A27FREU",
        "text": "Fixed up the database had to reconfigure the structure on quite a lot but shouldn't flood the database with connections anymore",
        "ts": "1490238740.353499"
    },
    {
        "type": "message",
        "user": "U4DPU1SNB",
        "text": "What tool were we using for wireframes? Just paint?",
        "ts": "1490240575.542665"
    },
    {
        "type": "message",
        "user": "U4CD3EY4R",
        "text": "I used a website but i suppose we could use anything. Use paint if its easy enough then we can edit the files if we need instead of recreating every time",
        "ts": "1490241492.631937"
    },
    {
        "type": "message",
        "user": "U4CD3EY4R",
        "text": "Which function are we next showing homy?",
        "ts": "1490241621.645908"
    },
    {
        "type": "message",
        "user": "U4A27FREU",
        "text": "Add\/edit availability ",
        "ts": "1490241821.667013"
    },
    {
        "type": "message",
        "user": "U4CD3EY4R",
        "text": "Cheers",
        "ts": "1490241829.667851"
    }
]