[
    {
        "type": "message",
        "user": "U4DPU1SNB",
        "text": "I did layout for View Bookings, Make booking, and Login. Let me know if anything needs to be improved\/fixed.",
        "ts": "1493897829.924897"
    },
    {
        "type": "message",
        "user": "U4A27FREU",
        "text": "That's awesome :+1:",
        "ts": "1493897893.936197"
    },
    {
        "type": "message",
        "user": "U4CD3EY4R",
        "text": "So I’ve got some unit tests for the booking, but I need some clarification on whether I’m setting it up correctly.",
        "ts": "1493948204.170755"
    },
    {
        "type": "message",
        "user": "U4A27FREU",
        "text": "No worries we can go over it in the tutorial ",
        "ts": "1493948432.192297"
    },
    {
        "type": "message",
        "user": "U4CD3EY4R",
        "text": "Cool :slightly_smiling_face:",
        "ts": "1493948440.193039"
    },
    {
        "type": "message",
        "user": "U4A27FREU",
        "text": "Were you able to find where the type null reference fix got lost?",
        "ts": "1493948578.205950"
    },
    {
        "type": "message",
        "user": "U4CC4KN1E",
        "text": "I might be late",
        "ts": "1493948769.223883"
    },
    {
        "type": "message",
        "subtype": "file_share",
        "text": "<@U4CC4KN1E|declan> uploaded a file: <https:\/\/septsem12017.slack.com\/files\/declan\/F58FPAVS5\/image_uploaded_from_ios.jpg|Image uploaded from iOS>",
        "file": {
            "id": "F58FPAVS5",
            "created": 1493948783,
            "timestamp": 1493948783,
            "name": "Image uploaded from iOS.jpg",
            "title": "Image uploaded from iOS",
            "mimetype": "image\/jpeg",
            "filetype": "jpg",
            "pretty_type": "JPEG",
            "user": "U4CC4KN1E",
            "editable": false,
            "size": 1114383,
            "mode": "hosted",
            "is_external": false,
            "external_type": "",
            "is_public": true,
            "public_url_shared": false,
            "display_as_bot": false,
            "username": "",
            "url_private": "https:\/\/files.slack.com\/files-pri\/T4AQZCLH2-F58FPAVS5\/image_uploaded_from_ios.jpg?t=xoxe-146849428580-189841166806-189859908471-e99662fdd6",
            "url_private_download": "https:\/\/files.slack.com\/files-pri\/T4AQZCLH2-F58FPAVS5\/download\/image_uploaded_from_ios.jpg?t=xoxe-146849428580-189841166806-189859908471-e99662fdd6",
            "thumb_64": "https:\/\/files.slack.com\/files-tmb\/T4AQZCLH2-F58FPAVS5-8febe85c6f\/image_uploaded_from_ios_64.jpg?t=xoxe-146849428580-189841166806-189859908471-e99662fdd6",
            "thumb_80": "https:\/\/files.slack.com\/files-tmb\/T4AQZCLH2-F58FPAVS5-8febe85c6f\/image_uploaded_from_ios_80.jpg?t=xoxe-146849428580-189841166806-189859908471-e99662fdd6",
            "thumb_360": "https:\/\/files.slack.com\/files-tmb\/T4AQZCLH2-F58FPAVS5-8febe85c6f\/image_uploaded_from_ios_360.jpg?t=xoxe-146849428580-189841166806-189859908471-e99662fdd6",
            "thumb_360_w": 360,
            "thumb_360_h": 270,
            "thumb_480": "https:\/\/files.slack.com\/files-tmb\/T4AQZCLH2-F58FPAVS5-8febe85c6f\/image_uploaded_from_ios_480.jpg?t=xoxe-146849428580-189841166806-189859908471-e99662fdd6",
            "thumb_480_w": 480,
            "thumb_480_h": 360,
            "thumb_160": "https:\/\/files.slack.com\/files-tmb\/T4AQZCLH2-F58FPAVS5-8febe85c6f\/image_uploaded_from_ios_160.jpg?t=xoxe-146849428580-189841166806-189859908471-e99662fdd6",
            "thumb_720": "https:\/\/files.slack.com\/files-tmb\/T4AQZCLH2-F58FPAVS5-8febe85c6f\/image_uploaded_from_ios_720.jpg?t=xoxe-146849428580-189841166806-189859908471-e99662fdd6",
            "thumb_720_w": 720,
            "thumb_720_h": 540,
            "thumb_800": "https:\/\/files.slack.com\/files-tmb\/T4AQZCLH2-F58FPAVS5-8febe85c6f\/image_uploaded_from_ios_800.jpg?t=xoxe-146849428580-189841166806-189859908471-e99662fdd6",
            "thumb_800_w": 800,
            "thumb_800_h": 600,
            "thumb_960": "https:\/\/files.slack.com\/files-tmb\/T4AQZCLH2-F58FPAVS5-8febe85c6f\/image_uploaded_from_ios_960.jpg?t=xoxe-146849428580-189841166806-189859908471-e99662fdd6",
            "thumb_960_w": 960,
            "thumb_960_h": 720,
            "thumb_1024": "https:\/\/files.slack.com\/files-tmb\/T4AQZCLH2-F58FPAVS5-8febe85c6f\/image_uploaded_from_ios_1024.jpg?t=xoxe-146849428580-189841166806-189859908471-e99662fdd6",
            "thumb_1024_w": 1024,
            "thumb_1024_h": 768,
            "image_exif_rotation": 1,
            "original_w": 3264,
            "original_h": 2448,
            "permalink": "https:\/\/septsem12017.slack.com\/files\/declan\/F58FPAVS5\/image_uploaded_from_ios.jpg",
            "permalink_public": "https:\/\/slack-files.com\/T4AQZCLH2-F58FPAVS5-f10b5c5c58",
            "channels": [
                "C4BDL1N5U"
            ],
            "groups": [],
            "ims": [],
            "comments_count": 0
        },
        "user": "U4CC4KN1E",
        "upload": true,
        "display_as_bot": false,
        "username": "declan",
        "bot_id": null,
        "upload_reply_to": "B2E0DC33-7C03-4A01-B87C-7C243D197B17",
        "ts": "1493948789.225762"
    },
    {
        "type": "message",
        "user": "U4CC4KN1E",
        "text": "That trams stuck over both tracks",
        "ts": "1493948804.227057"
    },
    {
        "type": "message",
        "user": "U4A27FREU",
        "text": "Well that hardly seems normal",
        "ts": "1493948823.228942"
    },
    {
        "type": "message",
        "user": "U4DPU1SNB",
        "text": ":joy: ",
        "ts": "1493948848.231170"
    },
    {
        "type": "message",
        "user": "U4CD3EY4R",
        "text": "#multitrackdrifting\n\n\nCOuldn’t find the fix, seems like sqlite3 library has been removed?",
        "ts": "1493948851.231444"
    },
    {
        "type": "message",
        "user": "U4A27FREU",
        "text": "In the new branch I made it is in a different spot",
        "ts": "1493948906.236646"
    },
    {
        "type": "message",
        "user": "U4CD3EY4R",
        "text": "Ah right. Well i think ive borked master then. shouldn’t be too hard to fix the classpath?",
        "ts": "1493949007.246220"
    },
    {
        "type": "message",
        "user": "U4A27FREU",
        "text": "Nah should be fairly easy",
        "ts": "1493949176.262294"
    },
    {
        "type": "message",
        "user": "U4CD3EY4R",
        "text": ":+1:",
        "ts": "1493949364.280065"
    },
    {
        "type": "message",
        "user": "U4CD3EY4R",
        "text": "<@U4A27FREU> did you show me the solution for union or intersection? (Sorry ct related)",
        "ts": "1493963439.445538"
    }
]