[
    {
        "type": "message",
        "user": "U4DPU1SNB",
        "text": "Is business settings just going to be a pop up?",
        "ts": "1494854022.373614"
    },
    {
        "type": "message",
        "user": "U4A27FREU",
        "text": "No it'll be a dashboard item",
        "ts": "1494890195.158346"
    },
    {
        "type": "message",
        "user": "U4CD3EY4R",
        "text": "Where are we meeting?",
        "ts": "1494907302.276003"
    },
    {
        "type": "message",
        "user": "U4CC4KN1E",
        "text": "I'm good to just have a search around 12 again",
        "ts": "1494907335.279571"
    },
    {
        "type": "message",
        "user": "U4CD3EY4R",
        "text": "Fair",
        "ts": "1494907482.295010"
    },
    {
        "type": "message",
        "user": "U4CD3EY4R",
        "text": "Ive got a spot in 12 on level 10",
        "ts": "1494908689.417856"
    },
    {
        "type": "message",
        "user": "U4A27FREU",
        "text": "Be there as soon as my coffee is ready",
        "ts": "1494908786.428060"
    },
    {
        "type": "message",
        "user": "U4A27FREU",
        "text": "Building 10*",
        "ts": "1494909018.450648"
    },
    {
        "type": "message",
        "user": "U4A27FREU",
        "text": "For anyone else looking",
        "ts": "1494909030.451913"
    },
    {
        "type": "message",
        "user": "U4CC4KN1E",
        "text": "Wait level 12 building 10?",
        "ts": "1494909270.476048"
    },
    {
        "type": "message",
        "user": "U4CC4KN1E",
        "text": "I also have a small desk space at that green area, I think I'm at level 8 lol",
        "ts": "1494909311.479994"
    },
    {
        "type": "message",
        "user": "U4DPU1SNB",
        "text": "We have a table",
        "ts": "1494909439.492762"
    },
    {
        "type": "message",
        "user": "U4CC4KN1E",
        "text": "Alrighty, heading up",
        "ts": "1494909454.494280"
    },
    {
        "type": "message",
        "user": "U4CC4KN1E",
        "text": "<https:\/\/app.leantesting.com\/en\/projects\/sept-sem-1-2017-group-2\/23371\/bug-tracker#1>",
        "ts": "1494911228.672934"
    }
]