[
    {
        "type": "message",
        "user": "U4CD3EY4R",
        "text": "Im in the process of abstracting checkValues and validateValues from the two controllers into their own utils.Validator class",
        "ts": "1493437185.890444"
    },
    {
        "type": "message",
        "user": "U4CD3EY4R",
        "text": "So I’d appreciate if we all left those two methods alone for the minute :slightly_smiling_face:",
        "ts": "1493437205.891240"
    },
    {
        "type": "message",
        "user": "U4A27FREU",
        "text": "That's a fantastic idea",
        "ts": "1493439330.981432"
    }
]