[
    {
        "type": "message",
        "user": "U4CD3EY4R",
        "text": "<@U4A27FREU> Hey Thom. Just getting the error: “org.sqlite.SQLiteException: [SQLITE_BUSY]  The database file is locked (database is locked)”\nApparently this is due to having more than one database connection open at the same time. \nQuestion is, how do I close a database connection? Assuming that’s the issue.\nMy feeling is that its done from within the Controller classes. \nIf I add a finally block to AccountController().comparePassword() and a throws SQLException, for example, I can seemingly place a res.close(); statement in the finally block. This leads to other errors.",
        "ts": "1489996976.047678"
    },
    {
        "type": "message",
        "user": "U4A27FREU",
        "text": "Sorry should have cleaned it earlier but it hasn't proved an issue yet both statements and the database connection itself can all be closed by calling .close() on them that should fix it if you put that in",
        "ts": "1489997157.071584"
    },
    {
        "type": "message",
        "user": "U4CD3EY4R",
        "text": "I’ll give it a look and shoot you another message if I can’t figure it out :slightly_smiling_face:",
        "ts": "1489997274.086350"
    },
    {
        "type": "message",
        "user": "U4A27FREU",
        "text": "No worries",
        "ts": "1489997296.089176"
    },
    {
        "type": "message",
        "user": "U4CD3EY4R",
        "text": "Sorry not really sure on what\/where to call the .close() methods. I’ve had a bit of a poke around but I’m struggling a little bit to get my head around how the DB is accessed unfortunately",
        "ts": "1490008773.218441"
    },
    {
        "type": "message",
        "user": "U4A27FREU",
        "text": "Thinking I'll have to restructure it a bit",
        "ts": "1490042286.824615"
    },
    {
        "type": "message",
        "user": "U4DPU1SNB",
        "text": "We meeting in the Carlton library again?",
        "ts": "1490066658.936959"
    },
    {
        "type": "message",
        "user": "U4A27FREU",
        "text": " Yeah I have a booking",
        "ts": "1490066699.941119"
    },
    {
        "type": "message",
        "user": "U4CC4KN1E",
        "text": "I'm omw there now",
        "ts": "1490066766.947453"
    }
]