[
    {
        "type": "message",
        "user": "U4CC4KN1E",
        "text": "Currently the prompt states all the days that were successfully saved, even if they weren't changed. Displaying only the ones that were changed would take quite a bit more",
        "ts": "1491721699.785722"
    },
    {
        "type": "message",
        "user": "U4CC4KN1E",
        "text": "Are we happy with that?",
        "ts": "1491721706.785942"
    },
    {
        "type": "message",
        "user": "U4A27FREU",
        "text": "You could probably just have it say that all availabilities have been saved",
        "ts": "1491721917.792949"
    },
    {
        "type": "message",
        "user": "U4A27FREU",
        "text": "Also who has added any extra attributes or methods to any of the non test java files",
        "ts": "1491721958.794253"
    },
    {
        "type": "message",
        "user": "U4CC4KN1E",
        "text": "True but this wasn't much more effort",
        "ts": "1491721963.794425"
    },
    {
        "type": "message",
        "user": "U4A27FREU",
        "text": "Did you add a new method for it?",
        "ts": "1491722294.804738"
    },
    {
        "type": "message",
        "user": "U4CC4KN1E",
        "text": "Nope, just modified view",
        "ts": "1491722321.805570"
    },
    {
        "type": "message",
        "user": "U4A27FREU",
        "text": "Also who is preparing the submission file and documents ",
        "ts": "1491722326.805749"
    },
    {
        "type": "message",
        "user": "U4A27FREU",
        "text": "Awesome saves altering the class diagram",
        "ts": "1491722348.806375"
    },
    {
        "type": "message",
        "user": "U4DPU1SNB",
        "text": "<https:\/\/trello.com\/c\/FSTnrYwy>",
        "ts": "1491722362.806835"
    },
    {
        "type": "message",
        "user": "U4F72GQLU",
        "text": "",
        "bot_id": "B4FSAFNS3",
        "attachments": [
            {
                "author_name": "Card",
                "callback_id": "callback-idCard:58e70372837ac7c9b4b7c0c6-ts:1491722363515",
                "fallback": "MVC architecture diagram. (<https:\/\/trello.com\/c\/FSTnrYwy>)",
                "text": "In list *Sprint Backlog* on *<https:\/\/trello.com\/b\/koNpRZ0e|Group 2 Booking Site>*\n:clock8: Apr 9  :paperclip: 1  :bust_in_silhouette: Jasmine  ",
                "title": "MVC architecture diagram.",
                "id": 1,
                "title_link": "https:\/\/trello.com\/c\/FSTnrYwy",
                "author_icon": "https:\/\/slack-chat.trello.services\/img\/card-gray-900.png",
                "color": "0079BF",
                "actions": [
                    {
                        "id": "1",
                        "name": "join",
                        "text": "Join",
                        "type": "button",
                        "value": "{\"idCard\":\"58e70372837ac7c9b4b7c0c6\",\"reqBoardMembership\":true}",
                        "style": ""
                    },
                    {
                        "id": "2",
                        "name": "subscribe",
                        "text": "Subscribe",
                        "type": "button",
                        "value": "{\"idCard\":\"58e70372837ac7c9b4b7c0c6\"}",
                        "style": ""
                    },
                    {
                        "id": "3",
                        "name": "due",
                        "text": "Due Date",
                        "type": "button",
                        "value": "{\"idCard\":\"58e70372837ac7c9b4b7c0c6\",\"reqBoardMembership\":true}",
                        "style": ""
                    },
                    {
                        "id": "4",
                        "name": "labels",
                        "text": "Labels",
                        "type": "button",
                        "value": "{\"idCard\":\"58e70372837ac7c9b4b7c0c6\",\"reqBoardMembership\":true}",
                        "style": ""
                    },
                    {
                        "id": "5",
                        "name": "link",
                        "text": "Attach Conversation",
                        "type": "button",
                        "value": "{\"idCard\":\"58e70372837ac7c9b4b7c0c6\",\"reqBoardMembership\":true}",
                        "style": ""
                    }
                ],
                "mrkdwn_in": [
                    "text"
                ]
            }
        ],
        "ts": "1491722363.806847"
    },
    {
        "type": "message",
        "user": "U4DPU1SNB",
        "text": "Hope that is ok",
        "ts": "1491722368.807037"
    },
    {
        "type": "message",
        "user": "U4DPU1SNB",
        "text": "I can submit",
        "ts": "1491722494.811273"
    },
    {
        "type": "message",
        "user": "U4DPU1SNB",
        "text": "We need to make a document showing person's contribution",
        "ts": "1491723263.837340"
    },
    {
        "type": "message",
        "user": "U4DPU1SNB",
        "text": "Also need: a document describing test cases, properly documented (as described in lectures); your submission must also include the status of tests (i.e., passed, being fixed), preferably as a log\/screenshot of a management\/tracking tool (e.e., <http:\/\/leantesting.com|leantesting.com>)",
        "ts": "1491723296.838484"
    },
    {
        "type": "message",
        "user": "U4DPU1SNB",
        "text": "And: HOWTO document covering compiling, installing, running your program. If you are using a database then you must provide scripts to create tables etc (table-creation may be done in your JDBC code)",
        "ts": "1491723314.839228"
    },
    {
        "type": "message",
        "user": "U4CC4KN1E",
        "text": "I've got it so that if all the days are valid it just says all days saved. If not it lists the days that are saved. Also made it so that to indicate no roster set them both to 00:00",
        "ts": "1491723335.840055"
    },
    {
        "type": "message",
        "user": "U4CD3EY4R",
        "text": "alright",
        "ts": "1491723638.850350"
    },
    {
        "type": "message",
        "user": "U4A27FREU",
        "text": "I'll cover the how to document on what to do with the program. After I cook\/eat dinner I will download from the master and prepare the program in executable and source form along with the how to and upload that to Trello ",
        "ts": "1491723661.851164"
    },
    {
        "type": "message",
        "user": "U4DPU1SNB",
        "text": "Ok. I'll add a documentation folder to github with wireframes and user stories (they recommend we do all this on the repo). I already updated the readme to match what they want. I think we're missing some documentation too so I'll work on that as well. Not sure about the test cases document tho. I've been skipping the lectures.",
        "ts": "1491723860.857450"
    },
    {
        "type": "message",
        "user": "U4CD3EY4R",
        "text": "Yea haha im just going to read through",
        "ts": "1491723935.860135"
    },
    {
        "type": "message",
        "user": "U4CC4KN1E",
        "text": "if we're submitting the repo, maybe i could get all the meeting minutes to pdf's and upload them",
        "edited": {
            "user": "U4CC4KN1E",
            "ts": "1491724088.000000"
        },
        "ts": "1491724080.865005"
    },
    {
        "type": "message",
        "user": "U4DPU1SNB",
        "text": "Yeah it's supposed to be all in one pdf file",
        "ts": "1491724100.865674"
    },
    {
        "type": "message",
        "user": "U4CC4KN1E",
        "text": "ooohh",
        "ts": "1491724106.865848"
    },
    {
        "type": "message",
        "user": "U4CC4KN1E",
        "text": "as in all the documents or the meeting mins?",
        "ts": "1491724113.866032"
    },
    {
        "type": "message",
        "user": "U4A27FREU",
        "text": "Thought we had to submit to the lms link",
        "ts": "1491724132.866619"
    },
    {
        "type": "message",
        "user": "U4DPU1SNB",
        "text": "all the meeting minutes.",
        "ts": "1491724136.866748"
    },
    {
        "type": "message",
        "user": "U4A27FREU",
        "text": "All documents in one PDF homey said on Friday didn't he?",
        "ts": "1491724151.867177"
    },
    {
        "type": "message",
        "user": "U4DPU1SNB",
        "text": "it says on blackboard",
        "ts": "1491724161.867543"
    },
    {
        "type": "message",
        "user": "U4CC4KN1E",
        "text": "ok, ill try at least get all the meeting mins in one",
        "ts": "1491724163.867598"
    },
    {
        "type": "message",
        "user": "U4DPU1SNB",
        "text": "same thing needs to happen w\/ user stories.",
        "ts": "1491724175.867934"
    },
    {
        "type": "message",
        "user": "U4DPU1SNB",
        "text": "but there's a couple of users stories missing. i'll write them up really quick then upload them to github.",
        "ts": "1491724228.869891"
    },
    {
        "type": "message",
        "user": "U4A27FREU",
        "text": "Thanks ",
        "ts": "1491724305.872525"
    },
    {
        "type": "message",
        "user": "U4CC4KN1E",
        "text": "alright minutes are all in one doc. Should i pdf it and put it on the repository or are we combining it with something else?",
        "ts": "1491725343.907769"
    },
    {
        "type": "message",
        "user": "U4DPU1SNB",
        "text": " We can just have a folder called docs and put em all in there maybe?",
        "ts": "1491725412.909889"
    },
    {
        "type": "message",
        "user": "U4CC4KN1E",
        "text": "i agree with that",
        "ts": "1491725428.910604"
    },
    {
        "type": "message",
        "user": "U4CC4KN1E",
        "text": "is the documentation fodler there?",
        "ts": "1491726476.945358"
    },
    {
        "type": "message",
        "user": "U4CC4KN1E",
        "text": "hows everyone going?",
        "edited": {
            "user": "U4CC4KN1E",
            "ts": "1491727885.000000"
        },
        "ts": "1491727860.989456"
    },
    {
        "type": "message",
        "user": "U4DPU1SNB",
        "text": "nope",
        "ts": "1491727860.989463"
    },
    {
        "type": "message",
        "user": "U4CC4KN1E",
        "text": "how close are we to tying this up?",
        "ts": "1491727868.989692"
    },
    {
        "type": "message",
        "user": "U4DPU1SNB",
        "text": "i just got back from running an errand. still have some stuff to do.",
        "ts": "1491727885.990223"
    },
    {
        "type": "message",
        "user": "U4A27FREU",
        "text": "Will upload in just a sec",
        "ts": "1491727885.990229"
    },
    {
        "type": "message",
        "user": "U4CD3EY4R",
        "text": "what about the stuff with leantesting?",
        "ts": "1491728126.998143"
    },
    {
        "type": "message",
        "user": "U4CC4KN1E",
        "text": "i wonder if we can link to this page",
        "ts": "1491728247.002426"
    },
    {
        "type": "message",
        "user": "U4CC4KN1E",
        "text": "<https:\/\/app.leantesting.com\/en\/projects\/sept-sem-1-2017-group-2\/23371\/test-suite>",
        "ts": "1491728251.002559"
    },
    {
        "type": "message",
        "user": "U4CC4KN1E",
        "text": "displays it pretty nicely",
        "ts": "1491728267.003123"
    },
    {
        "type": "message",
        "user": "U4CD3EY4R",
        "text": "Might be able to screenshot",
        "ts": "1491728300.004244"
    },
    {
        "type": "message",
        "user": "U4CC4KN1E",
        "text": "i installed something callled full page screen capture",
        "ts": "1491728450.010142"
    },
    {
        "type": "message",
        "user": "U4CC4KN1E",
        "text": "worked pretty well",
        "ts": "1491728454.010318"
    },
    {
        "type": "message",
        "subtype": "file_share",
        "text": "<@U4CC4KN1E|declan> uploaded a file: <https:\/\/septsem12017.slack.com\/files\/declan\/F4WHK0L0K\/screencapture-app-leantesting-en-projects-sept-sem-1-2017-group-2-23371-test-suite-1491728435590.png|Testing Screen cap>",
        "file": {
            "id": "F4WHK0L0K",
            "created": 1491728508,
            "timestamp": 1491728508,
            "name": "screencapture-app-leantesting-en-projects-sept-sem-1-2017-group-2-23371-test-suite-1491728435590.png",
            "title": "Testing Screen cap",
            "mimetype": "image\/png",
            "filetype": "png",
            "pretty_type": "PNG",
            "user": "U4CC4KN1E",
            "editable": false,
            "size": 388165,
            "mode": "hosted",
            "is_external": false,
            "external_type": "",
            "is_public": true,
            "public_url_shared": false,
            "display_as_bot": false,
            "username": "",
            "url_private": "https:\/\/files.slack.com\/files-pri\/T4AQZCLH2-F4WHK0L0K\/screencapture-app-leantesting-en-projects-sept-sem-1-2017-group-2-23371-test-suite-1491728435590.png?t=xoxe-146849428580-189841166806-189859908471-e99662fdd6",
            "url_private_download": "https:\/\/files.slack.com\/files-pri\/T4AQZCLH2-F4WHK0L0K\/download\/screencapture-app-leantesting-en-projects-sept-sem-1-2017-group-2-23371-test-suite-1491728435590.png?t=xoxe-146849428580-189841166806-189859908471-e99662fdd6",
            "thumb_64": "https:\/\/files.slack.com\/files-tmb\/T4AQZCLH2-F4WHK0L0K-3dbb555f3a\/screencapture-app-leantesting-en-projects-sept-sem-1-2017-group-2-23371-test-suite-1491728435590_64.png?t=xoxe-146849428580-189841166806-189859908471-e99662fdd6",
            "thumb_80": "https:\/\/files.slack.com\/files-tmb\/T4AQZCLH2-F4WHK0L0K-3dbb555f3a\/screencapture-app-leantesting-en-projects-sept-sem-1-2017-group-2-23371-test-suite-1491728435590_80.png?t=xoxe-146849428580-189841166806-189859908471-e99662fdd6",
            "thumb_360": "https:\/\/files.slack.com\/files-tmb\/T4AQZCLH2-F4WHK0L0K-3dbb555f3a\/screencapture-app-leantesting-en-projects-sept-sem-1-2017-group-2-23371-test-suite-1491728435590_360.png?t=xoxe-146849428580-189841166806-189859908471-e99662fdd6",
            "thumb_360_w": 119,
            "thumb_360_h": 360,
            "thumb_480": "https:\/\/files.slack.com\/files-tmb\/T4AQZCLH2-F4WHK0L0K-3dbb555f3a\/screencapture-app-leantesting-en-projects-sept-sem-1-2017-group-2-23371-test-suite-1491728435590_480.png?t=xoxe-146849428580-189841166806-189859908471-e99662fdd6",
            "thumb_480_w": 159,
            "thumb_480_h": 480,
            "thumb_160": "https:\/\/files.slack.com\/files-tmb\/T4AQZCLH2-F4WHK0L0K-3dbb555f3a\/screencapture-app-leantesting-en-projects-sept-sem-1-2017-group-2-23371-test-suite-1491728435590_160.png?t=xoxe-146849428580-189841166806-189859908471-e99662fdd6",
            "thumb_720": "https:\/\/files.slack.com\/files-tmb\/T4AQZCLH2-F4WHK0L0K-3dbb555f3a\/screencapture-app-leantesting-en-projects-sept-sem-1-2017-group-2-23371-test-suite-1491728435590_720.png?t=xoxe-146849428580-189841166806-189859908471-e99662fdd6",
            "thumb_720_w": 238,
            "thumb_720_h": 720,
            "thumb_800": "https:\/\/files.slack.com\/files-tmb\/T4AQZCLH2-F4WHK0L0K-3dbb555f3a\/screencapture-app-leantesting-en-projects-sept-sem-1-2017-group-2-23371-test-suite-1491728435590_800.png?t=xoxe-146849428580-189841166806-189859908471-e99662fdd6",
            "thumb_800_w": 265,
            "thumb_800_h": 800,
            "thumb_960": "https:\/\/files.slack.com\/files-tmb\/T4AQZCLH2-F4WHK0L0K-3dbb555f3a\/screencapture-app-leantesting-en-projects-sept-sem-1-2017-group-2-23371-test-suite-1491728435590_960.png?t=xoxe-146849428580-189841166806-189859908471-e99662fdd6",
            "thumb_960_w": 318,
            "thumb_960_h": 960,
            "thumb_1024": "https:\/\/files.slack.com\/files-tmb\/T4AQZCLH2-F4WHK0L0K-3dbb555f3a\/screencapture-app-leantesting-en-projects-sept-sem-1-2017-group-2-23371-test-suite-1491728435590_1024.png?t=xoxe-146849428580-189841166806-189859908471-e99662fdd6",
            "thumb_1024_w": 339,
            "thumb_1024_h": 1024,
            "image_exif_rotation": 1,
            "original_w": 1109,
            "original_h": 3349,
            "permalink": "https:\/\/septsem12017.slack.com\/files\/declan\/F4WHK0L0K\/screencapture-app-leantesting-en-projects-sept-sem-1-2017-group-2-23371-test-suite-1491728435590.png",
            "permalink_public": "https:\/\/slack-files.com\/T4AQZCLH2-F4WHK0L0K-aabe853845",
            "channels": [
                "C4BDL1N5U"
            ],
            "groups": [],
            "ims": [],
            "comments_count": 0
        },
        "user": "U4CC4KN1E",
        "upload": true,
        "display_as_bot": false,
        "username": "declan",
        "bot_id": null,
        "ts": "1491728511.012568"
    },
    {
        "type": "message",
        "user": "U4CC4KN1E",
        "text": "just gotta trim of those side pieces",
        "ts": "1491728527.013058"
    },
    {
        "type": "message",
        "user": "U4CC4KN1E",
        "text": "might not be as much details as we need though",
        "ts": "1491728560.014281"
    },
    {
        "type": "message",
        "user": "U4A27FREU",
        "text": "shared the prepared program file with everyone on google drive contains the source files as well as 2 runnable versions one that clears the db and one that doesnt",
        "ts": "1491728788.022467"
    },
    {
        "type": "message",
        "user": "U4DPU1SNB",
        "text": "I'm getting an error in RosterTest",
        "ts": "1491728812.023216"
    },
    {
        "type": "message",
        "user": "U4DPU1SNB",
        "text": "`assertNotNull(avcont.getAvailability(today, email));`",
        "ts": "1491728897.026018"
    },
    {
        "type": "message",
        "user": "U4DPU1SNB",
        "text": "I think should be `assertNotNull(avcont.getAvailabilityString(today, email));`",
        "ts": "1491728909.026500"
    },
    {
        "type": "message",
        "user": "U4A27FREU",
        "text": "yeah it should be '.getAvailabilityString()' i fixed that in the file i uploaded",
        "ts": "1491728917.026763"
    },
    {
        "type": "message",
        "user": "U4CD3EY4R",
        "text": "yea it changed between when i first created the test and master being updated",
        "ts": "1491729025.030373"
    },
    {
        "type": "message",
        "user": "U4CC4KN1E",
        "text": "just gave it a few tests all it looking good",
        "ts": "1491729115.033643"
    },
    {
        "type": "message",
        "user": "U4CC4KN1E",
        "text": "but its not the most recent version",
        "ts": "1491729124.033931"
    },
    {
        "type": "message",
        "user": "U4CC4KN1E",
        "text": "was it much trouble to export?",
        "ts": "1491729138.034467"
    },
    {
        "type": "message",
        "user": "U4A27FREU",
        "text": "I just downloaded it then though",
        "ts": "1491729160.035131"
    },
    {
        "type": "message",
        "user": "U4DPU1SNB",
        "text": "View Availabilities button doesn't do anything.",
        "ts": "1491729161.035164"
    },
    {
        "type": "message",
        "user": "U4A27FREU",
        "text": "It shouldn't ",
        "ts": "1491729173.035498"
    },
    {
        "type": "message",
        "user": "U4A27FREU",
        "text": "Pretty easy once I fixed the CSS paths on a few view files",
        "ts": "1491729243.037802"
    },
    {
        "type": "message",
        "user": "U4CC4KN1E",
        "text": "yeah it doesnt have my changed to edit roster\/availabilities",
        "ts": "1491729369.041976"
    },
    {
        "type": "message",
        "user": "U4CC4KN1E",
        "text": "but lets take this time to make sure that everything in the code is in order",
        "ts": "1491729384.042576"
    },
    {
        "type": "message",
        "user": "U4A27FREU",
        "text": "Damnit ",
        "ts": "1491729394.042907"
    },
    {
        "type": "message",
        "user": "U4CC4KN1E",
        "text": "like just fising that testing thing for presentaion sake",
        "ts": "1491729398.043001"
    },
    {
        "type": "message",
        "user": "U4CC4KN1E",
        "text": "*fixing",
        "ts": "1491729402.043207"
    },
    {
        "type": "message",
        "user": "U4CD3EY4R",
        "text": "as in the git repo is missing some of your changes",
        "ts": "1491729408.043401"
    },
    {
        "type": "message",
        "user": "U4CD3EY4R",
        "text": "?",
        "ts": "1491729410.043445"
    },
    {
        "type": "message",
        "user": "U4CC4KN1E",
        "text": "no i just pulled and it has the changes",
        "edited": {
            "user": "U4CC4KN1E",
            "ts": "1491729440.000000"
        },
        "ts": "1491729425.043883"
    },
    {
        "type": "message",
        "user": "U4CC4KN1E",
        "text": "but the executable didnt",
        "ts": "1491729430.044039"
    },
    {
        "type": "message",
        "user": "U4CD3EY4R",
        "text": "Oh right",
        "ts": "1491729435.044161"
    },
    {
        "type": "message",
        "user": "U4A27FREU",
        "text": "Is it in the master mine said last upload was jasmine a few hours ago",
        "ts": "1491729477.045457"
    },
    {
        "type": "message",
        "user": "U4CD3EY4R",
        "text": "Yea that should be right. I just pushed some change i had forgotten to push regarding the getAvailabilityString in RosterTest but there were no conflicts so im not sure how much if anything that would change",
        "ts": "1491729566.048419"
    },
    {
        "type": "message",
        "user": "U4A27FREU",
        "text": "Yeah I had to make a few changes to get it to work. Is there anything anyone is working on that hasn't been pushed in only going to do it one more time",
        "ts": "1491729634.050736"
    },
    {
        "type": "message",
        "user": "U4CD3EY4R",
        "text": "I’ve pushed all my changes as of now.",
        "ts": "1491729652.051350"
    },
    {
        "type": "message",
        "user": "U4CC4KN1E",
        "text": "give it a test run and just check the edit availabilties page to make sure it has the",
        "ts": "1491729680.052359"
    },
    {
        "type": "message",
        "user": "U4CC4KN1E",
        "text": "\"To indicate no roster for a given day, set boths times to 00:00\"",
        "ts": "1491729693.052777"
    },
    {
        "type": "message",
        "user": "U4CC4KN1E",
        "text": "text",
        "ts": "1491729695.052870"
    },
    {
        "type": "message",
        "user": "U4CC4KN1E",
        "text": "if it does, then im all good as well",
        "ts": "1491729710.053309"
    },
    {
        "type": "message",
        "user": "U4CD3EY4R",
        "text": "Im not really sure how they want tests documented, though.",
        "ts": "1491729749.054567"
    },
    {
        "type": "message",
        "user": "U4CC4KN1E",
        "text": "i just pulled again and it should be all good",
        "edited": {
            "user": "U4CC4KN1E",
            "ts": "1491729767.000000"
        },
        "ts": "1491729758.054916"
    },
    {
        "type": "message",
        "user": "U4A27FREU",
        "text": "new program file is uploading now should be done in 2 minutes",
        "ts": "1491730042.064558"
    },
    {
        "type": "message",
        "user": "U4A27FREU",
        "text": "done link to the folder is on the trello board on a card called submission files under resources",
        "ts": "1491730249.071199"
    },
    {
        "type": "message",
        "user": "U4CC4KN1E",
        "text": "im gonna go cook some dinner, ill have my phone on me",
        "ts": "1491730282.072565"
    },
    {
        "type": "message",
        "user": "U4CD3EY4R",
        "text": "So does the zip on trello include our trello board and and activity list from trello?",
        "ts": "1491731977.128033"
    },
    {
        "type": "message",
        "user": "U4A27FREU",
        "text": "The one I uploaded is just the program itself no document (apart from the howto)",
        "ts": "1491732106.133621"
    },
    {
        "type": "message",
        "user": "U4DPU1SNB",
        "text": "Like all the files?",
        "ts": "1491732377.143206"
    },
    {
        "type": "message",
        "user": "U4A27FREU",
        "text": "Yeah as well as compiled versions",
        "ts": "1491732423.144734"
    },
    {
        "type": "message",
        "user": "U4CD3EY4R",
        "text": "Yea. It says we need to export our trello board as a pdf, and our activity list as a text doc. I’ve downloaded both and can upload them somewhere or just add them to our git repo",
        "ts": "1491732453.145739"
    },
    {
        "type": "message",
        "user": "U4DPU1SNB",
        "text": "Add them to git repo. From what I can tell they want everything in the git repo",
        "ts": "1491732480.146651"
    },
    {
        "type": "message",
        "user": "U4CD3EY4R",
        "text": "We also need a peer assessment so we can just do a google doc for that?",
        "ts": "1491732500.147298"
    },
    {
        "type": "message",
        "user": "U4A27FREU",
        "text": "Just have to put roles and % contributions for each member don't we ",
        "ts": "1491732696.153979"
    },
    {
        "type": "message",
        "user": "U4CD3EY4R",
        "text": "I would think so and a brief description of what everyone did.",
        "ts": "1491732715.154564"
    },
    {
        "type": "message",
        "user": "U4DPU1SNB",
        "text": "<@U4A27FREU> can you add your class diagram to documents file?",
        "ts": "1491732788.157005"
    },
    {
        "type": "message",
        "user": "U4DPU1SNB",
        "text": "need slack log too",
        "ts": "1491732831.158539"
    },
    {
        "type": "message",
        "user": "U4A27FREU",
        "text": "Their both on the Trello board comp is updating ATM sorry",
        "ts": "1491732934.161930"
    },
    {
        "type": "message",
        "user": "U4CD3EY4R",
        "text": "Np. We can just try to make the contribution doc in the meantime? apparently we lose 10% if we dont have it",
        "ts": "1491732988.163771"
    },
    {
        "type": "message",
        "user": "U4DPU1SNB",
        "text": "made a document on the drive",
        "ts": "1491733109.167766"
    },
    {
        "type": "message",
        "user": "U4CD3EY4R",
        "text": "Cool",
        "ts": "1491733118.168017"
    },
    {
        "type": "message",
        "user": "U4CD3EY4R",
        "text": "Can you link it? I can’t see it.",
        "ts": "1491733159.169388"
    },
    {
        "type": "message",
        "user": "U4DPU1SNB",
        "text": "<https:\/\/drive.google.com\/open?id=1r1Lj4FB9zJ7Zj1LDiLuNNMH0BanYttDm8jHIbLk_xgo>",
        "ts": "1491733197.170653"
    },
    {
        "type": "message",
        "user": "U4CD3EY4R",
        "text": "Thanks'",
        "ts": "1491733250.172670"
    },
    {
        "type": "message",
        "user": "U4DPU1SNB",
        "text": "np. having dinner now be back soon",
        "ts": "1491733412.178403"
    },
    {
        "type": "message",
        "user": "U4CD3EY4R",
        "text": "We have to have it add to 100% as well",
        "ts": "1491733667.187129"
    },
    {
        "type": "message",
        "user": "U4DPU1SNB",
        "text": "idk what to put. thomas did the most work so?",
        "ts": "1491733931.196626"
    },
    {
        "type": "message",
        "user": "U4CD3EY4R",
        "text": "Yea me neither haha. He’s going to have like 20 things and we each will have a few. I think we just come to an agreement as for how much % each?",
        "ts": "1491733978.198043"
    },
    {
        "type": "message",
        "user": "U4DPU1SNB",
        "text": "the edit availability doesn't match what's there at all. doesn't matter right?",
        "ts": "1491734288.208542"
    },
    {
        "type": "message",
        "user": "U4DPU1SNB",
        "text": "*edit availability wireframe",
        "ts": "1491734297.208869"
    },
    {
        "type": "message",
        "user": "U4CC4KN1E",
        "text": "oh yaer, make a point to say there was two versions",
        "ts": "1491734309.209332"
    },
    {
        "type": "message",
        "user": "U4DPU1SNB",
        "text": "is there a second wireframe for that?",
        "ts": "1491734331.210008"
    },
    {
        "type": "message",
        "user": "U4A27FREU",
        "text": "Wasn't there a new one?",
        "ts": "1491734335.210155"
    },
    {
        "type": "message",
        "user": "U4CC4KN1E",
        "text": "yep",
        "ts": "1491734341.210380"
    },
    {
        "type": "message",
        "user": "U4CC4KN1E",
        "text": "but the old one should still be in there",
        "ts": "1491734363.211050"
    },
    {
        "type": "message",
        "user": "U4DPU1SNB",
        "text": "can you add new one to trello?",
        "ts": "1491734568.218302"
    },
    {
        "type": "message",
        "user": "U4CC4KN1E",
        "text": "oh thats right",
        "ts": "1491734579.218699"
    },
    {
        "type": "message",
        "user": "U4CC4KN1E",
        "text": "i never uploaded it",
        "ts": "1491734583.218818"
    },
    {
        "type": "message",
        "user": "U4DPU1SNB",
        "text": "i'll put all the wireframes into a pdf",
        "ts": "1491734606.219595"
    },
    {
        "type": "message",
        "user": "U4CC4KN1E",
        "text": "wait nm im wrong",
        "ts": "1491734655.221287"
    },
    {
        "type": "message",
        "user": "U4CC4KN1E",
        "text": "its is there",
        "ts": "1491734657.221381"
    },
    {
        "type": "message",
        "user": "U4CC4KN1E",
        "text": "is there a way i can link to specific cards",
        "ts": "1491734685.222421"
    },
    {
        "type": "message",
        "user": "U4CC4KN1E",
        "text": "its about halfway down week6",
        "ts": "1491734706.223249"
    },
    {
        "type": "message",
        "user": "U4CC4KN1E",
        "text": "called wireframe: view\/edit roster",
        "ts": "1491734718.223696"
    },
    {
        "type": "message",
        "user": "U4CC4KN1E",
        "text": "@rob maybe try expand a bunch more on the junit tests, they took a while didnt they?",
        "ts": "1491734774.225918"
    },
    {
        "type": "message",
        "user": "U4DPU1SNB",
        "text": "ah i see it now",
        "ts": "1491734801.226853"
    },
    {
        "type": "message",
        "user": "U4DPU1SNB",
        "text": "i'm assuming we should include all the wireframes we made, not just the ones we ended up implementing?",
        "ts": "1491734930.231199"
    },
    {
        "type": "message",
        "user": "U4CC4KN1E",
        "text": "if thats the case then i do have one to add",
        "ts": "1491734952.231859"
    },
    {
        "type": "message",
        "user": "U4A27FREU",
        "text": "I thought it was just the ones that match the program",
        "ts": "1491734988.233007"
    },
    {
        "type": "message",
        "user": "U4DPU1SNB",
        "text": "ok",
        "ts": "1491735386.247105"
    },
    {
        "type": "message",
        "user": "U4DPU1SNB",
        "text": "let's put the percent thing in ow",
        "ts": "1491735591.254625"
    },
    {
        "type": "message",
        "user": "U4CC4KN1E",
        "text": "so what are we thinking, we can kinda agree that tom garners at least like 30",
        "ts": "1491735661.257936"
    },
    {
        "type": "message",
        "user": "U4CC4KN1E",
        "text": "easily more",
        "ts": "1491735668.258330"
    },
    {
        "type": "message",
        "user": "U4DPU1SNB",
        "text": "idk <@U4A27FREU> what do you think?",
        "ts": "1491735693.259463"
    },
    {
        "type": "message",
        "user": "U4CC4KN1E",
        "text": "yeah you kinda have the best vision of the scope of the work of the project as a whole or at least its functional elemets",
        "ts": "1491735755.261765"
    },
    {
        "type": "message",
        "user": "U4A27FREU",
        "text": "Don't put that pressure on me :stuck_out_tongue:",
        "ts": "1491735923.267904"
    },
    {
        "type": "message",
        "user": "U4CC4KN1E",
        "text": "ok well ill put some numbers down, tell me what you guys think",
        "ts": "1491736039.271924"
    },
    {
        "type": "message",
        "user": "U4CC4KN1E",
        "text": "35 for tom, the rest of us min 20 and split the 5 how we see fit",
        "ts": "1491736082.273348"
    },
    {
        "type": "message",
        "user": "U4DPU1SNB",
        "text": "i would say 20% for me if that's the min lol",
        "ts": "1491736181.276609"
    },
    {
        "type": "message",
        "user": "U4DPU1SNB",
        "text": "uhh so that would leave 22.5% for declan and rob?",
        "ts": "1491736419.285398"
    },
    {
        "type": "message",
        "user": "U4CC4KN1E",
        "text": "well if might be safe to say, we dont feel like we've done that much when considering the whole project and its pretty hard to guage base don each other&gt;\nSo the options are:\n34, 22, 22, 22\nor\n37, 21, 21, 21",
        "ts": "1491736457.286656"
    },
    {
        "type": "message",
        "user": "U4A27FREU",
        "text": "37 is too much for me",
        "ts": "1491736514.288755"
    },
    {
        "type": "message",
        "user": "U4DPU1SNB",
        "text": "so 34 is ok?",
        "ts": "1491736539.289605"
    },
    {
        "type": "message",
        "user": "U4DPU1SNB",
        "text": "btw <@U4CD3EY4R> your bit in peer assessment needs some more info",
        "ts": "1491736581.291146"
    },
    {
        "type": "message",
        "user": "U4CD3EY4R",
        "text": "Oh yea sorry i had to do something",
        "ts": "1491736600.291717"
    },
    {
        "type": "message",
        "user": "U4A27FREU",
        "text": "It's a lot i feel bad having more than 25 but 37 is definately too much",
        "ts": "1491736613.292148"
    },
    {
        "type": "message",
        "user": "U4DPU1SNB",
        "text": "i think 34 is a good number. you shouldn't feel bad at all you did more of the coding!",
        "ts": "1491736674.294036"
    },
    {
        "type": "message",
        "user": "U4DPU1SNB",
        "text": "btw i can't seem to export your class diagram on lucid chart. i think only you can.",
        "ts": "1491736704.295051"
    },
    {
        "type": "message",
        "user": "U4A27FREU",
        "text": "i just put it on the repo as a pdf along with the slack",
        "ts": "1491736724.295863"
    },
    {
        "type": "message",
        "user": "U4A27FREU",
        "text": "the program is giving me grief though its over the upload limit so ill have to do it the proper way",
        "ts": "1491736769.297276"
    },
    {
        "type": "message",
        "user": "U4CD3EY4R",
        "text": "Ah right",
        "ts": "1491736875.300853"
    },
    {
        "type": "message",
        "user": "U4DPU1SNB",
        "text": "I think we're supposed to invite homy to this slack channel",
        "ts": "1491737210.313035"
    },
    {
        "type": "message",
        "user": "U4DPU1SNB",
        "text": "from bb: \"Include the URL for each of your Github, Trello, and Slack repository\/board\/project and INVITE YOUR TUTOR \/ PRODUCT OWNER as a member if you have not already done so\"",
        "ts": "1491737224.313534"
    },
    {
        "type": "message",
        "user": "U4A27FREU",
        "text": "Is someone else able to upload that program zip to the repo my local repo thinks for some reson that it should delete everything but that file",
        "ts": "1491737232.313766"
    },
    {
        "type": "message",
        "user": "U4A27FREU",
        "text": "i thought i did invite him my bad",
        "ts": "1491737244.314215"
    },
    {
        "type": "message",
        "user": "U4DPU1SNB",
        "text": "i'm making a urls.md file rn",
        "ts": "1491737266.315001"
    },
    {
        "type": "message",
        "user": "U4A27FREU",
        "text": "sent the invite",
        "ts": "1491737349.317666"
    },
    {
        "type": "message",
        "user": "U4CD3EY4R",
        "text": "Do you need me to add the zip?",
        "ts": "1491737416.320080"
    },
    {
        "type": "message",
        "user": "U4CD3EY4R",
        "text": "I can’t seem to figure out what they mean by format for test cases specified on the lecture slides",
        "ts": "1491737478.322730"
    },
    {
        "type": "message",
        "user": "U4A27FREU",
        "text": "Yeah I can't do it without overwriting heaps of things sadly",
        "ts": "1491737557.325626"
    },
    {
        "type": "message",
        "user": "U4DPU1SNB",
        "text": "peer assessment is done?",
        "ts": "1491737590.326806"
    },
    {
        "type": "message",
        "user": "U4CD3EY4R",
        "text": "I think so.",
        "ts": "1491737650.328836"
    },
    {
        "type": "message",
        "user": "U4CD3EY4R",
        "text": "Do we need a ‘role’?",
        "ts": "1491737680.329779"
    },
    {
        "type": "message",
        "user": "U4A27FREU",
        "text": "Probably only for the Scrum master",
        "ts": "1491737730.331538"
    },
    {
        "type": "message",
        "user": "U4DPU1SNB",
        "text": "I think we should put roles actually..",
        "ts": "1491737753.332319"
    },
    {
        "type": "message",
        "user": "U4DPU1SNB",
        "text": "rob you'd be tester \/ developer",
        "ts": "1491737763.332696"
    },
    {
        "type": "message",
        "user": "U4CD3EY4R",
        "text": "Yea im not sure what else we should put",
        "ts": "1491737767.332832"
    },
    {
        "type": "message",
        "user": "U4CD3EY4R",
        "text": "oh yea if we mean like that sure",
        "ts": "1491737785.333712"
    },
    {
        "type": "message",
        "user": "U4DPU1SNB",
        "text": "looks good?",
        "ts": "1491737935.338922"
    },
    {
        "type": "message",
        "user": "U4DPU1SNB",
        "text": "<@U4CC4KN1E>?",
        "ts": "1491737971.340327"
    },
    {
        "type": "message",
        "user": "U4A27FREU",
        "text": ":+1:",
        "ts": "1491737988.340872"
    },
    {
        "type": "message",
        "user": "U4CC4KN1E",
        "text": "im pretty happy with everything at this point",
        "ts": "1491738017.341948"
    },
    {
        "type": "message",
        "user": "U4CC4KN1E",
        "text": "assumign we havent missed any documents",
        "ts": "1491738029.342445"
    },
    {
        "type": "message",
        "user": "U4DPU1SNB",
        "text": "i think how to document should go in documents folder",
        "ts": "1491738144.346441"
    },
    {
        "type": "message",
        "user": "U4DPU1SNB",
        "text": "or maybe in root folder",
        "ts": "1491738170.347274"
    },
    {
        "type": "message",
        "user": "U4DPU1SNB",
        "text": "supposed to invite homy on github as well",
        "ts": "1491738228.349239"
    },
    {
        "type": "message",
        "user": "U4A27FREU",
        "text": "I just put it there because the only things it refers to are in immediate sub directories ",
        "ts": "1491738230.349312"
    },
    {
        "type": "message",
        "user": "U4A27FREU",
        "text": "Already invited him",
        "ts": "1491738244.349809"
    },
    {
        "type": "message",
        "user": "U4DPU1SNB",
        "text": "so wait is there anything in that zip file that isn't in the repo?",
        "ts": "1491738262.350437"
    },
    {
        "type": "message",
        "user": "U4DPU1SNB",
        "text": "ok i see what's in it",
        "ts": "1491738354.353885"
    },
    {
        "type": "message",
        "user": "U4DPU1SNB",
        "text": "so we should add that zip file to repo?",
        "ts": "1491738360.354069"
    },
    {
        "type": "message",
        "user": "U4CD3EY4R",
        "text": "Program.zip is too big ill manually upload",
        "ts": "1491738360.354074"
    },
    {
        "type": "message",
        "user": "U4DPU1SNB",
        "text": "ok",
        "ts": "1491738368.354368"
    },
    {
        "type": "message",
        "user": "U4A27FREU",
        "text": "Have to do it in a repo",
        "ts": "1491738380.354799"
    },
    {
        "type": "message",
        "user": "U4DPU1SNB",
        "text": "So once that's done I can download repo as zip and submit? I think everything else is there",
        "ts": "1491739024.377326"
    },
    {
        "type": "message",
        "user": "U4A27FREU",
        "text": "Sounds good",
        "ts": "1491739067.378800"
    },
    {
        "type": "message",
        "user": "U4CD3EY4R",
        "text": "Should be on github",
        "ts": "1491739070.378893"
    },
    {
        "type": "message",
        "user": "U4DPU1SNB",
        "text": "don't see it?",
        "ts": "1491739144.381454"
    },
    {
        "type": "message",
        "user": "U4DPU1SNB",
        "text": "ok just the runnable file needs to be added right?",
        "ts": "1491739223.384963"
    },
    {
        "type": "message",
        "user": "U4CD3EY4R",
        "text": "oh haha still uploading",
        "ts": "1491739224.385050"
    },
    {
        "type": "message",
        "user": "U4DPU1SNB",
        "text": "oh ok. lol",
        "ts": "1491739236.385649"
    },
    {
        "type": "message",
        "user": "U4DPU1SNB",
        "text": "now a bunch of files are there twice. can i delete duplicates?",
        "ts": "1491739270.387249"
    },
    {
        "type": "message",
        "user": "U4DPU1SNB",
        "text": "kay eveything looks good? i'll download zip and submit it",
        "ts": "1491739379.391619"
    },
    {
        "type": "message",
        "user": "U4A27FREU",
        "text": "Sounds good thanks",
        "ts": "1491739513.396859"
    },
    {
        "type": "message",
        "user": "U4DPU1SNB",
        "text": "done :slightly_smiling_face:",
        "ts": "1491739709.404234"
    },
    {
        "type": "message",
        "user": "U4A27FREU",
        "text": ":+1:",
        "ts": "1491740605.437684"
    }
]